latitude,longitude,bright_ti4,scan,track,acq_date,acq_time,satellite,instrument,confidence,version,bright_ti5,frp,daynight,source_dataset,brightness,bright_t31,year,month,day,season,lat_band
19.40587,-155.28122,,2.49,1.52,2026-04-23,1422,Aqua,MODIS,100,6.1NRT,,6407.11,Night,MODIS_NRT,503.78,400.07,2026,4,23,Spring,0°-30°N
33.36697,-108.59575,,1.92,1.35,2026-04-24,2240,Aqua,MODIS,100,6.1NRT,,4410.09,Day,MODIS_NRT,504.11,400.07,2026,4,24,Spring,30°N-60°N
19.40179,-155.2749,,2.49,1.52,2026-04-23,1422,Aqua,MODIS,100,6.1NRT,,4231.56,Night,MODIS_NRT,476.61,309.86,2026,4,23,Spring,0°-30°N
19.41486,-155.27211,,2.49,1.52,2026-04-23,1422,Aqua,MODIS,100,6.1NRT,,3550.28,Night,MODIS_NRT,465.93,323.26,2026,4,23,Spring,0°-30°N
19.4049,-155.28903,,1.58,1.24,2026-04-23,1908,Terra,MODIS,94,6.1NRT,,3106.72,Day,MODIS_NRT,499.97,372.23,2026,4,23,Spring,0°-30°N
19.41406,-155.27327,,1.57,1.24,2026-04-23,1908,Terra,MODIS,100,6.1NRT,,3099.83,Day,MODIS_NRT,499.97,345.56,2026,4,23,Spring,0°-30°N
33.37447,-108.60403,,1.92,1.35,2026-04-24,2240,Aqua,MODIS,100,6.1NRT,,2834.05,Day,MODIS_NRT,475.41,333.5,2026,4,24,Spring,30°N-60°N
19.40625,-155.29762,,2.48,1.52,2026-04-23,1422,Aqua,MODIS,100,6.1NRT,,2802.02,Night,MODIS_NRT,452.71,299.23,2026,4,23,Spring,0°-30°N
33.37642,-108.58322,,1.93,1.36,2026-04-24,2240,Aqua,MODIS,100,6.1NRT,,2160.39,Day,MODIS_NRT,459.12,310.82,2026,4,24,Spring,30°N-60°N
19.41939,-155.29538,,2.48,1.52,2026-04-23,1422,Aqua,MODIS,100,6.1NRT,,2145.25,Night,MODIS_NRT,438.25,302.94,2026,4,23,Spring,0°-30°N
19.41574,-155.28738,,1.58,1.24,2026-04-23,1908,Terra,MODIS,100,6.1NRT,,1599.07,Day,MODIS_NRT,458.71,340.26,2026,4,23,Spring,0°-30°N
33.3626,-108.60316,,1.92,1.35,2026-04-24,2240,Aqua,MODIS,100,6.1NRT,,1497.99,Day,MODIS_NRT,439.69,328.45,2026,4,24,Spring,30°N-60°N
22.61659,93.19483,,1.03,1.01,2026-04-23,850,Aqua,MODIS,100,6.1NRT,,1440.82,Day,MODIS_NRT,490.3,400.07,2026,4,23,Spring,0°-30°N
33.36493,-108.61628,,1.91,1.35,2026-04-24,2240,Aqua,MODIS,100,6.1NRT,,1375.5,Day,MODIS_NRT,435.33,324.83,2026,4,24,Spring,30°N-60°N
19.41018,-155.30414,,2.48,1.52,2026-04-23,1422,Aqua,MODIS,100,6.1NRT,,1344.31,Night,MODIS_NRT,415.37,289.99,2026,4,23,Spring,0°-30°N
-42.89363,146.91228,367.0,0.6,0.53,2026-04-21,328,N21,VIIRS,l,2.0NRT,357.84,1307.88,Day,VIIRS_NOAA21_NRT,,,2026,4,21,Spring,60°S-30°S
10.23466,-13.61571,,1.24,1.11,2026-04-22,1620,Aqua,MODIS,100,6.1NRT,,1193.81,Day,MODIS_NRT,461.94,317.72,2026,4,22,Spring,0°-30°N
26.27494,-80.56006,,1.4,1.17,2026-04-21,2042,Aqua,MODIS,100,6.1NRT,,1162.19,Day,MODIS_NRT,450.3,320.14,2026,4,21,Spring,0°-30°N
-33.9263,120.53963,,1.26,1.11,2026-04-22,754,Aqua,MODIS,94,6.1NRT,,1095.03,Day,MODIS_NRT,455.32,335.31,2026,4,22,Spring,60°S-30°S
11.13842,-13.67126,,1.27,1.12,2026-04-22,1620,Aqua,MODIS,100,6.1NRT,,1083.41,Day,MODIS_NRT,455.05,319.0,2026,4,22,Spring,0°-30°N
11.2944,-13.50395,367.0,0.48,0.65,2026-04-23,1457,N21,VIIRS,h,2.0NRT,294.05,1076.99,Day,VIIRS_NOAA21_NRT,,,2026,4,23,Spring,0°-30°N
11.28801,-13.50747,367.0,0.48,0.65,2026-04-23,1457,N21,VIIRS,l,2.0NRT,358.2,1076.99,Day,VIIRS_NOAA21_NRT,,,2026,4,23,Spring,0°-30°N
19.41898,-155.27867,,2.49,1.52,2026-04-23,1422,Aqua,MODIS,100,6.1NRT,,1003.33,Night,MODIS_NRT,402.26,303.29,2026,4,23,Spring,0°-30°N
-19.61255,122.28652,,1.01,1.0,2026-04-21,722,Aqua,MODIS,100,6.1NRT,,989.14,Day,MODIS_NRT,469.31,400.07,2026,4,21,Spring,30°S-0°
45.70931,37.89777,,3.87,1.83,2026-04-21,750,Terra,MODIS,75,6.1NRT,,977.72,Day,MODIS_NRT,376.52,285.04,2026,4,21,Spring,30°N-60°N
19.39702,-155.29103,344.54,0.41,0.61,2026-04-23,1249,N,VIIRS,n,2.0NRT,285.77,976.96,Night,VIIRS_SNPP_NRT,,,2026,4,23,Spring,0°-30°N
19.39612,-155.28705,349.57,0.41,0.61,2026-04-23,1249,N,VIIRS,n,2.0NRT,285.18,976.96,Night,VIIRS_SNPP_NRT,,,2026,4,23,Spring,0°-30°N
45.71738,37.89535,,3.87,1.83,2026-04-21,750,Terra,MODIS,71,6.1NRT,,933.7,Day,MODIS_NRT,374.74,283.49,2026,4,21,Spring,30°N-60°N
-18.90697,123.76952,,1.06,1.03,2026-04-22,35,Terra,MODIS,100,6.1NRT,,886.16,Day,MODIS_NRT,458.21,331.22,2026,4,22,Spring,30°S-0°
-37.03608,141.58415,,1.01,1.01,2026-04-22,616,Aqua,MODIS,94,6.1NRT,,877.48,Day,MODIS_NRT,461.48,324.19,2026,4,22,Spring,60°S-30°S
45.4423,85.2047,,1.67,1.27,2026-04-23,414,Terra,MODIS,100,6.1NRT,,869.46,Day,MODIS_NRT,422.87,312.35,2026,4,23,Spring,30°N-60°N
22.83701,93.27673,,4.17,1.89,2026-04-22,811,Aqua,MODIS,94,6.1NRT,,867.98,Day,MODIS_NRT,370.37,295.95,2026,4,22,Spring,0°-30°N
41.62918,-99.99074,,1.8,1.32,2026-04-24,2101,Aqua,MODIS,100,6.1NRT,,861.43,Day,MODIS_NRT,417.04,310.1,2026,4,24,Spring,30°N-60°N
30.79331,-82.79518,,1.55,1.23,2026-04-21,226,Terra,MODIS,100,6.1NRT,,847.21,Night,MODIS_NRT,425.89,305.63,2026,4,21,Spring,30°N-60°N
26.28685,-80.54793,,1.41,1.17,2026-04-21,2042,Aqua,MODIS,100,6.1NRT,,811.2,Day,MODIS_NRT,431.53,315.01,2026,4,21,Spring,0°-30°N
-18.9083,123.7794,,1.06,1.03,2026-04-22,35,Terra,MODIS,100,6.1NRT,,803.51,Day,MODIS_NRT,452.75,330.32,2026,4,22,Spring,30°S-0°
22.58559,93.29132,367.0,0.54,0.42,2026-04-24,646,N,VIIRS,l,2.0NRT,326.05,780.14,Day,VIIRS_SNPP_NRT,,,2026,4,24,Spring,0°-30°N
22.58477,93.2869,367.0,0.54,0.42,2026-04-24,646,N,VIIRS,l,2.0NRT,348.0,780.14,Day,VIIRS_SNPP_NRT,,,2026,4,24,Spring,0°-30°N
33.36903,-108.57511,,1.93,1.36,2026-04-24,2240,Aqua,MODIS,100,6.1NRT,,775.34,Day,MODIS_NRT,408.1,302.59,2026,4,24,Spring,30°N-60°N
-1.4122,29.20766,,1.4,1.17,2026-04-21,1845,Terra,MODIS,100,6.1NRT,,768.27,Night,MODIS_NRT,428.22,291.01,2026,4,21,Spring,30°S-0°
40.58707,128.90765,,2.64,1.56,2026-04-23,538,Aqua,MODIS,100,6.1NRT,,767.63,Day,MODIS_NRT,387.63,290.32,2026,4,23,Spring,30°N-60°N
31.20963,-81.83399,367.0,0.52,0.42,2026-04-21,1813,N20,VIIRS,l,2.0NRT,361.3,763.3,Day,VIIRS_NOAA20_NRT,,,2026,4,21,Spring,30°N-60°N
31.21068,-81.82862,367.0,0.52,0.42,2026-04-21,1813,N20,VIIRS,h,2.0NRT,345.14,763.3,Day,VIIRS_NOAA20_NRT,,,2026,4,21,Spring,30°N-60°N
-1.40881,29.21352,,2.25,1.45,2026-04-25,58,Aqua,MODIS,100,6.1NRT,,760.88,Night,MODIS_NRT,395.77,276.46,2026,4,25,Spring,30°S-0°
24.65187,94.36929,,3.13,1.68,2026-04-22,811,Aqua,MODIS,100,6.1NRT,,745.9,Day,MODIS_NRT,378.9,301.72,2026,4,22,Spring,0°-30°N
-33.92393,120.55286,,1.26,1.12,2026-04-22,754,Aqua,MODIS,87,6.1NRT,,723.68,Day,MODIS_NRT,433.11,313.36,2026,4,22,Spring,60°S-30°S
13.7042,106.17696,,3.68,1.8,2026-04-21,729,Aqua,MODIS,71,6.1NRT,,715.85,Day,MODIS_NRT,370.06,292.95,2026,4,21,Spring,0°-30°N
-37.09755,149.18533,,2.38,1.49,2026-04-23,516,Aqua,MODIS,100,6.1NRT,,697.56,Day,MODIS_NRT,389.86,294.32,2026,4,23,Spring,60°S-30°S
-1.40305,29.21854,,4.71,1.99,2026-04-22,41,Aqua,MODIS,100,6.1NRT,,690.03,Night,MODIS_NRT,353.82,283.29,2026,4,22,Spring,30°S-0°
-1.40832,29.20692,,2.25,1.45,2026-04-25,58,Aqua,MODIS,100,6.1NRT,,671.42,Night,MODIS_NRT,390.71,276.1,2026,4,25,Spring,30°S-0°
-37.74665,-72.50402,,2.41,1.5,2026-04-23,2002,Aqua,MODIS,100,6.1NRT,,666.76,Day,MODIS_NRT,387.31,295.45,2026,4,23,Spring,60°S-30°S
22.61507,93.18504,,1.03,1.01,2026-04-23,850,Aqua,MODIS,100,6.1NRT,,666.04,Day,MODIS_NRT,444.91,334.11,2026,4,23,Spring,0°-30°N
9.22573,-12.63567,367.0,0.4,0.37,2026-04-23,1405,N20,VIIRS,l,2.0NRT,359.13,659.85,Day,VIIRS_NOAA20_NRT,,,2026,4,23,Spring,0°-30°N
-18.90964,123.78928,,1.06,1.03,2026-04-22,35,Terra,MODIS,100,6.1NRT,,658.52,Day,MODIS_NRT,442.03,319.96,2026,4,22,Spring,30°S-0°
24.65915,94.39383,,3.11,1.67,2026-04-22,811,Aqua,MODIS,100,6.1NRT,,656.26,Day,MODIS_NRT,374.65,298.47,2026,4,22,Spring,0°-30°N
-37.75075,-72.51078,,2.41,1.5,2026-04-23,2002,Aqua,MODIS,100,6.1NRT,,654.03,Day,MODIS_NRT,386.89,297.06,2026,4,23,Spring,60°S-30°S
9.68798,-12.69159,367.0,0.41,0.37,2026-04-25,1418,N21,VIIRS,h,2.0NRT,357.4,650.77,Day,VIIRS_NOAA21_NRT,,,2026,4,25,Spring,0°-30°N
-20.00068,32.70345,367.0,0.5,0.41,2026-04-21,1115,N20,VIIRS,l,2.0NRT,334.21,649.03,Day,VIIRS_NOAA20_NRT,,,2026,4,21,Spring,30°S-0°
10.53181,-13.8534,367.0,0.43,0.38,2026-04-22,1425,N20,VIIRS,l,2.0NRT,366.14,647.8,Day,VIIRS_NOAA20_NRT,,,2026,4,22,Spring,0°-30°N
22.82759,93.27219,,4.17,1.89,2026-04-22,811,Aqua,MODIS,94,6.1NRT,,643.19,Day,MODIS_NRT,361.2,294.09,2026,4,22,Spring,0°-30°N
10.77527,-13.21369,367.0,0.4,0.6,2026-04-22,1333,N21,VIIRS,l,2.0NRT,343.11,632.4,Day,VIIRS_NOAA21_NRT,,,2026,4,22,Spring,0°-30°N
-29.21908,115.28768,,3.41,1.74,2026-04-21,718,Aqua,MODIS,100,6.1NRT,,630.7,Day,MODIS_NRT,368.3,300.87,2026,4,21,Spring,30°S-0°
11.4705,-13.51403,208.0,0.6,0.53,2026-04-23,1348,N,VIIRS,l,2.0NRT,305.25,624.27,Day,VIIRS_SNPP_NRT,,,2026,4,23,Spring,0°-30°N
11.47532,-13.51516,208.0,0.6,0.53,2026-04-23,1348,N,VIIRS,l,2.0NRT,309.83,624.27,Day,VIIRS_SNPP_NRT,,,2026,4,23,Spring,0°-30°N
52.26825,76.86171,,2.99,1.64,2026-04-25,837,Aqua,MODIS,94,6.1NRT,,621.33,Day,MODIS_NRT,374.46,294.87,2026,4,25,Spring,30°N-60°N
10.79644,-13.29307,367.0,0.51,0.66,2026-04-25,1329,N20,VIIRS,l,2.0NRT,330.34,616.93,Day,VIIRS_NOAA20_NRT,,,2026,4,25,Spring,0°-30°N
10.79723,-13.28886,367.0,0.51,0.66,2026-04-25,1329,N20,VIIRS,l,2.0NRT,371.86,616.93,Day,VIIRS_NOAA20_NRT,,,2026,4,25,Spring,0°-30°N
10.80328,-13.28969,367.0,0.51,0.66,2026-04-25,1329,N20,VIIRS,l,2.0NRT,346.54,616.93,Day,VIIRS_NOAA20_NRT,,,2026,4,25,Spring,0°-30°N
52.39845,80.8986,,1.35,1.15,2026-04-24,934,Aqua,MODIS,100,6.1NRT,,613.85,Day,MODIS_NRT,420.39,312.15,2026,4,24,Spring,30°N-60°N
24.65282,94.36446,,3.13,1.68,2026-04-22,811,Aqua,MODIS,100,6.1NRT,,611.78,Day,MODIS_NRT,371.92,301.89,2026,4,22,Spring,0°-30°N
10.23536,-12.99089,,2.08,1.4,2026-04-21,1541,Aqua,MODIS,100,6.1NRT,,600.22,Day,MODIS_NRT,393.34,299.21,2026,4,21,Spring,0°-30°N
-34.74699,145.88545,367.0,0.41,0.37,2026-04-24,417,N21,VIIRS,h,2.0NRT,358.43,598.65,Day,VIIRS_NOAA21_NRT,,,2026,4,24,Spring,60°S-30°S
47.91471,131.66371,,1.09,1.04,2026-04-25,1142,Terra,MODIS,100,6.1NRT,,596.9,Night,MODIS_NRT,433.34,281.08,2026,4,25,Spring,30°N-60°N
8.99879,-12.80501,341.57,0.5,0.66,2026-04-23,1457,N21,VIIRS,n,2.0NRT,293.94,592.87,Day,VIIRS_NOAA21_NRT,,,2026,4,23,Spring,0°-30°N
9.00478,-12.80582,367.0,0.5,0.66,2026-04-23,1457,N21,VIIRS,l,2.0NRT,350.21,592.87,Day,VIIRS_NOAA21_NRT,,,2026,4,23,Spring,0°-30°N
10.9402,-13.2053,367.0,0.4,0.37,2026-04-23,1408,N20,VIIRS,l,2.0NRT,354.66,590.06,Day,VIIRS_NOAA20_NRT,,,2026,4,23,Spring,0°-30°N
25.40793,97.75271,,1.42,1.18,2026-04-23,850,Aqua,MODIS,100,6.1NRT,,589.44,Day,MODIS_NRT,415.41,306.65,2026,4,23,Spring,0°-30°N
-34.94895,145.91667,,3.68,1.8,2026-04-23,516,Aqua,MODIS,100,6.1NRT,,586.79,Day,MODIS_NRT,362.19,301.13,2026,4,23,Spring,60°S-30°S
10.79416,-13.2856,367.0,0.51,0.66,2026-04-25,1329,N20,VIIRS,h,2.0NRT,308.11,579.66,Day,VIIRS_NOAA20_NRT,,,2026,4,25,Spring,0°-30°N
10.79329,-13.28998,367.0,0.51,0.66,2026-04-25,1329,N20,VIIRS,l,2.0NRT,364.04,579.66,Day,VIIRS_NOAA20_NRT,,,2026,4,25,Spring,0°-30°N
10.80017,-13.28659,367.0,0.51,0.66,2026-04-25,1329,N20,VIIRS,l,2.0NRT,337.79,579.66,Day,VIIRS_NOAA20_NRT,,,2026,4,25,Spring,0°-30°N
10.79932,-13.29093,367.0,0.51,0.66,2026-04-25,1329,N20,VIIRS,l,2.0NRT,358.74,579.66,Day,VIIRS_NOAA20_NRT,,,2026,4,25,Spring,0°-30°N
10.69547,-13.15991,,1.35,1.15,2026-04-22,1620,Aqua,MODIS,100,6.1NRT,,579.27,Day,MODIS_NRT,418.96,310.56,2026,4,22,Spring,0°-30°N
13.71871,106.2142,,1.3,1.13,2026-04-24,143,Terra,MODIS,94,6.1NRT,,575.49,Day,MODIS_NRT,421.07,298.0,2026,4,24,Spring,0°-30°N
40.64537,128.50334,,1.44,1.19,2026-04-22,637,Aqua,MODIS,100,6.1NRT,,575.24,Day,MODIS_NRT,413.04,308.67,2026,4,22,Spring,30°N-60°N
20.52685,100.40941,,3.62,1.78,2026-04-24,748,Aqua,MODIS,100,6.1NRT,,574.05,Day,MODIS_NRT,364.26,297.0,2026,4,24,Spring,0°-30°N
9.41157,-12.92687,367.0,0.41,0.37,2026-04-23,1405,N20,VIIRS,l,2.0NRT,360.58,573.43,Day,VIIRS_NOAA20_NRT,,,2026,4,23,Spring,0°-30°N
-1.4112,29.20814,,1.1,1.05,2026-04-22,703,Terra,MODIS,0,6.1NRT,,565.25,Day,MODIS_NRT,430.85,308.67,2026,4,22,Spring,30°S-0°
11.48615,-13.47149,,2.15,1.42,2026-04-21,1541,Aqua,MODIS,100,6.1NRT,,564.8,Day,MODIS_NRT,390.28,309.47,2026,4,21,Spring,0°-30°N
26.2852,-80.56156,,1.4,1.17,2026-04-21,2042,Aqua,MODIS,100,6.1NRT,,551.49,Day,MODIS_NRT,413.42,309.13,2026,4,21,Spring,0°-30°N
-19.60374,122.28508,,1.01,1.0,2026-04-21,722,Aqua,MODIS,100,6.1NRT,,547.47,Day,MODIS_NRT,436.94,325.98,2026,4,21,Spring,30°S-0°
33.36452,-108.58242,,1.93,1.36,2026-04-24,2240,Aqua,MODIS,100,6.1NRT,,547.27,Day,MODIS_NRT,394.05,305.99,2026,4,24,Spring,30°N-60°N
-18.24145,125.37432,,1.19,1.08,2026-04-23,659,Aqua,MODIS,100,6.1NRT,,545.32,Day,MODIS_NRT,424.84,319.72,2026,4,23,Spring,30°S-0°
19.40144,-155.25984,,1.57,1.23,2026-04-23,1908,Terra,MODIS,100,6.1NRT,,544.24,Day,MODIS_NRT,406.07,311.19,2026,4,23,Spring,0°-30°N
24.46439,93.28899,207.38,0.73,0.76,2026-04-24,756,N21,VIIRS,l,2.0NRT,306.14,543.46,Day,VIIRS_NOAA21_NRT,,,2026,4,24,Spring,0°-30°N
24.46473,93.29482,353.89,0.74,0.76,2026-04-24,756,N21,VIIRS,n,2.0NRT,302.44,543.46,Day,VIIRS_NOAA21_NRT,,,2026,4,24,Spring,0°-30°N
-35.73358,137.19867,,1.57,1.23,2026-04-21,2301,Terra,MODIS,100,6.1NRT,,529.57,Day,MODIS_NRT,403.25,294.91,2026,4,21,Spring,60°S-30°S
31.2065,-81.8314,367.0,0.52,0.42,2026-04-21,1813,N20,VIIRS,l,2.0NRT,336.61,528.78,Day,VIIRS_NOAA20_NRT,,,2026,4,21,Spring,30°N-60°N
31.21025,-81.83237,367.0,0.52,0.42,2026-04-21,1813,N20,VIIRS,l,2.0NRT,368.71,528.78,Day,VIIRS_NOAA20_NRT,,,2026,4,21,Spring,30°N-60°N
31.20548,-81.83677,350.58,0.52,0.42,2026-04-21,1813,N20,VIIRS,n,2.0NRT,297.1,528.78,Day,VIIRS_NOAA20_NRT,,,2026,4,21,Spring,30°N-60°N
9.14684,-12.63425,367.0,0.4,0.37,2026-04-23,1405,N20,VIIRS,h,2.0NRT,343.24,527.2,Day,VIIRS_NOAA20_NRT,,,2026,4,23,Spring,0°-30°N
9.14349,-12.63371,367.0,0.4,0.37,2026-04-23,1405,N20,VIIRS,l,2.0NRT,337.17,527.2,Day,VIIRS_NOAA20_NRT,,,2026,4,23,Spring,0°-30°N
-31.03919,116.32005,,1.36,1.16,2026-04-25,811,Aqua,MODIS,100,6.1NRT,,523.15,Day,MODIS_NRT,412.43,315.55,2026,4,25,Spring,60°S-30°S
-34.10315,148.15762,,1.17,1.08,2026-04-21,540,Aqua,MODIS,100,6.1NRT,,521.88,Day,MODIS_NRT,422.53,307.04,2026,4,21,Spring,60°S-30°S
19.22489,-89.6992,367.0,0.45,0.39,2026-04-25,1925,N21,VIIRS,h,2.0NRT,348.96,516.63,Day,VIIRS_NOAA21_NRT,,,2026,4,25,Spring,0°-30°N
10.78007,-13.1648,208.0,0.58,0.52,2026-04-23,1348,N,VIIRS,l,2.0NRT,293.19,509.34,Day,VIIRS_SNPP_NRT,,,2026,4,23,Spring,0°-30°N
20.4796,101.59895,,1.19,1.09,2026-04-22,809,Aqua,MODIS,100,6.1NRT,,508.72,Day,MODIS_NRT,420.8,306.27,2026,4,22,Spring,0°-30°N
40.5931,128.9126,,2.64,1.56,2026-04-23,538,Aqua,MODIS,100,6.1NRT,,505.89,Day,MODIS_NRT,372.63,285.91,2026,4,23,Spring,30°N-60°N
25.53976,93.03829,,1.64,1.26,2026-04-21,911,Aqua,MODIS,100,6.1NRT,,503.78,Day,MODIS_NRT,400.26,303.61,2026,4,21,Spring,0°-30°N
9.50952,-12.86344,367.0,0.4,0.37,2026-04-23,1405,N20,VIIRS,h,2.0NRT,335.97,499.47,Day,VIIRS_NOAA20_NRT,,,2026,4,23,Spring,0°-30°N
11.28911,-13.51014,367.0,0.48,0.64,2026-04-23,1457,N21,VIIRS,l,2.0NRT,338.84,498.16,Day,VIIRS_NOAA21_NRT,,,2026,4,23,Spring,0°-30°N
11.28957,-13.50638,367.0,0.48,0.64,2026-04-23,1457,N21,VIIRS,l,2.0NRT,357.23,498.16,Day,VIIRS_NOAA21_NRT,,,2026,4,23,Spring,0°-30°N
11.29549,-13.50689,367.0,0.48,0.64,2026-04-23,1457,N21,VIIRS,h,2.0NRT,292.67,498.16,Day,VIIRS_NOAA21_NRT,,,2026,4,23,Spring,0°-30°N
11.29496,-13.51117,352.78,0.48,0.64,2026-04-23,1457,N21,VIIRS,n,2.0NRT,296.13,498.16,Day,VIIRS_NOAA21_NRT,,,2026,4,23,Spring,0°-30°N
-15.6172,129.77893,,1.29,1.13,2026-04-25,640,Aqua,MODIS,100,6.1NRT,,497.63,Day,MODIS_NRT,415.01,312.41,2026,4,25,Spring,30°S-0°
8.9153,-12.60807,367.0,0.4,0.37,2026-04-25,1418,N21,VIIRS,h,2.0NRT,340.6,492.73,Day,VIIRS_NOAA21_NRT,,,2026,4,25,Spring,0°-30°N
14.71882,-2.59749,,1.0,1.0,2026-04-23,1522,Aqua,MODIS,100,6.1NRT,,490.53,Day,MODIS_NRT,433.21,338.6,2026,4,23,Spring,0°-30°N
-42.84938,146.90201,,1.76,1.3,2026-04-21,538,Aqua,MODIS,100,6.1NRT,,485.75,Day,MODIS_NRT,392.34,297.59,2026,4,21,Spring,60°S-30°S
19.5359,81.04312,367.0,0.49,0.4,2026-04-25,733,N21,VIIRS,l,2.0NRT,328.39,482.57,Day,VIIRS_NOAA21_NRT,,,2026,4,25,Spring,0°-30°N
10.80636,-13.21943,352.39,0.6,0.53,2026-04-21,1444,N20,VIIRS,n,2.0NRT,302.1,478.41,Day,VIIRS_NOAA20_NRT,,,2026,4,21,Spring,0°-30°N
10.80148,-13.21874,367.0,0.6,0.53,2026-04-21,1444,N20,VIIRS,l,2.0NRT,347.57,478.41,Day,VIIRS_NOAA20_NRT,,,2026,4,21,Spring,0°-30°N
22.58552,93.28393,306.04,0.4,0.37,2026-04-24,705,N20,VIIRS,l,2.0NRT,320.51,475.15,Day,VIIRS_NOAA20_NRT,,,2026,4,24,Spring,0°-30°N
23.46029,97.11855,338.08,0.4,0.44,2026-04-21,622,N20,VIIRS,n,2.0NRT,300.23,473.03,Day,VIIRS_NOAA20_NRT,,,2026,4,21,Spring,0°-30°N
23.45564,97.11609,367.0,0.4,0.44,2026-04-21,622,N20,VIIRS,l,2.0NRT,376.03,473.03,Day,VIIRS_NOAA20_NRT,,,2026,4,21,Spring,0°-30°N
19.08433,-88.67838,,1.09,1.04,2026-04-24,2057,Aqua,MODIS,100,6.1NRT,,471.3,Day,MODIS_NRT,423.74,316.95,2026,4,24,Spring,0°-30°N
-18.28731,-52.91431,,1.51,1.21,2026-04-24,659,Aqua,MODIS,100,6.1NRT,,468.01,Night,MODIS_NRT,400.73,294.6,2026,4,24,Spring,30°S-0°
20.51311,100.28797,310.66,0.57,0.52,2026-04-24,703,N20,VIIRS,l,2.0NRT,314.91,465.69,Day,VIIRS_NOAA20_NRT,,,2026,4,24,Spring,0°-30°N
41.62043,-99.98049,,1.8,1.32,2026-04-24,2101,Aqua,MODIS,100,6.1NRT,,464.41,Day,MODIS_NRT,390.63,305.4,2026,4,24,Spring,30°N-60°N
30.74255,-82.8444,,1.19,1.09,2026-04-21,2044,Aqua,MODIS,100,6.1NRT,,462.11,Day,MODIS_NRT,415.94,310.18,2026,4,21,Spring,30°N-60°N
37.32929,-99.07903,,2.09,1.41,2026-04-24,1624,Terra,MODIS,100,6.1NRT,,457.86,Day,MODIS_NRT,382.15,303.68,2026,4,24,Spring,30°N-60°N
-34.95804,145.92558,,3.68,1.8,2026-04-23,516,Aqua,MODIS,98,6.1NRT,,457.22,Day,MODIS_NRT,354.68,300.8,2026,4,23,Spring,60°S-30°S
41.56837,-101.31334,,1.79,1.31,2026-04-23,2201,Aqua,MODIS,100,6.1NRT,,456.32,Day,MODIS_NRT,391.17,304.71,2026,4,23,Spring,30°N-60°N
13.71881,106.20757,,1.3,1.13,2026-04-24,143,Terra,MODIS,100,6.1NRT,,456.24,Day,MODIS_NRT,410.91,298.1,2026,4,24,Spring,0°-30°N
-41.08022,147.67633,367.0,0.55,0.43,2026-04-23,345,N20,VIIRS,h,2.0NRT,328.11,449.75,Day,VIIRS_NOAA20_NRT,,,2026,4,23,Spring,60°S-30°S
22.837,93.28046,367.0,0.45,0.63,2026-04-22,744,N20,VIIRS,h,2.0NRT,304.89,448.02,Day,VIIRS_NOAA20_NRT,,,2026,4,22,Spring,0°-30°N
24.65794,94.39836,,3.11,1.67,2026-04-22,811,Aqua,MODIS,100,6.1NRT,,445.62,Day,MODIS_NRT,362.33,297.95,2026,4,22,Spring,0°-30°N
9.20092,-12.90072,352.25,0.61,0.53,2026-04-25,1450,N,VIIRS,n,2.0NRT,302.88,444.13,Day,VIIRS_SNPP_NRT,,,2026,4,25,Spring,0°-30°N
9.19521,-12.90567,301.35,0.61,0.53,2026-04-25,1450,N,VIIRS,l,2.0NRT,314.59,444.13,Day,VIIRS_SNPP_NRT,,,2026,4,25,Spring,0°-30°N
26.295,-80.54092,,1.41,1.18,2026-04-21,2042,Aqua,MODIS,100,6.1NRT,,441.59,Day,MODIS_NRT,403.76,311.41,2026,4,21,Spring,0°-30°N
10.82823,-13.16003,,2.09,1.41,2026-04-21,1541,Aqua,MODIS,100,6.1NRT,,439.13,Day,MODIS_NRT,382.09,304.68,2026,4,21,Spring,0°-30°N
-7.52563,24.7974,,1.32,1.14,2026-04-21,1359,Aqua,MODIS,94,6.1NRT,,438.04,Day,MODIS_NRT,406.45,286.39,2026,4,21,Spring,30°S-0°
17.68831,-90.96478,367.0,0.46,0.39,2026-04-22,1932,N20,VIIRS,h,2.0NRT,333.28,436.7,Day,VIIRS_NOAA20_NRT,,,2026,4,22,Spring,0°-30°N
31.30336,-81.82569,,1.32,1.14,2026-04-25,147,Terra,MODIS,100,6.1NRT,,435.79,Night,MODIS_NRT,405.89,299.02,2026,4,25,Spring,30°N-60°N
26.29563,-80.52318,367.0,0.41,0.61,2026-04-21,1754,N,VIIRS,l,2.0NRT,347.55,435.21,Day,VIIRS_SNPP_NRT,,,2026,4,21,Spring,0°-30°N
31.23946,-81.83527,,1.81,1.32,2026-04-21,226,Terra,MODIS,100,6.1NRT,,434.82,Night,MODIS_NRT,386.05,296.27,2026,4,21,Spring,30°N-60°N
30.79486,-82.77941,,1.55,1.23,2026-04-21,226,Terra,MODIS,100,6.1NRT,,433.2,Night,MODIS_NRT,395.53,295.36,2026,4,21,Spring,30°N-60°N
20.99195,101.48672,332.6,0.6,0.53,2026-04-25,553,N21,VIIRS,n,2.0NRT,302.49,431.75,Day,VIIRS_NOAA21_NRT,,,2026,4,25,Spring,0°-30°N
-15.64969,124.48643,367.0,0.47,0.64,2026-04-24,601,N21,VIIRS,l,2.0NRT,330.92,428.27,Day,VIIRS_NOAA21_NRT,,,2026,4,24,Spring,30°S-0°
-15.64882,124.49072,367.0,0.47,0.64,2026-04-24,601,N21,VIIRS,l,2.0NRT,343.12,428.27,Day,VIIRS_NOAA21_NRT,,,2026,4,24,Spring,30°S-0°
9.9762,-13.04238,367.0,0.59,0.53,2026-04-23,1348,N,VIIRS,l,2.0NRT,350.06,421.86,Day,VIIRS_SNPP_NRT,,,2026,4,23,Spring,0°-30°N
9.9753,-13.04737,333.42,0.59,0.53,2026-04-23,1348,N,VIIRS,n,2.0NRT,300.13,421.86,Day,VIIRS_SNPP_NRT,,,2026,4,23,Spring,0°-30°N
9.98095,-13.04383,367.0,0.59,0.53,2026-04-23,1348,N,VIIRS,l,2.0NRT,328.47,421.86,Day,VIIRS_SNPP_NRT,,,2026,4,23,Spring,0°-30°N
22.58002,28.75271,367.0,0.44,0.38,2026-04-22,1106,N20,VIIRS,h,2.0NRT,349.33,421.38,Day,VIIRS_NOAA20_NRT,,,2026,4,22,Spring,0°-30°N
8.61944,-12.8432,367.0,0.4,0.37,2026-04-25,1418,N21,VIIRS,l,2.0NRT,339.1,421.0,Day,VIIRS_NOAA21_NRT,,,2026,4,25,Spring,0°-30°N
-19.61798,122.24503,367.0,0.58,0.52,2026-04-22,457,N21,VIIRS,h,2.0NRT,343.13,420.66,Day,VIIRS_NOAA21_NRT,,,2026,4,22,Spring,30°S-0°
-42.84842,146.90259,367.0,0.6,0.53,2026-04-21,328,N21,VIIRS,l,2.0NRT,348.37,419.43,Day,VIIRS_NOAA21_NRT,,,2026,4,21,Spring,60°S-30°S
-42.84306,146.90892,351.79,0.6,0.53,2026-04-21,328,N21,VIIRS,n,2.0NRT,290.76,419.43,Day,VIIRS_NOAA21_NRT,,,2026,4,21,Spring,60°S-30°S
-42.84354,146.9012,367.0,0.6,0.53,2026-04-21,328,N21,VIIRS,l,2.0NRT,343.51,419.43,Day,VIIRS_NOAA21_NRT,,,2026,4,21,Spring,60°S-30°S
-42.84795,146.91019,344.7,0.6,0.53,2026-04-21,328,N21,VIIRS,n,2.0NRT,290.0,419.43,Day,VIIRS_NOAA21_NRT,,,2026,4,21,Spring,60°S-30°S
25.75014,92.68607,367.0,0.55,0.42,2026-04-22,724,N,VIIRS,h,2.0NRT,329.72,416.18,Day,VIIRS_SNPP_NRT,,,2026,4,22,Spring,0°-30°N
22.64288,93.12019,207.38,0.69,0.74,2026-04-24,754,N21,VIIRS,l,2.0NRT,297.68,415.71,Day,VIIRS_NOAA21_NRT,,,2026,4,24,Spring,0°-30°N
22.6426,93.11617,207.38,0.69,0.74,2026-04-24,754,N21,VIIRS,l,2.0NRT,291.21,415.71,Day,VIIRS_NOAA21_NRT,,,2026,4,24,Spring,0°-30°N
23.48724,92.22129,347.72,0.43,0.38,2026-04-22,652,N21,VIIRS,l,2.0NRT,301.18,413.84,Day,VIIRS_NOAA21_NRT,,,2026,4,22,Spring,0°-30°N
11.13334,-13.61511,367.0,0.42,0.61,2026-04-22,1333,N21,VIIRS,h,2.0NRT,304.77,413.51,Day,VIIRS_NOAA21_NRT,,,2026,4,22,Spring,0°-30°N
11.12721,-13.61721,367.0,0.42,0.61,2026-04-22,1333,N21,VIIRS,l,2.0NRT,359.68,413.51,Day,VIIRS_NOAA21_NRT,,,2026,4,22,Spring,0°-30°N
11.1279,-13.61354,367.0,0.42,0.61,2026-04-22,1333,N21,VIIRS,l,2.0NRT,364.2,413.51,Day,VIIRS_NOAA21_NRT,,,2026,4,22,Spring,0°-30°N
11.13263,-13.61886,355.34,0.42,0.61,2026-04-22,1333,N21,VIIRS,n,2.0NRT,299.66,413.51,Day,VIIRS_NOAA21_NRT,,,2026,4,22,Spring,0°-30°N
11.49149,-13.45793,,2.14,1.42,2026-04-21,1541,Aqua,MODIS,100,6.1NRT,,411.28,Day,MODIS_NRT,379.39,307.64,2026,4,21,Spring,0°-30°N
-40.88938,144.96921,,2.16,1.43,2026-04-21,538,Aqua,MODIS,94,6.1NRT,,410.97,Day,MODIS_NRT,375.31,291.45,2026,4,21,Spring,60°S-30°S
-19.62417,122.22176,367.0,0.54,0.42,2026-04-22,550,N20,VIIRS,l,2.0NRT,325.48,410.27,Day,VIIRS_NOAA20_NRT,,,2026,4,22,Spring,30°S-0°
-19.62714,122.22767,350.24,0.54,0.42,2026-04-22,550,N20,VIIRS,l,2.0NRT,349.24,410.27,Day,VIIRS_NOAA20_NRT,,,2026,4,22,Spring,30°S-0°
-19.62325,122.22692,367.0,0.54,0.42,2026-04-22,550,N20,VIIRS,h,2.0NRT,373.16,410.27,Day,VIIRS_NOAA20_NRT,,,2026,4,22,Spring,30°S-0°
-19.62805,122.22253,367.0,0.54,0.42,2026-04-22,550,N20,VIIRS,h,2.0NRT,361.15,410.27,Day,VIIRS_NOAA20_NRT,,,2026,4,22,Spring,30°S-0°
-33.74089,150.00409,,1.9,1.35,2026-04-23,516,Aqua,MODIS,0,6.1NRT,,410.04,Day,MODIS_NRT,380.95,280.63,2026,4,23,Spring,60°S-30°S
23.7128,92.15743,343.12,0.6,0.53,2026-04-25,735,N21,VIIRS,n,2.0NRT,309.38,406.72,Day,VIIRS_NOAA21_NRT,,,2026,4,25,Spring,0°-30°N
13.70927,106.17931,,1.08,1.04,2026-04-22,204,Terra,MODIS,75,6.1NRT,,405.95,Day,MODIS_NRT,417.55,302.66,2026,4,22,Spring,0°-30°N
11.41452,76.57604,367.0,0.41,0.45,2026-04-24,752,N21,VIIRS,l,2.0NRT,369.5,404.51,Day,VIIRS_NOAA21_NRT,,,2026,4,24,Spring,0°-30°N
11.41518,76.5798,367.0,0.41,0.45,2026-04-24,752,N21,VIIRS,h,2.0NRT,321.8,404.51,Day,VIIRS_NOAA21_NRT,,,2026,4,24,Spring,0°-30°N
11.33989,-13.70647,367.0,0.57,0.52,2026-04-25,1450,N,VIIRS,h,2.0NRT,341.94,403.88,Day,VIIRS_SNPP_NRT,,,2026,4,25,Spring,0°-30°N
11.34535,-13.70207,367.0,0.58,0.52,2026-04-25,1450,N,VIIRS,h,2.0NRT,345.85,403.88,Day,VIIRS_SNPP_NRT,,,2026,4,25,Spring,0°-30°N
11.34055,-13.70118,367.0,0.58,0.52,2026-04-25,1450,N,VIIRS,h,2.0NRT,338.19,403.88,Day,VIIRS_SNPP_NRT,,,2026,4,25,Spring,0°-30°N
22.74541,93.31737,367.0,0.44,0.39,2026-04-21,709,N21,VIIRS,l,2.0NRT,371.42,402.45,Day,VIIRS_NOAA21_NRT,,,2026,4,21,Spring,0°-30°N
22.74137,93.314,367.0,0.44,0.39,2026-04-21,709,N21,VIIRS,h,2.0NRT,305.51,402.45,Day,VIIRS_NOAA21_NRT,,,2026,4,21,Spring,0°-30°N
22.7419,93.31794,367.0,0.44,0.39,2026-04-21,709,N21,VIIRS,h,2.0NRT,304.72,402.45,Day,VIIRS_NOAA21_NRT,,,2026,4,21,Spring,0°-30°N
45.7244,37.90625,,3.87,1.83,2026-04-21,750,Terra,MODIS,71,6.1NRT,,401.63,Day,MODIS_NRT,347.59,280.99,2026,4,21,Spring,30°N-60°N
30.76304,-82.8355,,1.2,1.09,2026-04-21,2044,Aqua,MODIS,100,6.1NRT,,399.27,Day,MODIS_NRT,409.67,307.85,2026,4,21,Spring,30°N-60°N
19.40627,-155.2924,342.76,0.49,0.41,2026-04-23,1217,N21,VIIRS,n,2.0NRT,328.41,399.17,Night,VIIRS_NOAA21_NRT,,,2026,4,23,Spring,0°-30°N
19.41079,-155.29646,321.58,0.49,0.41,2026-04-23,1217,N21,VIIRS,n,2.0NRT,285.02,399.17,Night,VIIRS_NOAA21_NRT,,,2026,4,23,Spring,0°-30°N
19.4071,-155.29715,328.88,0.49,0.41,2026-04-23,1217,N21,VIIRS,n,2.0NRT,285.4,399.17,Night,VIIRS_NOAA21_NRT,,,2026,4,23,Spring,0°-30°N
19.40995,-155.29172,350.68,0.49,0.41,2026-04-23,1217,N21,VIIRS,n,2.0NRT,298.32,399.17,Night,VIIRS_NOAA21_NRT,,,2026,4,23,Spring,0°-30°N
9.28263,-12.87977,367.0,0.4,0.37,2026-04-23,1405,N20,VIIRS,l,2.0NRT,358.89,398.99,Day,VIIRS_NOAA20_NRT,,,2026,4,23,Spring,0°-30°N
9.286,-12.88032,367.0,0.4,0.37,2026-04-23,1405,N20,VIIRS,h,2.0NRT,300.7,398.99,Day,VIIRS_NOAA20_NRT,,,2026,4,23,Spring,0°-30°N
8.37765,-12.79075,333.78,0.6,0.53,2026-04-25,1450,N,VIIRS,n,2.0NRT,293.65,396.59,Day,VIIRS_SNPP_NRT,,,2026,4,25,Spring,0°-30°N
-35.44052,145.42276,367.0,0.56,0.52,2026-04-25,449,N20,VIIRS,l,2.0NRT,366.3,394.16,Day,VIIRS_NOAA20_NRT,,,2026,4,25,Spring,60°S-30°S
-18.28905,-52.90041,,1.51,1.21,2026-04-24,659,Aqua,MODIS,100,6.1NRT,,393.41,Night,MODIS_NRT,393.34,296.11,2026,4,24,Spring,30°S-0°
45.7023,37.88681,,3.87,1.83,2026-04-21,750,Terra,MODIS,51,6.1NRT,,392.74,Day,MODIS_NRT,347.05,281.91,2026,4,21,Spring,30°N-60°N
10.67653,-13.16547,337.84,0.6,0.53,2026-04-21,1444,N20,VIIRS,n,2.0NRT,296.76,392.27,Day,VIIRS_NOAA20_NRT,,,2026,4,21,Spring,0°-30°N
10.67242,-13.15892,367.0,0.6,0.53,2026-04-21,1444,N20,VIIRS,l,2.0NRT,367.26,392.27,Day,VIIRS_NOAA20_NRT,,,2026,4,21,Spring,0°-30°N
10.67724,-13.16012,353.67,0.6,0.53,2026-04-21,1444,N20,VIIRS,n,2.0NRT,297.56,392.27,Day,VIIRS_NOAA20_NRT,,,2026,4,21,Spring,0°-30°N
-35.39371,146.64896,,1.45,1.19,2026-04-21,540,Aqua,MODIS,100,6.1NRT,,391.5,Day,MODIS_NRT,396.06,305.66,2026,4,21,Spring,60°S-30°S
-18.31617,125.01508,367.0,0.44,0.46,2026-04-25,542,N21,VIIRS,h,2.0NRT,346.93,391.37,Day,VIIRS_NOAA21_NRT,,,2026,4,25,Spring,30°S-0°
-18.3204,125.01597,367.0,0.44,0.46,2026-04-25,542,N21,VIIRS,l,2.0NRT,356.35,391.37,Day,VIIRS_NOAA21_NRT,,,2026,4,25,Spring,30°S-0°
-18.31695,125.01094,367.0,0.44,0.46,2026-04-25,542,N21,VIIRS,h,2.0NRT,341.72,391.37,Day,VIIRS_NOAA21_NRT,,,2026,4,25,Spring,30°S-0°
-15.71104,129.69066,,1.31,1.13,2026-04-25,640,Aqua,MODIS,100,6.1NRT,,387.89,Day,MODIS_NRT,403.37,310.38,2026,4,25,Spring,30°S-0°
11.48647,-13.51826,367.0,0.41,0.37,2026-04-23,1408,N20,VIIRS,h,2.0NRT,335.24,387.66,Day,VIIRS_NOAA20_NRT,,,2026,4,23,Spring,0°-30°N
25.53586,93.02994,,1.63,1.26,2026-04-21,911,Aqua,MODIS,100,6.1NRT,,386.56,Day,MODIS_NRT,390.17,304.16,2026,4,21,Spring,0°-30°N
27.59514,83.93769,,1.29,1.13,2026-04-21,911,Aqua,MODIS,100,6.1NRT,,384.42,Day,MODIS_NRT,404.25,321.35,2026,4,21,Spring,0°-30°N
-37.8489,143.16983,367.0,0.39,0.44,2026-04-25,355,N21,VIIRS,h,2.0NRT,340.55,382.26,Day,VIIRS_NOAA21_NRT,,,2026,4,25,Spring,60°S-30°S
22.69502,93.09912,,4.31,1.92,2026-04-22,811,Aqua,MODIS,92,6.1NRT,,380.48,Day,MODIS_NRT,344.78,292.2,2026,4,22,Spring,0°-30°N
11.46898,-13.51906,367.0,0.41,0.37,2026-04-23,1408,N20,VIIRS,h,2.0NRT,334.91,380.32,Day,VIIRS_NOAA20_NRT,,,2026,4,23,Spring,0°-30°N
13.71727,106.21923,,1.29,1.13,2026-04-24,143,Terra,MODIS,100,6.1NRT,,380.31,Day,MODIS_NRT,403.22,296.81,2026,4,24,Spring,0°-30°N
30.78407,-82.77794,,1.55,1.23,2026-04-21,226,Terra,MODIS,100,6.1NRT,,380.08,Night,MODIS_NRT,390.69,303.94,2026,4,21,Spring,30°N-60°N
24.35845,94.25752,344.64,0.42,0.61,2026-04-21,744,N,VIIRS,n,2.0NRT,305.22,378.72,Day,VIIRS_SNPP_NRT,,,2026,4,21,Spring,0°-30°N
24.36419,94.25718,367.0,0.42,0.61,2026-04-21,744,N,VIIRS,l,2.0NRT,355.06,378.72,Day,VIIRS_SNPP_NRT,,,2026,4,21,Spring,0°-30°N
24.35877,94.26133,367.0,0.42,0.61,2026-04-21,744,N,VIIRS,h,2.0NRT,300.2,378.72,Day,VIIRS_SNPP_NRT,,,2026,4,21,Spring,0°-30°N
24.36454,94.26119,367.0,0.42,0.61,2026-04-21,744,N,VIIRS,l,2.0NRT,358.13,378.72,Day,VIIRS_SNPP_NRT,,,2026,4,21,Spring,0°-30°N
41.61612,-100.00105,,1.81,1.32,2026-04-24,2101,Aqua,MODIS,100,6.1NRT,,377.49,Day,MODIS_NRT,382.67,305.26,2026,4,24,Spring,30°N-60°N
9.73036,32.25209,,1.32,1.14,2026-04-25,1318,Aqua,MODIS,100,6.1NRT,,376.5,Day,MODIS_NRT,402.56,315.8,2026,4,25,Spring,0°-30°N
50.54416,31.6908,,2.4,1.49,2026-04-22,1314,Aqua,MODIS,100,6.1NRT,,375.76,Day,MODIS_NRT,368.32,295.79,2026,4,22,Spring,30°N-60°N
22.61214,93.21188,367.0,0.43,0.46,2026-04-23,724,N20,VIIRS,h,2.0NRT,299.5,374.42,Day,VIIRS_NOAA20_NRT,,,2026,4,23,Spring,0°-30°N
22.61581,93.20647,367.0,0.43,0.46,2026-04-23,724,N20,VIIRS,h,2.0NRT,354.65,374.42,Day,VIIRS_NOAA20_NRT,,,2026,4,23,Spring,0°-30°N
22.61633,93.21109,355.16,0.43,0.46,2026-04-23,724,N20,VIIRS,n,2.0NRT,301.3,374.42,Day,VIIRS_NOAA20_NRT,,,2026,4,23,Spring,0°-30°N
-40.88403,144.97318,367.0,0.51,0.41,2026-04-21,402,N,VIIRS,h,2.0NRT,334.59,374.09,Day,VIIRS_SNPP_NRT,,,2026,4,21,Spring,60°S-30°S
19.39928,-89.65471,,1.22,1.1,2026-04-22,2118,Aqua,MODIS,100,6.1NRT,,374.04,Day,MODIS_NRT,406.52,311.51,2026,4,22,Spring,0°-30°N
44.87991,66.79576,367.0,0.46,0.47,2026-04-21,858,N21,VIIRS,h,2.0NRT,334.29,373.59,Day,VIIRS_NOAA21_NRT,,,2026,4,21,Spring,30°N-60°N
-24.91808,-50.81658,367.0,0.54,0.51,2026-04-22,1737,N20,VIIRS,h,2.0NRT,338.11,373.43,Day,VIIRS_NOAA20_NRT,,,2026,4,22,Spring,30°S-0°
11.20044,-13.81837,367.0,0.42,0.38,2026-04-23,1408,N20,VIIRS,h,2.0NRT,338.06,373.29,Day,VIIRS_NOAA20_NRT,,,2026,4,23,Spring,0°-30°N
11.19984,-13.82216,367.0,0.42,0.38,2026-04-23,1408,N20,VIIRS,l,2.0NRT,355.14,373.29,Day,VIIRS_NOAA20_NRT,,,2026,4,23,Spring,0°-30°N
53.64957,77.21829,,3.37,1.73,2026-04-25,529,Terra,MODIS,97,6.1NRT,,370.84,Day,MODIS_NRT,353.42,298.34,2026,4,25,Spring,30°N-60°N
31.24783,-81.84286,,1.81,1.32,2026-04-21,226,Terra,MODIS,100,6.1NRT,,369.5,Night,MODIS_NRT,379.63,290.19,2026,4,21,Spring,30°N-60°N
9.5765,-12.92916,295.69,0.39,0.44,2026-04-21,1353,N21,VIIRS,l,2.0NRT,307.05,368.3,Day,VIIRS_NOAA21_NRT,,,2026,4,21,Spring,0°-30°N
9.57321,-12.92461,352.51,0.38,0.44,2026-04-21,1353,N21,VIIRS,n,2.0NRT,294.26,368.3,Day,VIIRS_NOAA21_NRT,,,2026,4,21,Spring,0°-30°N
22.56859,93.19713,367.0,0.41,0.37,2026-04-22,652,N21,VIIRS,h,2.0NRT,346.7,368.27,Day,VIIRS_NOAA21_NRT,,,2026,4,22,Spring,0°-30°N
24.36031,94.26171,367.0,0.42,0.61,2026-04-21,744,N,VIIRS,h,2.0NRT,321.9,368.15,Day,VIIRS_SNPP_NRT,,,2026,4,21,Spring,0°-30°N
24.36574,94.25741,208.0,0.42,0.61,2026-04-21,744,N,VIIRS,l,2.0NRT,313.27,368.15,Day,VIIRS_SNPP_NRT,,,2026,4,21,Spring,0°-30°N
24.36607,94.26157,356.8,0.42,0.61,2026-04-21,744,N,VIIRS,l,2.0NRT,308.4,368.15,Day,VIIRS_SNPP_NRT,,,2026,4,21,Spring,0°-30°N
24.36,94.25784,367.0,0.42,0.61,2026-04-21,744,N,VIIRS,l,2.0NRT,368.35,368.15,Day,VIIRS_SNPP_NRT,,,2026,4,21,Spring,0°-30°N
11.12862,-13.67011,,1.27,1.12,2026-04-22,1620,Aqua,MODIS,100,6.1NRT,,366.62,Day,MODIS_NRT,403.28,317.77,2026,4,22,Spring,0°-30°N
-36.74699,141.38882,367.0,0.48,0.48,2026-04-23,506,N,VIIRS,h,2.0NRT,356.42,366.26,Day,VIIRS_SNPP_NRT,,,2026,4,23,Spring,60°S-30°S
-1.40651,29.20702,353.46,0.6,0.53,2026-04-22,1,N20,VIIRS,n,2.0NRT,288.49,364.56,Night,VIIRS_NOAA20_NRT,,,2026,4,22,Spring,30°S-0°
-1.40567,29.20164,312.49,0.6,0.53,2026-04-22,1,N20,VIIRS,n,2.0NRT,283.37,364.56,Night,VIIRS_NOAA20_NRT,,,2026,4,22,Spring,30°S-0°
-1.41054,29.20107,345.39,0.6,0.53,2026-04-22,1,N20,VIIRS,n,2.0NRT,286.66,364.56,Night,VIIRS_NOAA20_NRT,,,2026,4,22,Spring,30°S-0°
9.36909,-12.82281,367.0,0.4,0.37,2026-04-23,1405,N20,VIIRS,h,2.0NRT,340.85,364.15,Day,VIIRS_NOAA20_NRT,,,2026,4,23,Spring,0°-30°N
-37.76001,-72.50247,,2.41,1.5,2026-04-23,2002,Aqua,MODIS,100,6.1NRT,,363.73,Day,MODIS_NRT,364.85,292.89,2026,4,23,Spring,60°S-30°S
-24.91647,-50.82023,317.74,0.54,0.51,2026-04-22,1737,N20,VIIRS,l,2.0NRT,323.14,363.73,Day,VIIRS_NOAA20_NRT,,,2026,4,22,Spring,30°S-0°
22.68996,93.10379,,4.31,1.92,2026-04-22,811,Aqua,MODIS,86,6.1NRT,,362.23,Day,MODIS_NRT,343.5,291.81,2026,4,22,Spring,0°-30°N
9.23853,-12.55584,367.0,0.41,0.37,2026-04-25,1418,N21,VIIRS,l,2.0NRT,357.63,362.08,Day,VIIRS_NOAA21_NRT,,,2026,4,25,Spring,0°-30°N
9.23799,-12.55951,348.06,0.41,0.37,2026-04-25,1418,N21,VIIRS,n,2.0NRT,302.83,362.08,Day,VIIRS_NOAA21_NRT,,,2026,4,25,Spring,0°-30°N
9.47029,-12.92644,340.19,0.4,0.37,2026-04-25,1418,N21,VIIRS,l,2.0NRT,312.11,361.34,Day,VIIRS_NOAA21_NRT,,,2026,4,25,Spring,0°-30°N
9.46975,-12.93005,367.0,0.4,0.37,2026-04-25,1418,N21,VIIRS,l,2.0NRT,360.88,361.34,Day,VIIRS_NOAA21_NRT,,,2026,4,25,Spring,0°-30°N
11.09571,-13.30872,,1.34,1.15,2026-04-22,1620,Aqua,MODIS,100,6.1NRT,,361.23,Day,MODIS_NRT,399.44,309.17,2026,4,22,Spring,0°-30°N
13.69872,106.18757,,1.08,1.04,2026-04-22,204,Terra,MODIS,94,6.1NRT,,361.22,Day,MODIS_NRT,412.55,304.33,2026,4,22,Spring,0°-30°N
11.48932,-13.45266,,2.14,1.42,2026-04-21,1541,Aqua,MODIS,100,6.1NRT,,360.31,Day,MODIS_NRT,375.04,306.11,2026,4,21,Spring,0°-30°N
-34.96021,145.88567,,3.71,1.8,2026-04-23,516,Aqua,MODIS,95,6.1NRT,,360.05,Day,MODIS_NRT,347.71,298.99,2026,4,23,Spring,60°S-30°S
11.30614,-13.48818,367.0,0.41,0.37,2026-04-23,1408,N20,VIIRS,l,2.0NRT,369.17,359.96,Day,VIIRS_NOAA20_NRT,,,2026,4,23,Spring,0°-30°N
-30.90615,116.48631,,1.4,1.17,2026-04-25,811,Aqua,MODIS,100,6.1NRT,,359.12,Day,MODIS_NRT,394.6,306.18,2026,4,25,Spring,60°S-30°S
25.59472,93.19435,330.9,0.47,0.4,2026-04-21,709,N21,VIIRS,n,2.0NRT,297.15,358.89,Day,VIIRS_NOAA21_NRT,,,2026,4,21,Spring,0°-30°N
21.01004,102.84548,207.93,0.39,0.44,2026-04-22,601,N20,VIIRS,l,2.0NRT,319.12,357.0,Day,VIIRS_NOAA20_NRT,,,2026,4,22,Spring,0°-30°N
31.21135,-81.84695,367.0,0.5,0.49,2026-04-21,1904,N21,VIIRS,l,2.0NRT,372.51,356.0,Day,VIIRS_NOAA21_NRT,,,2026,4,21,Spring,30°N-60°N
31.21086,-81.85217,367.0,0.5,0.49,2026-04-21,1904,N21,VIIRS,l,2.0NRT,326.12,356.0,Day,VIIRS_NOAA21_NRT,,,2026,4,21,Spring,30°N-60°N
31.21534,-81.85275,335.62,0.5,0.49,2026-04-21,1904,N21,VIIRS,n,2.0NRT,293.45,356.0,Day,VIIRS_NOAA21_NRT,,,2026,4,21,Spring,30°N-60°N
-29.395,148.48457,,2.54,1.53,2026-04-22,616,Aqua,MODIS,100,6.1NRT,,355.3,Day,MODIS_NRT,363.47,300.37,2026,4,22,Spring,30°S-0°
-18.91098,123.79917,,1.06,1.03,2026-04-22,35,Terra,MODIS,100,6.1NRT,,354.83,Day,MODIS_NRT,412.29,309.1,2026,4,22,Spring,30°S-0°
9.12459,-12.08314,367.0,0.39,0.36,2026-04-23,1405,N20,VIIRS,l,2.0NRT,363.75,354.73,Day,VIIRS_NOAA20_NRT,,,2026,4,23,Spring,0°-30°N
9.12127,-12.0826,367.0,0.39,0.36,2026-04-23,1405,N20,VIIRS,l,2.0NRT,349.64,354.73,Day,VIIRS_NOAA20_NRT,,,2026,4,23,Spring,0°-30°N
18.69125,-88.98383,,1.3,1.13,2026-04-22,2118,Aqua,MODIS,100,6.1NRT,,353.49,Day,MODIS_NRT,399.24,306.75,2026,4,22,Spring,0°-30°N
53.72873,59.01759,,3.92,1.84,2026-04-22,648,Terra,MODIS,92,6.1NRT,,353.37,Day,MODIS_NRT,343.8,284.46,2026,4,22,Spring,30°N-60°N
-37.41766,143.11681,367.0,0.57,0.43,2026-04-21,402,N,VIIRS,l,2.0NRT,330.94,353.01,Day,VIIRS_SNPP_NRT,,,2026,4,21,Spring,60°S-30°S
-32.68006,119.7482,367.0,0.71,0.75,2026-04-21,654,N21,VIIRS,h,2.0NRT,332.81,353.01,Day,VIIRS_NOAA21_NRT,,,2026,4,21,Spring,60°S-30°S
-32.68217,119.74118,207.38,0.7,0.75,2026-04-21,654,N21,VIIRS,l,2.0NRT,298.16,353.01,Day,VIIRS_NOAA21_NRT,,,2026,4,21,Spring,60°S-30°S
-30.90019,116.50024,,1.0,1.0,2026-04-22,756,Aqua,MODIS,100,6.1NRT,,352.77,Day,MODIS_NRT,415.18,317.33,2026,4,22,Spring,60°S-30°S
41.61802,-99.98659,,1.8,1.32,2026-04-24,2101,Aqua,MODIS,100,6.1NRT,,348.69,Day,MODIS_NRT,380.15,304.75,2026,4,24,Spring,30°N-60°N
20.65714,102.96413,367.0,0.53,0.5,2026-04-22,650,N21,VIIRS,h,2.0NRT,332.97,348.21,Day,VIIRS_NOAA21_NRT,,,2026,4,22,Spring,0°-30°N
20.58965,101.93739,,1.14,1.07,2026-04-22,809,Aqua,MODIS,100,6.1NRT,,347.16,Day,MODIS_NRT,406.28,307.35,2026,4,22,Spring,0°-30°N
16.99193,106.37705,367.0,0.44,0.38,2026-04-22,559,N20,VIIRS,h,2.0NRT,337.41,346.88,Day,VIIRS_NOAA20_NRT,,,2026,4,22,Spring,0°-30°N
23.66963,92.08333,347.62,0.52,0.5,2026-04-23,633,N21,VIIRS,n,2.0NRT,294.1,346.45,Day,VIIRS_NOAA21_NRT,,,2026,4,23,Spring,0°-30°N
19.52288,-89.86002,,1.22,1.1,2026-04-24,2057,Aqua,MODIS,100,6.1NRT,,346.44,Day,MODIS_NRT,402.75,308.86,2026,4,24,Spring,0°-30°N
26.37004,97.79446,367.0,0.41,0.45,2026-04-24,614,N21,VIIRS,l,2.0NRT,330.19,344.09,Day,VIIRS_NOAA21_NRT,,,2026,4,24,Spring,0°-30°N
11.22202,-13.46351,367.0,0.41,0.37,2026-04-23,1408,N20,VIIRS,l,2.0NRT,331.62,343.91,Day,VIIRS_NOAA20_NRT,,,2026,4,23,Spring,0°-30°N
-35.50076,146.97366,336.85,0.74,0.76,2026-04-21,512,N21,VIIRS,n,2.0NRT,291.7,343.71,Day,VIIRS_NOAA21_NRT,,,2026,4,21,Spring,60°S-30°S
8.65715,-12.61324,367.0,0.4,0.37,2026-04-25,1418,N21,VIIRS,h,2.0NRT,337.73,343.56,Day,VIIRS_NOAA21_NRT,,,2026,4,25,Spring,0°-30°N
22.01062,99.9447,367.0,0.55,0.43,2026-04-24,614,N21,VIIRS,h,2.0NRT,342.64,342.73,Day,VIIRS_NOAA21_NRT,,,2026,4,24,Spring,0°-30°N
18.91746,-91.04597,367.0,0.44,0.39,2026-04-22,1915,N,VIIRS,l,2.0NRT,331.42,342.39,Day,VIIRS_SNPP_NRT,,,2026,4,22,Spring,0°-30°N
20.55169,100.35323,367.0,0.38,0.36,2026-04-23,631,N21,VIIRS,h,2.0NRT,342.75,342.1,Day,VIIRS_NOAA21_NRT,,,2026,4,23,Spring,0°-30°N
-18.27839,-52.89888,,1.51,1.21,2026-04-24,659,Aqua,MODIS,100,6.1NRT,,341.82,Night,MODIS_NRT,387.79,293.79,2026,4,24,Spring,30°S-0°
-38.06779,142.3508,,2.93,1.63,2026-04-21,538,Aqua,MODIS,98,6.1NRT,,340.7,Day,MODIS_NRT,355.23,294.71,2026,4,21,Spring,60°S-30°S
-29.39928,148.48886,,2.11,1.41,2026-04-23,518,Aqua,MODIS,100,6.1NRT,,339.72,Day,MODIS_NRT,371.1,304.89,2026,4,23,Spring,30°S-0°
22.85164,93.32552,356.34,0.35,0.57,2026-04-21,622,N20,VIIRS,n,2.0NRT,294.8,339.35,Day,VIIRS_NOAA20_NRT,,,2026,4,21,Spring,0°-30°N
25.44683,97.6934,341.01,0.56,0.43,2026-04-23,705,N,VIIRS,n,2.0NRT,299.0,339.05,Day,VIIRS_SNPP_NRT,,,2026,4,23,Spring,0°-30°N
10.77415,-13.55317,340.53,0.39,0.36,2026-04-25,1418,N21,VIIRS,l,2.0NRT,310.96,338.52,Day,VIIRS_NOAA21_NRT,,,2026,4,25,Spring,0°-30°N
10.77083,-13.55262,367.0,0.39,0.36,2026-04-25,1418,N21,VIIRS,l,2.0NRT,365.62,338.52,Day,VIIRS_NOAA21_NRT,,,2026,4,25,Spring,0°-30°N
37.33159,-99.07155,,2.09,1.41,2026-04-24,1624,Terra,MODIS,100,6.1NRT,,337.88,Day,MODIS_NRT,371.67,302.98,2026,4,24,Spring,30°N-60°N
10.84043,-13.16214,,2.09,1.41,2026-04-21,1541,Aqua,MODIS,100,6.1NRT,,337.76,Day,MODIS_NRT,373.11,303.61,2026,4,21,Spring,0°-30°N
10.7529,-12.77449,367.0,0.39,0.37,2026-04-23,1408,N20,VIIRS,h,2.0NRT,348.24,337.52,Day,VIIRS_NOAA20_NRT,,,2026,4,23,Spring,0°-30°N
20.4938,101.56157,309.67,0.45,0.39,2026-04-24,646,N,VIIRS,l,2.0NRT,321.44,337.09,Day,VIIRS_SNPP_NRT,,,2026,4,24,Spring,0°-30°N
20.49026,101.56222,367.0,0.45,0.39,2026-04-24,646,N,VIIRS,l,2.0NRT,375.05,337.09,Day,VIIRS_SNPP_NRT,,,2026,4,24,Spring,0°-30°N
20.48965,101.55783,367.0,0.45,0.39,2026-04-24,646,N,VIIRS,l,2.0NRT,360.78,337.09,Day,VIIRS_SNPP_NRT,,,2026,4,24,Spring,0°-30°N
20.4932,101.55721,312.43,0.45,0.39,2026-04-24,646,N,VIIRS,l,2.0NRT,321.55,337.09,Day,VIIRS_SNPP_NRT,,,2026,4,24,Spring,0°-30°N
31.21713,-81.83595,367.0,0.52,0.42,2026-04-21,1813,N20,VIIRS,l,2.0NRT,329.48,336.73,Day,VIIRS_NOAA20_NRT,,,2026,4,21,Spring,30°N-60°N
31.21338,-81.83497,367.0,0.52,0.42,2026-04-21,1813,N20,VIIRS,l,2.0NRT,356.64,336.73,Day,VIIRS_NOAA20_NRT,,,2026,4,21,Spring,30°N-60°N
31.21817,-81.83057,367.0,0.52,0.42,2026-04-21,1813,N20,VIIRS,h,2.0NRT,340.74,336.73,Day,VIIRS_NOAA20_NRT,,,2026,4,21,Spring,30°N-60°N
31.21443,-81.82959,367.0,0.52,0.42,2026-04-21,1813,N20,VIIRS,h,2.0NRT,367.39,336.73,Day,VIIRS_NOAA20_NRT,,,2026,4,21,Spring,30°N-60°N
9.64434,-63.62771,,1.37,1.16,2026-04-24,1915,Aqua,MODIS,100,6.1NRT,,336.3,Day,MODIS_NRT,394.71,300.18,2026,4,24,Spring,0°-30°N
9.34335,-12.90421,339.31,0.59,0.53,2026-04-23,1348,N,VIIRS,n,2.0NRT,302.6,335.5,Day,VIIRS_SNPP_NRT,,,2026,4,23,Spring,0°-30°N
8.75957,-63.69174,,1.42,1.18,2026-04-24,1915,Aqua,MODIS,100,6.1NRT,,335.27,Day,MODIS_NRT,391.78,299.65,2026,4,24,Spring,0°-30°N
-42.90534,146.94035,367.0,0.45,0.39,2026-04-21,402,N,VIIRS,h,2.0NRT,338.19,333.05,Day,VIIRS_SNPP_NRT,,,2026,4,21,Spring,60°S-30°S
-42.90599,146.93474,367.0,0.46,0.39,2026-04-21,402,N,VIIRS,l,2.0NRT,381.09,333.05,Day,VIIRS_SNPP_NRT,,,2026,4,21,Spring,60°S-30°S
-42.90235,146.93402,367.0,0.46,0.39,2026-04-21,402,N,VIIRS,h,2.0NRT,334.51,333.05,Day,VIIRS_SNPP_NRT,,,2026,4,21,Spring,60°S-30°S
-42.90169,146.9397,335.7,0.45,0.39,2026-04-21,402,N,VIIRS,n,2.0NRT,284.69,333.05,Day,VIIRS_SNPP_NRT,,,2026,4,21,Spring,60°S-30°S
9.20723,-12.66381,348.19,0.4,0.37,2026-04-25,1418,N21,VIIRS,n,2.0NRT,303.58,332.54,Day,VIIRS_NOAA21_NRT,,,2026,4,25,Spring,0°-30°N
9.20332,-12.66693,342.02,0.4,0.37,2026-04-25,1418,N21,VIIRS,n,2.0NRT,306.63,332.54,Day,VIIRS_NOAA21_NRT,,,2026,4,25,Spring,0°-30°N
9.20386,-12.66329,367.0,0.4,0.37,2026-04-25,1418,N21,VIIRS,l,2.0NRT,367.58,332.54,Day,VIIRS_NOAA21_NRT,,,2026,4,25,Spring,0°-30°N
19.40256,-89.30434,343.77,0.61,0.53,2026-04-24,1945,N21,VIIRS,l,2.0NRT,315.69,331.82,Day,VIIRS_NOAA21_NRT,,,2026,4,24,Spring,0°-30°N
19.40805,-89.29916,347.11,0.61,0.53,2026-04-24,1945,N21,VIIRS,n,2.0NRT,304.88,331.82,Day,VIIRS_NOAA21_NRT,,,2026,4,24,Spring,0°-30°N
19.40745,-89.30492,367.0,0.61,0.53,2026-04-24,1945,N21,VIIRS,l,2.0NRT,331.48,331.82,Day,VIIRS_NOAA21_NRT,,,2026,4,24,Spring,0°-30°N
-30.6425,116.84108,353.27,0.66,0.73,2026-04-22,707,N,VIIRS,l,2.0NRT,332.02,331.19,Day,VIIRS_SNPP_NRT,,,2026,4,22,Spring,60°S-30°S
-30.64451,116.8341,367.0,0.66,0.73,2026-04-22,707,N,VIIRS,l,2.0NRT,349.71,331.19,Day,VIIRS_SNPP_NRT,,,2026,4,22,Spring,60°S-30°S
26.28851,-80.53427,,1.41,1.18,2026-04-21,2042,Aqua,MODIS,100,6.1NRT,,329.75,Day,MODIS_NRT,391.85,310.21,2026,4,21,Spring,0°-30°N
19.82687,-89.25502,367.0,0.39,0.36,2026-04-22,1915,N,VIIRS,h,2.0NRT,354.13,329.04,Day,VIIRS_SNPP_NRT,,,2026,4,22,Spring,0°-30°N
51.61198,82.09636,,2.75,1.59,2026-04-22,820,Aqua,MODIS,99,6.1NRT,,327.28,Day,MODIS_NRT,357.61,289.27,2026,4,22,Spring,30°N-60°N
-35.56894,144.588,367.0,0.42,0.45,2026-04-24,449,N,VIIRS,h,2.0NRT,350.92,327.11,Day,VIIRS_SNPP_NRT,,,2026,4,24,Spring,60°S-30°S
10.49967,-12.37062,347.96,0.52,0.42,2026-04-21,1355,N21,VIIRS,n,2.0NRT,302.3,326.81,Day,VIIRS_NOAA21_NRT,,,2026,4,21,Spring,0°-30°N
10.50344,-12.37124,367.0,0.52,0.42,2026-04-21,1355,N21,VIIRS,h,2.0NRT,352.31,326.81,Day,VIIRS_NOAA21_NRT,,,2026,4,21,Spring,0°-30°N
30.78717,-82.74625,,1.56,1.23,2026-04-21,226,Terra,MODIS,100,6.1NRT,,326.18,Night,MODIS_NRT,384.21,296.88,2026,4,21,Spring,30°N-60°N
-1.4165,29.22099,,4.71,1.99,2026-04-22,41,Aqua,MODIS,100,6.1NRT,,324.68,Night,MODIS_NRT,332.23,280.74,2026,4,22,Spring,30°S-0°
26.41252,95.71764,353.26,0.35,0.56,2026-04-23,726,N20,VIIRS,n,2.0NRT,303.7,324.42,Day,VIIRS_NOAA20_NRT,,,2026,4,23,Spring,0°-30°N
26.41762,95.71598,367.0,0.35,0.56,2026-04-23,726,N20,VIIRS,l,2.0NRT,328.46,324.42,Day,VIIRS_NOAA20_NRT,,,2026,4,23,Spring,0°-30°N
26.41223,95.71428,367.0,0.35,0.56,2026-04-23,726,N20,VIIRS,l,2.0NRT,326.56,324.42,Day,VIIRS_NOAA20_NRT,,,2026,4,23,Spring,0°-30°N
26.41734,95.71276,367.0,0.35,0.56,2026-04-23,726,N20,VIIRS,l,2.0NRT,364.3,324.42,Day,VIIRS_NOAA20_NRT,,,2026,4,23,Spring,0°-30°N
20.2685,102.96708,367.0,0.39,0.36,2026-04-21,620,N20,VIIRS,h,2.0NRT,335.61,323.6,Day,VIIRS_NOAA20_NRT,,,2026,4,21,Spring,0°-30°N
22.75302,93.32051,367.0,0.44,0.39,2026-04-21,709,N21,VIIRS,l,2.0NRT,330.45,323.37,Day,VIIRS_NOAA21_NRT,,,2026,4,21,Spring,0°-30°N
22.75004,93.32506,354.63,0.44,0.39,2026-04-21,709,N21,VIIRS,n,2.0NRT,296.57,323.37,Day,VIIRS_NOAA21_NRT,,,2026,4,21,Spring,0°-30°N
22.74948,93.32088,367.0,0.44,0.39,2026-04-21,709,N21,VIIRS,h,2.0NRT,362.53,323.37,Day,VIIRS_NOAA21_NRT,,,2026,4,21,Spring,0°-30°N
22.75358,93.32468,350.77,0.44,0.39,2026-04-21,709,N21,VIIRS,n,2.0NRT,295.27,323.37,Day,VIIRS_NOAA21_NRT,,,2026,4,21,Spring,0°-30°N
13.73469,106.19904,346.91,0.52,0.41,2026-04-23,629,N21,VIIRS,n,2.0NRT,311.61,322.6,Day,VIIRS_NOAA21_NRT,,,2026,4,23,Spring,0°-30°N
-15.61568,129.7905,,1.28,1.12,2026-04-25,640,Aqua,MODIS,100,6.1NRT,,322.38,Day,MODIS_NRT,396.81,308.48,2026,4,25,Spring,30°S-0°
-38.07186,142.32477,,2.94,1.63,2026-04-21,538,Aqua,MODIS,97,6.1NRT,,322.06,Day,MODIS_NRT,353.33,295.33,2026,4,21,Spring,60°S-30°S
51.47535,-123.83549,,2.6,1.55,2026-04-23,2208,Aqua,MODIS,81,6.1NRT,,321.97,Day,MODIS_NRT,356.83,287.2,2026,4,23,Spring,30°N-60°N
-33.90169,120.5522,355.56,0.4,0.6,2026-04-22,633,N21,VIIRS,n,2.0NRT,296.17,321.72,Day,VIIRS_NOAA21_NRT,,,2026,4,22,Spring,60°S-30°S
10.61655,-13.22008,367.0,0.39,0.44,2026-04-21,1355,N21,VIIRS,h,2.0NRT,340.39,321.26,Day,VIIRS_NOAA21_NRT,,,2026,4,21,Spring,0°-30°N
19.59463,-105.02542,,2.21,1.44,2026-04-24,2235,Aqua,MODIS,100,6.1NRT,,320.29,Day,MODIS_NRT,368.9,306.23,2026,4,24,Spring,0°-30°N
-1.40862,29.20277,,1.36,1.15,2026-04-23,1340,Aqua,MODIS,0,6.1NRT,,318.04,Day,MODIS_NRT,391.08,282.17,2026,4,23,Spring,30°S-0°
12.28383,108.10896,,2.78,1.59,2026-04-21,729,Aqua,MODIS,98,6.1NRT,,317.6,Day,MODIS_NRT,356.44,295.81,2026,4,21,Spring,0°-30°N
-29.46463,115.20419,354.57,0.43,0.46,2026-04-25,540,N21,VIIRS,n,2.0NRT,304.21,317.5,Day,VIIRS_NOAA21_NRT,,,2026,4,25,Spring,30°S-0°
-29.45992,115.20814,367.0,0.43,0.46,2026-04-25,540,N21,VIIRS,l,2.0NRT,372.27,317.5,Day,VIIRS_NOAA21_NRT,,,2026,4,25,Spring,30°S-0°
-29.4604,115.20364,367.0,0.43,0.46,2026-04-25,540,N21,VIIRS,h,2.0NRT,332.12,317.5,Day,VIIRS_NOAA21_NRT,,,2026,4,25,Spring,30°S-0°
-29.46416,115.20868,367.0,0.43,0.46,2026-04-25,540,N21,VIIRS,h,2.0NRT,346.83,317.5,Day,VIIRS_NOAA21_NRT,,,2026,4,25,Spring,30°S-0°
-1.41387,29.19521,,1.4,1.17,2026-04-21,1845,Terra,MODIS,100,6.1NRT,,316.77,Night,MODIS_NRT,388.74,283.37,2026,4,21,Spring,30°S-0°
33.38061,-108.59147,,1.62,1.25,2026-04-25,328,Terra,MODIS,100,6.1NRT,,316.69,Night,MODIS_NRT,380.08,289.08,2026,4,25,Spring,30°N-60°N
18.57865,-90.18094,346.86,0.49,0.48,2026-04-23,1853,N,VIIRS,n,2.0NRT,314.88,316.39,Day,VIIRS_SNPP_NRT,,,2026,4,23,Spring,0°-30°N
31.64058,75.52106,,1.14,1.07,2026-04-25,1009,Aqua,MODIS,100,6.1NRT,,315.5,Day,MODIS_NRT,403.71,314.46,2026,4,25,Spring,30°N-60°N
25.4333,95.14564,336.32,0.41,0.37,2026-04-24,646,N,VIIRS,l,2.0NRT,291.17,314.98,Day,VIIRS_SNPP_NRT,,,2026,4,24,Spring,0°-30°N
18.11655,-90.2048,367.0,0.41,0.45,2026-04-24,1856,N20,VIIRS,h,2.0NRT,346.26,314.86,Day,VIIRS_NOAA20_NRT,,,2026,4,24,Spring,0°-30°N
18.11585,-90.20858,367.0,0.41,0.45,2026-04-24,1856,N20,VIIRS,l,2.0NRT,369.67,314.86,Day,VIIRS_NOAA20_NRT,,,2026,4,24,Spring,0°-30°N
18.1125,-90.20396,367.0,0.41,0.45,2026-04-24,1856,N20,VIIRS,h,2.0NRT,341.96,314.86,Day,VIIRS_NOAA20_NRT,,,2026,4,24,Spring,0°-30°N
18.1118,-90.20774,367.0,0.41,0.45,2026-04-24,1856,N20,VIIRS,h,2.0NRT,350.37,314.86,Day,VIIRS_NOAA20_NRT,,,2026,4,24,Spring,0°-30°N
-30.57523,116.78617,,2.78,1.59,2026-04-21,718,Aqua,MODIS,98,6.1NRT,,314.09,Day,MODIS_NRT,355.53,299.59,2026,4,21,Spring,60°S-30°S
10.04862,-12.58622,367.0,0.55,0.51,2026-04-23,1348,N,VIIRS,l,2.0NRT,325.89,313.71,Day,VIIRS_SNPP_NRT,,,2026,4,23,Spring,0°-30°N
10.91951,-13.25067,350.37,0.6,0.53,2026-04-21,1444,N20,VIIRS,n,2.0NRT,294.15,313.64,Day,VIIRS_NOAA20_NRT,,,2026,4,21,Spring,0°-30°N
10.91471,-13.24944,343.94,0.6,0.53,2026-04-21,1444,N20,VIIRS,n,2.0NRT,295.53,313.64,Day,VIIRS_NOAA20_NRT,,,2026,4,21,Spring,0°-30°N
25.60246,94.62895,351.33,0.52,0.41,2026-04-23,633,N21,VIIRS,n,2.0NRT,296.56,313.21,Day,VIIRS_NOAA21_NRT,,,2026,4,23,Spring,0°-30°N
20.54372,100.23502,367.0,0.38,0.36,2026-04-23,631,N21,VIIRS,h,2.0NRT,337.05,312.37,Day,VIIRS_NOAA21_NRT,,,2026,4,23,Spring,0°-30°N
20.72659,101.49057,367.0,0.41,0.37,2026-04-21,620,N20,VIIRS,h,2.0NRT,344.8,312.0,Day,VIIRS_NOAA20_NRT,,,2026,4,21,Spring,0°-30°N
-29.4632,115.21771,367.0,0.43,0.46,2026-04-25,540,N21,VIIRS,h,2.0NRT,345.6,311.83,Day,VIIRS_NOAA21_NRT,,,2026,4,25,Spring,30°S-0°
-29.45897,115.21713,344.48,0.43,0.46,2026-04-25,540,N21,VIIRS,n,2.0NRT,301.42,311.83,Day,VIIRS_NOAA21_NRT,,,2026,4,25,Spring,30°S-0°
-29.45945,115.21263,367.0,0.43,0.46,2026-04-25,540,N21,VIIRS,h,2.0NRT,366.01,311.83,Day,VIIRS_NOAA21_NRT,,,2026,4,25,Spring,30°S-0°
-29.46368,115.21319,367.0,0.43,0.46,2026-04-25,540,N21,VIIRS,l,2.0NRT,361.21,311.83,Day,VIIRS_NOAA21_NRT,,,2026,4,25,Spring,30°S-0°
8.115,-12.21604,,1.98,1.37,2026-04-21,1541,Aqua,MODIS,100,6.1NRT,,311.82,Day,MODIS_NRT,371.77,282.41,2026,4,21,Spring,0°-30°N
24.88585,94.29877,,3.13,1.68,2026-04-22,811,Aqua,MODIS,96,6.1NRT,,311.65,Day,MODIS_NRT,350.87,296.3,2026,4,22,Spring,0°-30°N
-26.95426,-50.70282,367.0,0.56,0.43,2026-04-22,1645,N21,VIIRS,l,2.0NRT,328.24,311.32,Day,VIIRS_NOAA21_NRT,,,2026,4,22,Spring,30°S-0°
-26.9549,-50.70834,332.19,0.56,0.43,2026-04-22,1645,N21,VIIRS,n,2.0NRT,301.84,311.32,Day,VIIRS_NOAA21_NRT,,,2026,4,22,Spring,30°S-0°
33.37759,-108.60773,,1.62,1.25,2026-04-25,328,Terra,MODIS,100,6.1NRT,,310.59,Night,MODIS_NRT,379.19,288.82,2026,4,25,Spring,30°N-60°N
24.12722,94.12708,207.93,0.58,0.7,2026-04-22,603,N20,VIIRS,l,2.0NRT,313.93,310.16,Day,VIIRS_NOAA20_NRT,,,2026,4,22,Spring,0°-30°N
24.12129,94.13001,367.0,0.58,0.7,2026-04-22,603,N20,VIIRS,l,2.0NRT,332.6,310.16,Day,VIIRS_NOAA20_NRT,,,2026,4,22,Spring,0°-30°N
24.1282,94.13097,367.0,0.58,0.7,2026-04-22,603,N20,VIIRS,h,2.0NRT,299.85,310.16,Day,VIIRS_NOAA20_NRT,,,2026,4,22,Spring,0°-30°N
-18.89745,123.82308,367.0,0.4,0.37,2026-04-21,518,N21,VIIRS,l,2.0NRT,356.56,309.97,Day,VIIRS_NOAA21_NRT,,,2026,4,21,Spring,30°S-0°
9.65183,-63.63004,,1.86,1.33,2026-04-21,41,Terra,MODIS,100,6.1NRT,,308.78,Night,MODIS_NRT,373.08,294.56,2026,4,21,Spring,0°-30°N
10.94359,-13.20576,367.0,0.4,0.37,2026-04-23,1408,N20,VIIRS,h,2.0NRT,332.99,308.75,Day,VIIRS_NOAA20_NRT,,,2026,4,23,Spring,0°-30°N
10.84963,-12.61439,367.0,0.39,0.36,2026-04-23,1408,N20,VIIRS,l,2.0NRT,339.01,308.71,Day,VIIRS_NOAA20_NRT,,,2026,4,23,Spring,0°-30°N
10.84907,-12.61797,367.0,0.39,0.36,2026-04-23,1408,N20,VIIRS,l,2.0NRT,354.48,308.58,Day,VIIRS_NOAA20_NRT,,,2026,4,23,Spring,0°-30°N
10.84852,-12.62154,367.0,0.39,0.36,2026-04-23,1408,N20,VIIRS,h,2.0NRT,332.68,308.58,Day,VIIRS_NOAA20_NRT,,,2026,4,23,Spring,0°-30°N
20.9784,101.75297,,1.15,1.07,2026-04-22,809,Aqua,MODIS,100,6.1NRT,,308.23,Day,MODIS_NRT,400.81,308.4,2026,4,22,Spring,0°-30°N
60.4275,96.50149,,2.75,1.59,2026-04-21,1227,Terra,MODIS,100,6.1NRT,,307.74,Day,MODIS_NRT,350.9,271.51,2026,4,21,Spring,60°N-90°N
11.19923,-13.82596,367.0,0.42,0.38,2026-04-23,1408,N20,VIIRS,h,2.0NRT,338.3,307.65,Day,VIIRS_NOAA20_NRT,,,2026,4,23,Spring,0°-30°N
22.41205,28.07603,,1.09,1.04,2026-04-22,1306,Aqua,MODIS,100,6.1NRT,,307.62,Day,MODIS_NRT,404.52,314.55,2026,4,22,Spring,0°-30°N
10.77925,-13.65582,367.0,0.39,0.36,2026-04-25,1418,N21,VIIRS,l,2.0NRT,343.9,307.3,Day,VIIRS_NOAA21_NRT,,,2026,4,25,Spring,0°-30°N
-42.84302,146.90622,367.0,0.46,0.39,2026-04-21,402,N,VIIRS,h,2.0NRT,348.9,307.29,Day,VIIRS_SNPP_NRT,,,2026,4,21,Spring,60°S-30°S
-42.84663,146.90723,367.0,0.46,0.39,2026-04-21,402,N,VIIRS,h,2.0NRT,368.67,307.29,Day,VIIRS_SNPP_NRT,,,2026,4,21,Spring,60°S-30°S
-42.84731,146.90149,367.0,0.46,0.39,2026-04-21,402,N,VIIRS,h,2.0NRT,338.03,307.29,Day,VIIRS_SNPP_NRT,,,2026,4,21,Spring,60°S-30°S
-42.84369,146.90051,304.56,0.46,0.39,2026-04-21,402,N,VIIRS,l,2.0NRT,323.97,307.29,Day,VIIRS_SNPP_NRT,,,2026,4,21,Spring,60°S-30°S
22.96856,93.15598,367.0,0.35,0.57,2026-04-21,741,N,VIIRS,l,2.0NRT,340.04,306.84,Day,VIIRS_SNPP_NRT,,,2026,4,21,Spring,0°-30°N
22.97364,93.15356,208.0,0.35,0.57,2026-04-21,741,N,VIIRS,l,2.0NRT,312.51,306.84,Day,VIIRS_SNPP_NRT,,,2026,4,21,Spring,0°-30°N
22.97388,93.15601,367.0,0.35,0.57,2026-04-21,741,N,VIIRS,l,2.0NRT,327.6,306.84,Day,VIIRS_SNPP_NRT,,,2026,4,21,Spring,0°-30°N
-37.01174,141.8983,367.0,0.53,0.67,2026-04-23,525,N20,VIIRS,h,2.0NRT,299.43,306.3,Day,VIIRS_NOAA20_NRT,,,2026,4,23,Spring,60°S-30°S
-37.01345,141.8925,367.0,0.53,0.67,2026-04-23,525,N20,VIIRS,l,2.0NRT,351.58,306.3,Day,VIIRS_NOAA20_NRT,,,2026,4,23,Spring,60°S-30°S
10.82511,-13.15452,,2.09,1.41,2026-04-21,1541,Aqua,MODIS,100,6.1NRT,,306.21,Day,MODIS_NRT,370.21,302.22,2026,4,21,Spring,0°-30°N
9.26852,-12.80528,344.11,0.59,0.53,2026-04-23,1348,N,VIIRS,n,2.0NRT,297.46,305.92,Day,VIIRS_SNPP_NRT,,,2026,4,23,Spring,0°-30°N
9.33372,-12.88903,367.0,0.59,0.53,2026-04-23,1348,N,VIIRS,h,2.0NRT,298.96,305.66,Day,VIIRS_SNPP_NRT,,,2026,4,23,Spring,0°-30°N
22.74331,93.25729,367.0,0.41,0.37,2026-04-22,652,N21,VIIRS,l,2.0NRT,329.93,304.93,Day,VIIRS_NOAA21_NRT,,,2026,4,22,Spring,0°-30°N
26.32078,95.61213,344.12,0.55,0.51,2026-04-22,724,N,VIIRS,n,2.0NRT,293.04,304.61,Day,VIIRS_SNPP_NRT,,,2026,4,22,Spring,0°-30°N
26.31597,95.61183,367.0,0.55,0.51,2026-04-22,724,N,VIIRS,l,2.0NRT,328.61,304.61,Day,VIIRS_SNPP_NRT,,,2026,4,22,Spring,0°-30°N
-33.85846,121.00572,367.0,0.52,0.42,2026-04-23,527,N20,VIIRS,l,2.0NRT,327.22,304.55,Day,VIIRS_NOAA20_NRT,,,2026,4,23,Spring,60°S-30°S
-33.85781,121.01139,367.0,0.52,0.42,2026-04-23,527,N20,VIIRS,l,2.0NRT,374.53,304.55,Day,VIIRS_NOAA20_NRT,,,2026,4,23,Spring,60°S-30°S
-33.86232,121.00629,354.09,0.52,0.42,2026-04-23,527,N20,VIIRS,n,2.0NRT,299.89,304.55,Day,VIIRS_NOAA20_NRT,,,2026,4,23,Spring,60°S-30°S
19.40267,-89.30652,,1.15,1.07,2026-04-24,2057,Aqua,MODIS,100,6.1NRT,,303.65,Day,MODIS_NRT,401.31,311.95,2026,4,24,Spring,0°-30°N
47.93211,131.66742,,1.09,1.04,2026-04-25,1142,Terra,MODIS,100,6.1NRT,,303.26,Night,MODIS_NRT,401.13,277.12,2026,4,25,Spring,30°N-60°N
9.23088,-12.60327,207.38,0.52,0.67,2026-04-23,1457,N21,VIIRS,l,2.0NRT,296.98,303.23,Day,VIIRS_NOAA21_NRT,,,2026,4,23,Spring,0°-30°N
9.23145,-12.59873,207.38,0.52,0.67,2026-04-23,1457,N21,VIIRS,l,2.0NRT,317.67,303.23,Day,VIIRS_NOAA21_NRT,,,2026,4,23,Spring,0°-30°N
9.22537,-12.59789,207.38,0.52,0.67,2026-04-23,1457,N21,VIIRS,l,2.0NRT,317.5,303.23,Day,VIIRS_NOAA21_NRT,,,2026,4,23,Spring,0°-30°N
9.22478,-12.60263,349.97,0.52,0.67,2026-04-23,1457,N21,VIIRS,n,2.0NRT,296.27,303.23,Day,VIIRS_NOAA21_NRT,,,2026,4,23,Spring,0°-30°N
9.21006,-12.66797,338.69,0.4,0.37,2026-04-25,1418,N21,VIIRS,n,2.0NRT,304.08,302.68,Day,VIIRS_NOAA21_NRT,,,2026,4,25,Spring,0°-30°N
9.21397,-12.66484,367.0,0.4,0.37,2026-04-25,1418,N21,VIIRS,h,2.0NRT,341.98,302.68,Day,VIIRS_NOAA21_NRT,,,2026,4,25,Spring,0°-30°N
24.58587,80.14063,,1.74,1.29,2026-04-25,1006,Aqua,MODIS,100,6.1NRT,,302.64,Day,MODIS_NRT,380.99,319.32,2026,4,25,Spring,0°-30°N
8.94994,-12.13902,345.65,0.54,0.5,2026-04-23,1348,N,VIIRS,n,2.0NRT,301.09,302.16,Day,VIIRS_SNPP_NRT,,,2026,4,23,Spring,0°-30°N
8.55937,-62.8132,,2.48,1.52,2026-04-21,1900,Aqua,MODIS,87,6.1NRT,,302.08,Day,MODIS_NRT,361.15,290.95,2026,4,21,Spring,0°-30°N
24.79012,94.42922,367.0,0.53,0.42,2026-04-21,709,N21,VIIRS,h,2.0NRT,347.54,301.99,Day,VIIRS_NOAA21_NRT,,,2026,4,21,Spring,0°-30°N
24.78633,94.42996,332.18,0.53,0.42,2026-04-21,709,N21,VIIRS,n,2.0NRT,299.93,301.99,Day,VIIRS_NOAA21_NRT,,,2026,4,21,Spring,0°-30°N
20.56114,-104.71692,367.0,0.42,0.37,2026-04-23,2004,N21,VIIRS,h,2.0NRT,344.97,301.98,Day,VIIRS_NOAA21_NRT,,,2026,4,23,Spring,0°-30°N
-15.64785,124.4923,367.0,0.47,0.64,2026-04-24,601,N21,VIIRS,l,2.0NRT,340.38,301.55,Day,VIIRS_NOAA21_NRT,,,2026,4,24,Spring,30°S-0°
-15.64686,124.49696,367.0,0.47,0.64,2026-04-24,601,N21,VIIRS,h,2.0NRT,302.89,301.55,Day,VIIRS_NOAA21_NRT,,,2026,4,24,Spring,30°S-0°
11.47432,-13.50628,355.54,0.6,0.53,2026-04-23,1348,N,VIIRS,n,2.0NRT,273.46,301.47,Day,VIIRS_SNPP_NRT,,,2026,4,23,Spring,0°-30°N
11.47813,-13.51311,288.65,0.6,0.53,2026-04-23,1348,N,VIIRS,l,2.0NRT,295.14,301.47,Day,VIIRS_SNPP_NRT,,,2026,4,23,Spring,0°-30°N
11.47919,-13.50719,355.92,0.6,0.53,2026-04-23,1348,N,VIIRS,n,2.0NRT,273.45,301.47,Day,VIIRS_SNPP_NRT,,,2026,4,23,Spring,0°-30°N
11.47328,-13.51205,208.0,0.6,0.53,2026-04-23,1348,N,VIIRS,l,2.0NRT,321.14,301.47,Day,VIIRS_SNPP_NRT,,,2026,4,23,Spring,0°-30°N
-16.60101,126.75127,367.0,0.58,0.7,2026-04-24,421,N21,VIIRS,h,2.0NRT,313.11,301.46,Day,VIIRS_NOAA21_NRT,,,2026,4,24,Spring,30°S-0°
10.75748,-13.1515,367.0,0.57,0.43,2026-04-21,1355,N21,VIIRS,l,2.0NRT,361.47,300.84,Day,VIIRS_NOAA21_NRT,,,2026,4,21,Spring,0°-30°N
10.76233,-13.14684,341.01,0.57,0.43,2026-04-21,1355,N21,VIIRS,n,2.0NRT,301.25,300.84,Day,VIIRS_NOAA21_NRT,,,2026,4,21,Spring,0°-30°N
10.75835,-13.14641,367.0,0.57,0.43,2026-04-21,1355,N21,VIIRS,l,2.0NRT,328.16,300.84,Day,VIIRS_NOAA21_NRT,,,2026,4,21,Spring,0°-30°N
10.76149,-13.15179,349.52,0.57,0.43,2026-04-21,1355,N21,VIIRS,n,2.0NRT,314.75,300.84,Day,VIIRS_NOAA21_NRT,,,2026,4,21,Spring,0°-30°N
22.86919,93.32143,,1.57,1.23,2026-04-21,911,Aqua,MODIS,100,6.1NRT,,300.65,Day,MODIS_NRT,381.67,300.37,2026,4,21,Spring,0°-30°N
10.69103,-85.52228,,1.6,1.24,2026-04-21,2038,Aqua,MODIS,100,6.1NRT,,300.52,Day,MODIS_NRT,382.89,306.72,2026,4,21,Spring,0°-30°N
19.41316,-155.29523,,3.16,1.68,2026-04-24,739,Terra,MODIS,100,6.1NRT,,300.38,Night,MODIS_NRT,346.05,295.03,2026,4,24,Spring,0°-30°N
20.19606,102.98201,332.85,0.43,0.38,2026-04-23,631,N21,VIIRS,l,2.0NRT,306.22,299.89,Day,VIIRS_NOAA21_NRT,,,2026,4,23,Spring,0°-30°N
9.2832,-12.87612,367.0,0.4,0.37,2026-04-23,1405,N20,VIIRS,l,2.0NRT,333.83,299.66,Day,VIIRS_NOAA20_NRT,,,2026,4,23,Spring,0°-30°N
9.35182,-12.93233,367.0,0.41,0.37,2026-04-23,1405,N20,VIIRS,h,2.0NRT,326.65,299.36,Day,VIIRS_NOAA20_NRT,,,2026,4,23,Spring,0°-30°N
9.34902,-12.92811,367.0,0.41,0.37,2026-04-23,1405,N20,VIIRS,h,2.0NRT,331.81,299.36,Day,VIIRS_NOAA20_NRT,,,2026,4,23,Spring,0°-30°N
9.34845,-12.93178,313.93,0.41,0.37,2026-04-23,1405,N20,VIIRS,l,2.0NRT,322.5,299.36,Day,VIIRS_NOAA20_NRT,,,2026,4,23,Spring,0°-30°N
9.3524,-12.92866,367.0,0.41,0.37,2026-04-23,1405,N20,VIIRS,l,2.0NRT,371.88,299.36,Day,VIIRS_NOAA20_NRT,,,2026,4,23,Spring,0°-30°N
22.96719,93.37522,367.0,0.4,0.37,2026-04-22,652,N21,VIIRS,h,2.0NRT,331.64,298.51,Day,VIIRS_NOAA21_NRT,,,2026,4,22,Spring,0°-30°N
17.68181,-90.80868,207.38,0.48,0.65,2026-04-23,2002,N21,VIIRS,l,2.0NRT,315.6,297.8,Day,VIIRS_NOAA21_NRT,,,2026,4,23,Spring,0°-30°N
17.68225,-90.80421,367.0,0.48,0.65,2026-04-23,2002,N21,VIIRS,h,2.0NRT,321.7,297.8,Day,VIIRS_NOAA21_NRT,,,2026,4,23,Spring,0°-30°N
26.38773,97.77717,294.33,0.41,0.45,2026-04-24,614,N21,VIIRS,l,2.0NRT,313.18,297.29,Day,VIIRS_NOAA21_NRT,,,2026,4,24,Spring,0°-30°N
26.38448,97.78214,279.31,0.41,0.45,2026-04-24,614,N21,VIIRS,l,2.0NRT,314.04,297.29,Day,VIIRS_NOAA21_NRT,,,2026,4,24,Spring,0°-30°N
26.3885,97.78114,367.0,0.41,0.45,2026-04-24,614,N21,VIIRS,h,2.0NRT,335.47,297.29,Day,VIIRS_NOAA21_NRT,,,2026,4,24,Spring,0°-30°N
26.38369,97.77813,304.56,0.41,0.45,2026-04-24,614,N21,VIIRS,l,2.0NRT,324.1,297.29,Day,VIIRS_NOAA21_NRT,,,2026,4,24,Spring,0°-30°N
-32.68215,119.74065,207.38,0.71,0.75,2026-04-21,654,N21,VIIRS,l,2.0NRT,296.93,297.06,Day,VIIRS_NOAA21_NRT,,,2026,4,21,Spring,60°S-30°S
9.5134,-12.86592,295.74,0.59,0.53,2026-04-23,1348,N,VIIRS,l,2.0NRT,306.02,296.77,Day,VIIRS_SNPP_NRT,,,2026,4,23,Spring,0°-30°N
-19.62137,122.28796,,1.01,1.0,2026-04-21,722,Aqua,MODIS,100,6.1NRT,,296.32,Day,MODIS_NRT,408.42,320.94,2026,4,21,Spring,30°S-0°
30.75025,48.27949,,3.97,1.85,2026-04-22,516,Terra,MODIS,91,6.1NRT,,294.25,Day,MODIS_NRT,339.22,291.91,2026,4,22,Spring,30°N-60°N
-24.95795,-49.63682,,1.04,1.02,2026-04-21,1849,Aqua,MODIS,100,6.1NRT,,293.97,Day,MODIS_NRT,404.44,304.35,2026,4,21,Spring,30°S-0°
9.26703,-12.82487,367.0,0.4,0.37,2026-04-23,1405,N20,VIIRS,h,2.0NRT,347.03,293.53,Day,VIIRS_NOAA20_NRT,,,2026,4,23,Spring,0°-30°N
-33.07335,119.6352,367.0,0.44,0.38,2026-04-25,538,N21,VIIRS,h,2.0NRT,361.44,292.92,Day,VIIRS_NOAA21_NRT,,,2026,4,25,Spring,60°S-30°S
23.50182,78.27322,367.0,0.48,0.4,2026-04-22,744,N20,VIIRS,h,2.0NRT,356.57,291.92,Day,VIIRS_NOAA20_NRT,,,2026,4,22,Spring,0°-30°N
8.73392,-12.64373,367.0,0.4,0.37,2026-04-25,1418,N21,VIIRS,h,2.0NRT,338.65,291.73,Day,VIIRS_NOAA21_NRT,,,2026,4,25,Spring,0°-30°N
-15.64966,124.48376,207.38,0.47,0.64,2026-04-24,601,N21,VIIRS,l,2.0NRT,301.11,291.63,Day,VIIRS_NOAA21_NRT,,,2026,4,24,Spring,30°S-0°
-15.64877,124.48795,367.0,0.47,0.64,2026-04-24,601,N21,VIIRS,l,2.0NRT,338.49,291.63,Day,VIIRS_NOAA21_NRT,,,2026,4,24,Spring,30°S-0°
-37.766,143.49831,352.46,0.41,0.61,2026-04-21,330,N21,VIIRS,l,2.0NRT,340.92,291.17,Day,VIIRS_NOAA21_NRT,,,2026,4,21,Spring,60°S-30°S
19.41456,-155.29152,332.64,0.41,0.61,2026-04-23,1249,N,VIIRS,n,2.0NRT,286.09,291.12,Night,VIIRS_SNPP_NRT,,,2026,4,23,Spring,0°-30°N
19.40898,-155.29254,367.0,0.41,0.61,2026-04-23,1249,N,VIIRS,h,2.0NRT,328.47,291.12,Night,VIIRS_SNPP_NRT,,,2026,4,23,Spring,0°-30°N
19.40991,-155.29672,367.0,0.41,0.61,2026-04-23,1249,N,VIIRS,h,2.0NRT,286.36,291.12,Night,VIIRS_SNPP_NRT,,,2026,4,23,Spring,0°-30°N
19.41549,-155.2957,314.08,0.41,0.61,2026-04-23,1249,N,VIIRS,n,2.0NRT,283.65,291.12,Night,VIIRS_SNPP_NRT,,,2026,4,23,Spring,0°-30°N
-15.53548,124.63692,348.84,0.78,0.78,2026-04-24,421,N21,VIIRS,n,2.0NRT,302.44,290.99,Day,VIIRS_NOAA21_NRT,,,2026,4,24,Spring,30°S-0°
13.73201,106.20086,208.0,0.46,0.63,2026-04-23,701,N,VIIRS,l,2.0NRT,322.54,290.68,Day,VIIRS_SNPP_NRT,,,2026,4,23,Spring,0°-30°N
13.7325,106.20517,355.61,0.46,0.63,2026-04-23,701,N,VIIRS,n,2.0NRT,306.09,290.68,Day,VIIRS_SNPP_NRT,,,2026,4,23,Spring,0°-30°N
10.65765,-13.22897,348.74,0.51,0.66,2026-04-25,1329,N20,VIIRS,n,2.0NRT,300.49,289.76,Day,VIIRS_NOAA20_NRT,,,2026,4,25,Spring,0°-30°N
30.78419,-82.73939,,1.56,1.23,2026-04-21,226,Terra,MODIS,100,6.1NRT,,289.58,Night,MODIS_NRT,379.88,297.19,2026,4,21,Spring,30°N-60°N
18.94129,-90.31457,,1.33,1.14,2026-04-24,2057,Aqua,MODIS,100,6.1NRT,,289.15,Day,MODIS_NRT,391.03,314.63,2026,4,24,Spring,0°-30°N
-37.64577,143.15495,,1.0,1.0,2026-04-22,614,Aqua,MODIS,87,6.1NRT,,289.06,Day,MODIS_NRT,405.95,307.64,2026,4,22,Spring,60°S-30°S
24.11806,94.12816,367.0,0.58,0.7,2026-04-22,603,N20,VIIRS,l,2.0NRT,326.38,288.27,Day,VIIRS_NOAA20_NRT,,,2026,4,22,Spring,0°-30°N
24.11919,94.13279,263.47,0.58,0.7,2026-04-22,603,N20,VIIRS,l,2.0NRT,323.32,288.27,Day,VIIRS_NOAA20_NRT,,,2026,4,22,Spring,0°-30°N
24.12416,94.12585,367.0,0.58,0.7,2026-04-22,603,N20,VIIRS,l,2.0NRT,330.84,288.27,Day,VIIRS_NOAA20_NRT,,,2026,4,22,Spring,0°-30°N
24.12513,94.12983,367.0,0.58,0.7,2026-04-22,603,N20,VIIRS,l,2.0NRT,330.83,288.27,Day,VIIRS_NOAA20_NRT,,,2026,4,22,Spring,0°-30°N
40.97594,128.26752,,1.41,1.18,2026-04-22,637,Aqua,MODIS,100,6.1NRT,,287.88,Day,MODIS_NRT,385.6,300.8,2026,4,22,Spring,30°N-60°N
51.60463,82.07218,367.0,0.39,0.36,2026-04-21,718,N21,VIIRS,h,2.0NRT,350.26,287.7,Day,VIIRS_NOAA21_NRT,,,2026,4,21,Spring,30°N-60°N
51.60789,82.07098,346.18,0.39,0.36,2026-04-21,718,N21,VIIRS,n,2.0NRT,304.92,287.7,Day,VIIRS_NOAA21_NRT,,,2026,4,21,Spring,30°N-60°N
-37.72832,-72.56887,,2.43,1.5,2026-04-23,2002,Aqua,MODIS,98,6.1NRT,,287.49,Day,MODIS_NRT,357.02,292.15,2026,4,23,Spring,60°S-30°S
10.53535,-12.34594,367.0,0.52,0.41,2026-04-21,1355,N21,VIIRS,l,2.0NRT,340.71,287.39,Day,VIIRS_NOAA21_NRT,,,2026,4,21,Spring,0°-30°N
10.53919,-12.34615,341.72,0.52,0.41,2026-04-21,1355,N21,VIIRS,l,2.0NRT,315.27,287.39,Day,VIIRS_NOAA21_NRT,,,2026,4,21,Spring,0°-30°N
23.48598,92.25628,367.0,0.43,0.38,2026-04-22,652,N21,VIIRS,h,2.0NRT,335.85,287.04,Day,VIIRS_NOAA21_NRT,,,2026,4,22,Spring,0°-30°N
22.62544,93.1935,,1.03,1.01,2026-04-23,850,Aqua,MODIS,100,6.1NRT,,286.63,Day,MODIS_NRT,404.86,310.27,2026,4,23,Spring,0°-30°N
-33.85651,121.02283,356.19,0.52,0.42,2026-04-23,527,N20,VIIRS,l,2.0NRT,283.97,286.3,Day,VIIRS_NOAA20_NRT,,,2026,4,23,Spring,60°S-30°S
9.23656,-12.55965,348.19,0.41,0.37,2026-04-25,1418,N21,VIIRS,n,2.0NRT,303.08,286.21,Day,VIIRS_NOAA21_NRT,,,2026,4,25,Spring,0°-30°N
9.23318,-12.55915,347.84,0.41,0.37,2026-04-25,1418,N21,VIIRS,n,2.0NRT,304.73,286.21,Day,VIIRS_NOAA21_NRT,,,2026,4,25,Spring,0°-30°N
9.23711,-12.55599,367.0,0.41,0.37,2026-04-25,1418,N21,VIIRS,l,2.0NRT,356.61,286.21,Day,VIIRS_NOAA21_NRT,,,2026,4,25,Spring,0°-30°N
9.23372,-12.55548,367.0,0.41,0.37,2026-04-25,1418,N21,VIIRS,h,2.0NRT,338.13,286.21,Day,VIIRS_NOAA21_NRT,,,2026,4,25,Spring,0°-30°N
9.22414,-12.70623,207.38,0.51,0.66,2026-04-23,1457,N21,VIIRS,l,2.0NRT,324.6,285.41,Day,VIIRS_NOAA21_NRT,,,2026,4,23,Spring,0°-30°N
9.23021,-12.7068,336.01,0.51,0.66,2026-04-23,1457,N21,VIIRS,n,2.0NRT,293.94,285.41,Day,VIIRS_NOAA21_NRT,,,2026,4,23,Spring,0°-30°N
9.22471,-12.70172,367.0,0.51,0.66,2026-04-23,1457,N21,VIIRS,l,2.0NRT,331.83,285.41,Day,VIIRS_NOAA21_NRT,,,2026,4,23,Spring,0°-30°N
9.23078,-12.70226,350.56,0.51,0.66,2026-04-23,1457,N21,VIIRS,n,2.0NRT,294.07,285.41,Day,VIIRS_NOAA21_NRT,,,2026,4,23,Spring,0°-30°N
10.57562,-12.17523,354.83,0.51,0.41,2026-04-21,1355,N21,VIIRS,n,2.0NRT,320.97,285.36,Day,VIIRS_NOAA21_NRT,,,2026,4,21,Spring,0°-30°N
20.1706,103.09338,,2.3,1.47,2026-04-24,748,Aqua,MODIS,100,6.1NRT,,284.71,Day,MODIS_NRT,361.51,298.52,2026,4,24,Spring,0°-30°N
22.73717,93.14781,346.73,0.47,0.48,2026-04-23,631,N21,VIIRS,n,2.0NRT,299.49,284.64,Day,VIIRS_NOAA21_NRT,,,2026,4,23,Spring,0°-30°N
22.74223,93.15081,367.0,0.47,0.48,2026-04-23,631,N21,VIIRS,l,2.0NRT,325.81,284.64,Day,VIIRS_NOAA21_NRT,,,2026,4,23,Spring,0°-30°N
22.73812,93.15269,367.0,0.47,0.48,2026-04-23,631,N21,VIIRS,h,2.0NRT,352.7,284.64,Day,VIIRS_NOAA21_NRT,,,2026,4,23,Spring,0°-30°N
22.74128,93.14596,367.0,0.47,0.48,2026-04-23,631,N21,VIIRS,h,2.0NRT,339.95,284.64,Day,VIIRS_NOAA21_NRT,,,2026,4,23,Spring,0°-30°N
-18.88242,123.84258,207.93,0.74,0.76,2026-04-21,427,N20,VIIRS,l,2.0NRT,310.44,284.14,Day,VIIRS_NOAA20_NRT,,,2026,4,21,Spring,30°S-0°
24.92757,94.24072,320.06,0.56,0.43,2026-04-23,633,N21,VIIRS,l,2.0NRT,321.95,284.13,Day,VIIRS_NOAA21_NRT,,,2026,4,23,Spring,0°-30°N
24.92662,94.2356,367.0,0.56,0.43,2026-04-23,633,N21,VIIRS,h,2.0NRT,336.98,284.13,Day,VIIRS_NOAA21_NRT,,,2026,4,23,Spring,0°-30°N
24.93049,94.23475,339.73,0.56,0.43,2026-04-23,633,N21,VIIRS,n,2.0NRT,294.4,284.13,Day,VIIRS_NOAA21_NRT,,,2026,4,23,Spring,0°-30°N
25.53769,93.04559,,1.64,1.26,2026-04-21,911,Aqua,MODIS,100,6.1NRT,,283.43,Day,MODIS_NRT,378.56,301.82,2026,4,21,Spring,0°-30°N
-37.41871,143.11557,367.0,0.57,0.43,2026-04-21,402,N,VIIRS,h,2.0NRT,334.33,283.43,Day,VIIRS_SNPP_NRT,,,2026,4,21,Spring,60°S-30°S
25.35839,93.84562,367.0,0.39,0.36,2026-04-22,652,N21,VIIRS,h,2.0NRT,328.38,283.35,Day,VIIRS_NOAA21_NRT,,,2026,4,22,Spring,0°-30°N
-15.76733,127.53743,,3.78,1.82,2026-04-22,622,Aqua,MODIS,92,6.1NRT,,282.88,Day,MODIS_NRT,343.24,293.39,2026,4,22,Spring,30°S-0°
10.79806,-13.07886,367.0,0.57,0.43,2026-04-21,1355,N21,VIIRS,l,2.0NRT,325.25,282.63,Day,VIIRS_NOAA21_NRT,,,2026,4,21,Spring,0°-30°N
11.02849,-12.62943,341.83,0.53,0.5,2026-04-23,1348,N,VIIRS,n,2.0NRT,306.01,282.63,Day,VIIRS_SNPP_NRT,,,2026,4,23,Spring,0°-30°N
17.54815,-90.85545,367.0,0.4,0.37,2026-04-25,1923,N21,VIIRS,l,2.0NRT,327.52,282.41,Day,VIIRS_NOAA21_NRT,,,2026,4,25,Spring,0°-30°N
17.5448,-90.85493,367.0,0.4,0.37,2026-04-25,1923,N21,VIIRS,h,2.0NRT,352.99,282.41,Day,VIIRS_NOAA21_NRT,,,2026,4,25,Spring,0°-30°N
-29.52265,22.95305,,1.75,1.3,2026-04-22,1429,Aqua,MODIS,94,6.1NRT,,282.29,Day,MODIS_NRT,372.67,296.49,2026,4,22,Spring,30°S-0°
40.57989,128.91748,,2.64,1.56,2026-04-23,538,Aqua,MODIS,97,6.1NRT,,281.8,Day,MODIS_NRT,353.96,289.11,2026,4,23,Spring,30°N-60°N
-29.44912,115.18846,367.0,0.43,0.46,2026-04-25,540,N21,VIIRS,l,2.0NRT,370.48,281.78,Day,VIIRS_NOAA21_NRT,,,2026,4,25,Spring,30°S-0°
-29.44488,115.18792,367.0,0.43,0.46,2026-04-25,540,N21,VIIRS,h,2.0NRT,296.14,281.78,Day,VIIRS_NOAA21_NRT,,,2026,4,25,Spring,30°S-0°
-29.44536,115.1834,367.0,0.43,0.46,2026-04-25,540,N21,VIIRS,h,2.0NRT,301.8,281.78,Day,VIIRS_NOAA21_NRT,,,2026,4,25,Spring,30°S-0°
-29.4496,115.18397,367.0,0.43,0.46,2026-04-25,540,N21,VIIRS,l,2.0NRT,364.65,281.78,Day,VIIRS_NOAA21_NRT,,,2026,4,25,Spring,30°S-0°
-40.90428,144.95264,367.0,0.36,0.58,2026-04-21,330,N21,VIIRS,l,2.0NRT,345.42,281.75,Day,VIIRS_NOAA21_NRT,,,2026,4,21,Spring,60°S-30°S
-40.90406,144.95715,367.0,0.36,0.58,2026-04-21,330,N21,VIIRS,h,2.0NRT,311.4,281.75,Day,VIIRS_NOAA21_NRT,,,2026,4,21,Spring,60°S-30°S
-40.89008,144.96455,,2.16,1.43,2026-04-21,538,Aqua,MODIS,94,6.1NRT,,281.45,Day,MODIS_NRT,362.67,291.19,2026,4,21,Spring,60°S-30°S
53.53991,78.63707,,3.92,1.84,2026-04-25,529,Terra,MODIS,69,6.1NRT,,281.44,Day,MODIS_NRT,340.05,296.9,2026,4,25,Spring,30°N-60°N
-12.55999,-45.48139,,3.78,1.82,2026-04-22,1752,Aqua,MODIS,86,6.1NRT,,281.25,Day,MODIS_NRT,341.0,293.36,2026,4,22,Spring,30°S-0°
11.47178,-13.52335,302.54,0.41,0.37,2026-04-23,1408,N20,VIIRS,l,2.0NRT,318.35,280.99,Day,VIIRS_NOAA20_NRT,,,2026,4,23,Spring,0°-30°N
22.73977,93.16112,367.0,0.47,0.48,2026-04-23,631,N21,VIIRS,h,2.0NRT,338.42,280.98,Day,VIIRS_NOAA21_NRT,,,2026,4,23,Spring,0°-30°N
22.73898,93.15709,320.11,0.47,0.48,2026-04-23,631,N21,VIIRS,l,2.0NRT,320.61,280.98,Day,VIIRS_NOAA21_NRT,,,2026,4,23,Spring,0°-30°N
22.74389,93.15929,367.0,0.47,0.48,2026-04-23,631,N21,VIIRS,l,2.0NRT,353.15,280.98,Day,VIIRS_NOAA21_NRT,,,2026,4,23,Spring,0°-30°N
45.11509,-109.28284,,1.83,1.32,2026-04-21,408,Terra,MODIS,100,6.1NRT,,280.78,Night,MODIS_NRT,369.02,288.86,2026,4,21,Spring,30°N-60°N
9.19141,-12.90617,338.96,0.61,0.53,2026-04-25,1450,N,VIIRS,n,2.0NRT,301.1,280.65,Day,VIIRS_SNPP_NRT,,,2026,4,25,Spring,0°-30°N
43.4113,-95.03585,,1.44,1.19,2026-04-21,2046,Aqua,MODIS,87,6.1NRT,,280.52,Day,MODIS_NRT,385.2,313.34,2026,4,21,Spring,30°N-60°N
9.20049,-12.66277,367.0,0.4,0.37,2026-04-25,1418,N21,VIIRS,l,2.0NRT,342.86,280.43,Day,VIIRS_NOAA21_NRT,,,2026,4,25,Spring,0°-30°N
27.25535,90.04939,,2.02,1.39,2026-04-24,928,Aqua,MODIS,100,6.1NRT,,280.19,Day,MODIS_NRT,367.23,299.94,2026,4,24,Spring,0°-30°N
25.58696,93.1912,340.57,0.47,0.4,2026-04-21,709,N21,VIIRS,n,2.0NRT,300.71,279.51,Day,VIIRS_NOAA21_NRT,,,2026,4,21,Spring,0°-30°N
25.58278,93.18727,367.0,0.47,0.4,2026-04-21,709,N21,VIIRS,l,2.0NRT,349.04,279.51,Day,VIIRS_NOAA21_NRT,,,2026,4,21,Spring,0°-30°N
25.58639,93.18668,354.66,0.47,0.4,2026-04-21,709,N21,VIIRS,n,2.0NRT,300.47,279.51,Day,VIIRS_NOAA21_NRT,,,2026,4,21,Spring,0°-30°N
10.8524,-12.61846,367.0,0.39,0.36,2026-04-23,1408,N20,VIIRS,h,2.0NRT,344.14,279.37,Day,VIIRS_NOAA20_NRT,,,2026,4,23,Spring,0°-30°N
24.51003,94.22375,314.81,0.51,0.41,2026-04-21,709,N21,VIIRS,l,2.0NRT,315.1,278.71,Day,VIIRS_NOAA21_NRT,,,2026,4,21,Spring,0°-30°N
-17.79849,126.46252,,2.86,1.61,2026-04-24,737,Aqua,MODIS,96,6.1NRT,,278.59,Day,MODIS_NRT,352.79,302.95,2026,4,24,Spring,30°S-0°
20.4513,101.60336,351.32,0.71,0.75,2026-04-23,724,N20,VIIRS,n,2.0NRT,300.04,277.83,Day,VIIRS_NOAA20_NRT,,,2026,4,23,Spring,0°-30°N
9.32062,-13.08959,,2.2,1.44,2026-04-21,1541,Aqua,MODIS,100,6.1NRT,,277.32,Day,MODIS_NRT,363.56,294.42,2026,4,21,Spring,0°-30°N
9.19301,-12.8013,367.0,0.4,0.37,2026-04-23,1405,N20,VIIRS,h,2.0NRT,359.32,277.32,Day,VIIRS_NOAA20_NRT,,,2026,4,23,Spring,0°-30°N
9.19638,-12.80183,367.0,0.4,0.37,2026-04-23,1405,N20,VIIRS,h,2.0NRT,301.51,277.32,Day,VIIRS_NOAA20_NRT,,,2026,4,23,Spring,0°-30°N
27.5973,83.95004,,1.28,1.12,2026-04-21,911,Aqua,MODIS,100,6.1NRT,,277.31,Day,MODIS_NRT,391.23,315.71,2026,4,21,Spring,0°-30°N
46.13912,-92.08816,367.0,0.4,0.37,2026-04-21,1908,N21,VIIRS,l,2.0NRT,371.15,276.67,Day,VIIRS_NOAA21_NRT,,,2026,4,21,Spring,30°N-60°N
46.13843,-92.09332,336.79,0.4,0.37,2026-04-21,1908,N21,VIIRS,n,2.0NRT,309.86,276.67,Day,VIIRS_NOAA21_NRT,,,2026,4,21,Spring,30°N-60°N
46.14247,-92.08908,367.0,0.4,0.37,2026-04-21,1908,N21,VIIRS,h,2.0NRT,362.43,276.67,Day,VIIRS_NOAA21_NRT,,,2026,4,21,Spring,30°N-60°N
20.26342,93.47842,207.38,0.69,0.74,2026-04-24,754,N21,VIIRS,l,2.0NRT,300.88,276.16,Day,VIIRS_NOAA21_NRT,,,2026,4,24,Spring,0°-30°N
10.22408,105.09953,,3.02,1.65,2026-04-23,845,Aqua,MODIS,96,6.1NRT,,275.56,Day,MODIS_NRT,351.83,300.13,2026,4,23,Spring,0°-30°N
-34.26892,145.95226,367.0,0.56,0.51,2026-04-21,332,N21,VIIRS,h,2.0NRT,342.24,275.24,Day,VIIRS_NOAA21_NRT,,,2026,4,21,Spring,60°S-30°S
20.31594,73.601,,1.31,1.13,2026-04-23,1026,Aqua,MODIS,100,6.1NRT,,275.23,Day,MODIS_NRT,391.14,318.26,2026,4,23,Spring,0°-30°N
39.88175,126.99772,,1.95,1.36,2026-04-25,654,Aqua,MODIS,100,6.1NRT,,275.03,Day,MODIS_NRT,366.91,301.84,2026,4,25,Spring,30°N-60°N
19.40461,-89.30431,367.0,0.61,0.53,2026-04-24,1945,N21,VIIRS,l,2.0NRT,337.7,274.99,Day,VIIRS_NOAA21_NRT,,,2026,4,24,Spring,0°-30°N
19.40398,-89.31002,335.67,0.61,0.53,2026-04-24,1945,N21,VIIRS,n,2.0NRT,302.75,274.99,Day,VIIRS_NOAA21_NRT,,,2026,4,24,Spring,0°-30°N
19.40951,-89.30486,340.31,0.61,0.53,2026-04-24,1945,N21,VIIRS,n,2.0NRT,302.88,274.99,Day,VIIRS_NOAA21_NRT,,,2026,4,24,Spring,0°-30°N
19.40091,-155.27614,354.78,0.41,0.61,2026-04-23,1249,N,VIIRS,n,2.0NRT,301.77,274.81,Night,VIIRS_SNPP_NRT,,,2026,4,23,Spring,0°-30°N
19.4064,-155.27466,349.27,0.41,0.61,2026-04-23,1249,N,VIIRS,n,2.0NRT,302.8,274.81,Night,VIIRS_SNPP_NRT,,,2026,4,23,Spring,0°-30°N
11.20905,-13.45766,356.29,0.41,0.37,2026-04-23,1408,N20,VIIRS,l,2.0NRT,289.81,274.7,Day,VIIRS_NOAA20_NRT,,,2026,4,23,Spring,0°-30°N
11.02283,-13.2512,346.8,0.38,0.43,2026-04-21,1355,N21,VIIRS,n,2.0NRT,308.37,274.59,Day,VIIRS_NOAA21_NRT,,,2026,4,21,Spring,0°-30°N
11.01889,-13.25044,367.0,0.38,0.43,2026-04-21,1355,N21,VIIRS,h,2.0NRT,337.29,274.59,Day,VIIRS_NOAA21_NRT,,,2026,4,21,Spring,0°-30°N
18.39313,-90.79539,367.0,0.41,0.37,2026-04-25,1925,N21,VIIRS,l,2.0NRT,346.49,274.48,Day,VIIRS_NOAA21_NRT,,,2026,4,25,Spring,0°-30°N
18.38976,-90.79488,367.0,0.41,0.37,2026-04-25,1925,N21,VIIRS,h,2.0NRT,329.54,274.48,Day,VIIRS_NOAA21_NRT,,,2026,4,25,Spring,0°-30°N
19.37987,-89.26989,,1.15,1.07,2026-04-24,2057,Aqua,MODIS,100,6.1NRT,,274.44,Day,MODIS_NRT,397.18,308.58,2026,4,24,Spring,0°-30°N
25.29949,78.32467,,1.0,1.0,2026-04-22,949,Aqua,MODIS,100,6.1NRT,,274.29,Day,MODIS_NRT,406.84,326.88,2026,4,22,Spring,0°-30°N
20.39724,101.49188,367.0,0.42,0.45,2026-04-22,650,N21,VIIRS,l,2.0NRT,364.45,273.73,Day,VIIRS_NOAA21_NRT,,,2026,4,22,Spring,0°-30°N
20.39353,101.49613,340.36,0.42,0.45,2026-04-22,650,N21,VIIRS,n,2.0NRT,301.6,273.73,Day,VIIRS_NOAA21_NRT,,,2026,4,22,Spring,0°-30°N
20.39767,101.49556,367.0,0.42,0.45,2026-04-22,650,N21,VIIRS,h,2.0NRT,340.68,273.73,Day,VIIRS_NOAA21_NRT,,,2026,4,22,Spring,0°-30°N
20.3931,101.49249,349.61,0.42,0.45,2026-04-22,650,N21,VIIRS,n,2.0NRT,303.77,273.73,Day,VIIRS_NOAA21_NRT,,,2026,4,22,Spring,0°-30°N
22.8408,93.28191,367.0,0.54,0.42,2026-04-22,724,N,VIIRS,l,2.0NRT,341.49,273.37,Day,VIIRS_SNPP_NRT,,,2026,4,22,Spring,0°-30°N
22.84474,93.28168,367.0,0.54,0.42,2026-04-22,724,N,VIIRS,l,2.0NRT,351.87,273.37,Day,VIIRS_SNPP_NRT,,,2026,4,22,Spring,0°-30°N
22.84015,93.27661,367.0,0.54,0.42,2026-04-22,724,N,VIIRS,h,2.0NRT,328.69,273.37,Day,VIIRS_SNPP_NRT,,,2026,4,22,Spring,0°-30°N
20.84622,100.91702,367.0,0.43,0.38,2026-04-24,646,N,VIIRS,l,2.0NRT,333.39,273.35,Day,VIIRS_SNPP_NRT,,,2026,4,24,Spring,0°-30°N
10.42426,-12.11986,367.0,0.51,0.41,2026-04-21,1353,N21,VIIRS,h,2.0NRT,328.11,273.1,Day,VIIRS_NOAA21_NRT,,,2026,4,21,Spring,0°-30°N
-40.87529,144.9882,,2.15,1.43,2026-04-21,538,Aqua,MODIS,100,6.1NRT,,273.09,Day,MODIS_NRT,361.51,288.19,2026,4,21,Spring,60°S-30°S
11.34752,-13.69738,367.0,0.39,0.36,2026-04-25,1418,N21,VIIRS,l,2.0NRT,338.11,272.19,Day,VIIRS_NOAA21_NRT,,,2026,4,25,Spring,0°-30°N
44.47686,131.47466,,1.21,1.09,2026-04-24,616,Aqua,MODIS,100,6.1NRT,,272.19,Day,MODIS_NRT,391.96,300.25,2026,4,24,Spring,30°N-60°N
11.35084,-13.69791,367.0,0.39,0.36,2026-04-25,1418,N21,VIIRS,h,2.0NRT,348.05,272.19,Day,VIIRS_NOAA21_NRT,,,2026,4,25,Spring,0°-30°N
20.56664,-104.72601,367.0,0.42,0.37,2026-04-23,2004,N21,VIIRS,h,2.0NRT,350.13,272.12,Day,VIIRS_NOAA21_NRT,,,2026,4,23,Spring,0°-30°N
33.37258,-108.62428,,1.91,1.35,2026-04-24,2240,Aqua,MODIS,100,6.1NRT,,271.95,Day,MODIS_NRT,369.46,306.45,2026,4,24,Spring,30°N-60°N
13.71723,106.22587,,1.29,1.13,2026-04-24,143,Terra,MODIS,100,6.1NRT,,271.7,Day,MODIS_NRT,389.75,294.65,2026,4,24,Spring,0°-30°N
-41.20322,147.7549,367.0,0.55,0.42,2026-04-23,345,N20,VIIRS,l,2.0NRT,346.56,271.07,Day,VIIRS_NOAA20_NRT,,,2026,4,23,Spring,60°S-30°S
-41.19931,147.75388,367.0,0.55,0.42,2026-04-23,345,N20,VIIRS,l,2.0NRT,334.23,271.07,Day,VIIRS_NOAA20_NRT,,,2026,4,23,Spring,60°S-30°S
-41.19863,147.76062,340.89,0.55,0.42,2026-04-23,345,N20,VIIRS,n,2.0NRT,295.73,271.07,Day,VIIRS_NOAA20_NRT,,,2026,4,23,Spring,60°S-30°S
10.88067,-13.26007,367.0,0.39,0.44,2026-04-21,1355,N21,VIIRS,l,2.0NRT,360.4,271.04,Day,VIIRS_NOAA21_NRT,,,2026,4,21,Spring,0°-30°N
10.88403,-13.2643,367.0,0.39,0.44,2026-04-21,1355,N21,VIIRS,l,2.0NRT,327.08,271.04,Day,VIIRS_NOAA21_NRT,,,2026,4,21,Spring,0°-30°N
10.8801,-13.26346,367.0,0.39,0.44,2026-04-21,1355,N21,VIIRS,l,2.0NRT,361.77,271.04,Day,VIIRS_NOAA21_NRT,,,2026,4,21,Spring,0°-30°N
10.88462,-13.2608,367.0,0.39,0.44,2026-04-21,1355,N21,VIIRS,h,2.0NRT,303.35,271.04,Day,VIIRS_NOAA21_NRT,,,2026,4,21,Spring,0°-30°N
23.58584,77.62418,367.0,0.58,0.52,2026-04-22,833,N21,VIIRS,h,2.0NRT,334.97,270.8,Day,VIIRS_NOAA21_NRT,,,2026,4,22,Spring,0°-30°N
10.80489,-13.21547,340.87,0.6,0.53,2026-04-21,1444,N20,VIIRS,n,2.0NRT,306.37,270.73,Day,VIIRS_NOAA20_NRT,,,2026,4,21,Spring,0°-30°N
10.79998,-13.21499,356.0,0.6,0.53,2026-04-21,1444,N20,VIIRS,n,2.0NRT,300.12,270.73,Day,VIIRS_NOAA20_NRT,,,2026,4,21,Spring,0°-30°N
10.80419,-13.22104,367.0,0.6,0.53,2026-04-21,1444,N20,VIIRS,l,2.0NRT,330.64,270.73,Day,VIIRS_NOAA20_NRT,,,2026,4,21,Spring,0°-30°N
10.79932,-13.22025,207.93,0.6,0.53,2026-04-21,1444,N20,VIIRS,l,2.0NRT,320.7,270.73,Day,VIIRS_NOAA20_NRT,,,2026,4,21,Spring,0°-30°N
22.97287,93.15559,,1.53,1.22,2026-04-21,911,Aqua,MODIS,100,6.1NRT,,270.63,Day,MODIS_NRT,380.48,304.81,2026,4,21,Spring,0°-30°N
9.67001,-12.69638,367.0,0.41,0.37,2026-04-25,1418,N21,VIIRS,h,2.0NRT,345.29,270.21,Day,VIIRS_NOAA21_NRT,,,2026,4,25,Spring,0°-30°N
9.66948,-12.70005,340.73,0.41,0.37,2026-04-25,1418,N21,VIIRS,n,2.0NRT,310.29,270.21,Day,VIIRS_NOAA21_NRT,,,2026,4,25,Spring,0°-30°N
9.66663,-12.69587,367.0,0.41,0.37,2026-04-25,1418,N21,VIIRS,h,2.0NRT,351.56,270.21,Day,VIIRS_NOAA21_NRT,,,2026,4,25,Spring,0°-30°N
17.34422,94.65995,367.0,0.41,0.37,2026-04-22,650,N21,VIIRS,h,2.0NRT,329.21,269.98,Day,VIIRS_NOAA21_NRT,,,2026,4,22,Spring,0°-30°N
22.84216,93.27826,367.0,0.41,0.37,2026-04-22,652,N21,VIIRS,h,2.0NRT,332.72,269.95,Day,VIIRS_NOAA21_NRT,,,2026,4,22,Spring,0°-30°N
23.78602,92.15773,356.4,0.77,0.78,2026-04-21,803,N20,VIIRS,l,2.0NRT,289.15,269.91,Day,VIIRS_NOAA20_NRT,,,2026,4,21,Spring,0°-30°N
22.85765,93.13377,,1.52,1.22,2026-04-21,911,Aqua,MODIS,100,6.1NRT,,269.44,Day,MODIS_NRT,380.34,306.39,2026,4,21,Spring,0°-30°N
11.21804,-13.46667,367.0,0.41,0.37,2026-04-23,1408,N20,VIIRS,h,2.0NRT,328.59,268.79,Day,VIIRS_NOAA20_NRT,,,2026,4,23,Spring,0°-30°N
10.2929,-12.59146,351.85,0.78,0.78,2026-04-23,1316,N21,VIIRS,n,2.0NRT,301.46,268.71,Day,VIIRS_NOAA21_NRT,,,2026,4,23,Spring,0°-30°N
-37.09372,149.19145,344.9,0.56,0.51,2026-04-23,434,N21,VIIRS,n,2.0NRT,302.12,268.44,Day,VIIRS_NOAA21_NRT,,,2026,4,23,Spring,60°S-30°S
-37.09515,149.18544,367.0,0.56,0.51,2026-04-23,434,N21,VIIRS,h,2.0NRT,351.71,268.44,Day,VIIRS_NOAA21_NRT,,,2026,4,23,Spring,60°S-30°S
10.74129,-13.38611,207.93,0.52,0.67,2026-04-25,1329,N20,VIIRS,l,2.0NRT,316.56,268.06,Day,VIIRS_NOAA20_NRT,,,2026,4,25,Spring,0°-30°N
10.74732,-13.38723,207.93,0.52,0.67,2026-04-25,1329,N20,VIIRS,l,2.0NRT,317.07,268.06,Day,VIIRS_NOAA20_NRT,,,2026,4,25,Spring,0°-30°N
10.74208,-13.38198,271.5,0.52,0.66,2026-04-25,1329,N20,VIIRS,l,2.0NRT,308.78,268.06,Day,VIIRS_NOAA20_NRT,,,2026,4,25,Spring,0°-30°N
10.74809,-13.38325,367.0,0.52,0.66,2026-04-25,1329,N20,VIIRS,l,2.0NRT,330.08,268.06,Day,VIIRS_NOAA20_NRT,,,2026,4,25,Spring,0°-30°N
-1.39904,29.22192,,4.71,1.99,2026-04-22,41,Aqua,MODIS,100,6.1NRT,,267.94,Night,MODIS_NRT,327.54,281.95,2026,4,22,Spring,30°S-0°
-37.01515,141.88675,207.93,0.53,0.67,2026-04-23,525,N20,VIIRS,l,2.0NRT,316.22,267.87,Day,VIIRS_NOAA20_NRT,,,2026,4,23,Spring,60°S-30°S
40.57255,128.88628,,2.65,1.56,2026-04-23,538,Aqua,MODIS,97,6.1NRT,,267.85,Day,MODIS_NRT,352.18,291.83,2026,4,23,Spring,30°N-60°N
-15.60582,129.78891,,1.28,1.12,2026-04-25,640,Aqua,MODIS,100,6.1NRT,,266.98,Day,MODIS_NRT,389.62,307.15,2026,4,25,Spring,30°S-0°
49.48204,84.33961,,1.03,1.02,2026-04-23,856,Aqua,MODIS,100,6.1NRT,,266.58,Day,MODIS_NRT,400.62,292.45,2026,4,23,Spring,30°N-60°N
24.60638,94.43981,,3.09,1.67,2026-04-22,811,Aqua,MODIS,94,6.1NRT,,265.91,Day,MODIS_NRT,347.87,298.52,2026,4,22,Spring,0°-30°N
-25.07788,-51.1095,352.12,0.77,0.78,2026-04-23,1809,N21,VIIRS,n,2.0NRT,311.33,265.78,Day,VIIRS_NOAA21_NRT,,,2026,4,23,Spring,30°S-0°
9.88911,-12.99577,367.0,0.4,0.37,2026-04-23,1408,N20,VIIRS,h,2.0NRT,344.15,265.57,Day,VIIRS_NOAA20_NRT,,,2026,4,23,Spring,0°-30°N
19.94283,94.01982,367.0,0.45,0.39,2026-04-21,709,N21,VIIRS,h,2.0NRT,334.06,265.37,Day,VIIRS_NOAA21_NRT,,,2026,4,21,Spring,0°-30°N
19.93932,94.02047,367.0,0.45,0.39,2026-04-21,709,N21,VIIRS,l,2.0NRT,328.36,265.37,Day,VIIRS_NOAA21_NRT,,,2026,4,21,Spring,0°-30°N
19.9387,94.01601,367.0,0.45,0.39,2026-04-21,709,N21,VIIRS,h,2.0NRT,329.5,265.37,Day,VIIRS_NOAA21_NRT,,,2026,4,21,Spring,0°-30°N
19.94223,94.01546,367.0,0.45,0.39,2026-04-21,709,N21,VIIRS,h,2.0NRT,331.8,265.37,Day,VIIRS_NOAA21_NRT,,,2026,4,21,Spring,0°-30°N
16.27643,-92.92778,341.12,0.5,0.41,2026-04-24,1945,N21,VIIRS,n,2.0NRT,310.65,265.17,Day,VIIRS_NOAA21_NRT,,,2026,4,24,Spring,0°-30°N
-33.91655,120.53709,,1.26,1.11,2026-04-22,754,Aqua,MODIS,0,6.1NRT,,264.98,Day,MODIS_NRT,388.41,314.53,2026,4,22,Spring,60°S-30°S
19.40434,-155.29782,354.52,0.41,0.61,2026-04-23,1249,N,VIIRS,n,2.0NRT,286.01,264.31,Night,VIIRS_SNPP_NRT,,,2026,4,23,Spring,0°-30°N
19.39791,-155.29504,320.78,0.41,0.61,2026-04-23,1249,N,VIIRS,n,2.0NRT,284.83,264.31,Night,VIIRS_SNPP_NRT,,,2026,4,23,Spring,0°-30°N
19.39879,-155.299,308.21,0.41,0.61,2026-04-23,1249,N,VIIRS,n,2.0NRT,283.15,264.31,Night,VIIRS_SNPP_NRT,,,2026,4,23,Spring,0°-30°N
19.40343,-155.29372,367.0,0.41,0.61,2026-04-23,1249,N,VIIRS,h,2.0NRT,317.54,264.31,Night,VIIRS_SNPP_NRT,,,2026,4,23,Spring,0°-30°N
14.51204,-12.82073,,1.62,1.25,2026-04-22,1622,Aqua,MODIS,100,6.1NRT,,264.27,Day,MODIS_NRT,379.57,317.58,2026,4,22,Spring,0°-30°N
-1.04469,114.90533,,1.0,1.0,2026-04-24,741,Aqua,MODIS,100,6.1NRT,,263.99,Day,MODIS_NRT,402.85,306.28,2026,4,24,Spring,30°S-0°
-18.27811,124.97626,,1.57,1.23,2026-04-25,1304,Terra,MODIS,100,6.1NRT,,263.72,Night,MODIS_NRT,376.58,300.84,2026,4,25,Spring,30°S-0°
-30.49154,116.47668,367.0,0.57,0.52,2026-04-22,635,N21,VIIRS,l,2.0NRT,326.39,263.54,Day,VIIRS_NOAA21_NRT,,,2026,4,22,Spring,60°S-30°S
-29.45241,115.19803,367.0,0.43,0.46,2026-04-25,540,N21,VIIRS,l,2.0NRT,352.33,263.42,Day,VIIRS_NOAA21_NRT,,,2026,4,25,Spring,30°S-0°
-29.45288,115.19353,367.0,0.43,0.46,2026-04-25,540,N21,VIIRS,l,2.0NRT,371.22,263.42,Day,VIIRS_NOAA21_NRT,,,2026,4,25,Spring,30°S-0°
-29.45664,115.19859,347.33,0.43,0.46,2026-04-25,540,N21,VIIRS,n,2.0NRT,312.9,263.42,Day,VIIRS_NOAA21_NRT,,,2026,4,25,Spring,30°S-0°
-29.45712,115.19409,367.0,0.43,0.46,2026-04-25,540,N21,VIIRS,h,2.0NRT,347.65,263.42,Day,VIIRS_NOAA21_NRT,,,2026,4,25,Spring,30°S-0°
11.26435,-13.03981,345.98,0.55,0.43,2026-04-21,1355,N21,VIIRS,n,2.0NRT,307.93,263.25,Day,VIIRS_NOAA21_NRT,,,2026,4,21,Spring,0°-30°N
11.26514,-13.03503,367.0,0.55,0.43,2026-04-21,1355,N21,VIIRS,l,2.0NRT,348.99,263.25,Day,VIIRS_NOAA21_NRT,,,2026,4,21,Spring,0°-30°N
11.58309,-13.50613,367.0,0.6,0.53,2026-04-25,1450,N,VIIRS,h,2.0NRT,331.58,263.15,Day,VIIRS_SNPP_NRT,,,2026,4,25,Spring,0°-30°N
11.57753,-13.51075,346.34,0.6,0.53,2026-04-25,1450,N,VIIRS,n,2.0NRT,313.61,263.15,Day,VIIRS_SNPP_NRT,,,2026,4,25,Spring,0°-30°N
11.57821,-13.50525,367.0,0.6,0.53,2026-04-25,1450,N,VIIRS,l,2.0NRT,369.06,263.15,Day,VIIRS_SNPP_NRT,,,2026,4,25,Spring,0°-30°N
19.94257,94.01628,367.0,0.45,0.39,2026-04-21,709,N21,VIIRS,h,2.0NRT,330.38,262.61,Day,VIIRS_NOAA21_NRT,,,2026,4,21,Spring,0°-30°N
19.94314,94.02059,367.0,0.45,0.39,2026-04-21,709,N21,VIIRS,h,2.0NRT,327.14,262.61,Day,VIIRS_NOAA21_NRT,,,2026,4,21,Spring,0°-30°N
19.93904,94.01685,367.0,0.45,0.39,2026-04-21,709,N21,VIIRS,l,2.0NRT,344.19,262.61,Day,VIIRS_NOAA21_NRT,,,2026,4,21,Spring,0°-30°N
19.93963,94.02131,342.08,0.45,0.39,2026-04-21,709,N21,VIIRS,n,2.0NRT,312.68,262.61,Day,VIIRS_NOAA21_NRT,,,2026,4,21,Spring,0°-30°N
10.77804,-13.2175,367.0,0.46,0.39,2026-04-22,1425,N20,VIIRS,h,2.0NRT,340.06,262.26,Day,VIIRS_NOAA20_NRT,,,2026,4,22,Spring,0°-30°N
24.81655,94.40955,,3.08,1.67,2026-04-22,811,Aqua,MODIS,94,6.1NRT,,262.25,Day,MODIS_NRT,347.02,297.7,2026,4,22,Spring,0°-30°N
19.21572,-89.71014,,1.21,1.09,2026-04-24,2057,Aqua,MODIS,100,6.1NRT,,261.93,Day,MODIS_NRT,392.85,311.07,2026,4,24,Spring,0°-30°N
19.05867,-88.95389,367.0,0.49,0.4,2026-04-25,1925,N21,VIIRS,h,2.0NRT,327.27,261.43,Day,VIIRS_NOAA21_NRT,,,2026,4,25,Spring,0°-30°N
19.06296,-88.94984,341.3,0.49,0.4,2026-04-25,1925,N21,VIIRS,n,2.0NRT,310.5,261.43,Day,VIIRS_NOAA21_NRT,,,2026,4,25,Spring,0°-30°N
22.84347,93.26706,,4.17,1.89,2026-04-22,811,Aqua,MODIS,66,6.1NRT,,261.4,Day,MODIS_NRT,337.92,294.63,2026,4,22,Spring,0°-30°N
-32.68007,119.7477,367.0,0.71,0.75,2026-04-21,654,N21,VIIRS,h,2.0NRT,331.02,261.37,Day,VIIRS_NOAA21_NRT,,,2026,4,21,Spring,60°S-30°S
-32.67801,119.75465,327.02,0.71,0.75,2026-04-21,654,N21,VIIRS,n,2.0NRT,290.23,261.37,Day,VIIRS_NOAA21_NRT,,,2026,4,21,Spring,60°S-30°S
18.25521,-89.40388,367.0,0.55,0.42,2026-04-24,1856,N20,VIIRS,h,2.0NRT,336.69,260.91,Day,VIIRS_NOAA20_NRT,,,2026,4,24,Spring,0°-30°N
-42.9077,146.93686,367.0,0.4,0.37,2026-04-21,419,N20,VIIRS,l,2.0NRT,367.09,260.75,Day,VIIRS_NOAA20_NRT,,,2026,4,21,Spring,60°S-30°S
-42.90855,146.93195,367.0,0.4,0.37,2026-04-21,419,N20,VIIRS,h,2.0NRT,332.92,260.75,Day,VIIRS_NOAA20_NRT,,,2026,4,21,Spring,60°S-30°S
-42.90434,146.93579,367.0,0.4,0.37,2026-04-21,419,N20,VIIRS,h,2.0NRT,355.66,260.75,Day,VIIRS_NOAA20_NRT,,,2026,4,21,Spring,60°S-30°S
-42.90519,146.93088,367.0,0.4,0.37,2026-04-21,419,N20,VIIRS,h,2.0NRT,338.85,260.75,Day,VIIRS_NOAA20_NRT,,,2026,4,21,Spring,60°S-30°S
10.53064,29.7773,352.36,0.48,0.48,2026-04-25,1056,N21,VIIRS,n,2.0NRT,310.61,260.59,Day,VIIRS_NOAA21_NRT,,,2026,4,25,Spring,0°-30°N
12.78176,-87.06985,,1.91,1.35,2026-04-21,2038,Aqua,MODIS,100,6.1NRT,,260.57,Day,MODIS_NRT,369.34,299.6,2026,4,21,Spring,0°-30°N
-17.76439,124.10274,341.49,0.49,0.41,2026-04-23,512,N,VIIRS,n,2.0NRT,310.6,260.36,Day,VIIRS_SNPP_NRT,,,2026,4,23,Spring,30°S-0°
14.34915,-4.662,,3.51,1.76,2026-04-24,956,Terra,MODIS,92,6.1NRT,,259.93,Day,MODIS_NRT,345.68,293.01,2026,4,24,Spring,0°-30°N
11.26658,-13.03361,367.0,0.55,0.43,2026-04-21,1355,N21,VIIRS,h,2.0NRT,353.84,259.81,Day,VIIRS_NOAA21_NRT,,,2026,4,21,Spring,0°-30°N
11.26959,-13.0393,343.71,0.55,0.43,2026-04-21,1355,N21,VIIRS,n,2.0NRT,304.68,259.81,Day,VIIRS_NOAA21_NRT,,,2026,4,21,Spring,0°-30°N
11.27041,-13.03456,349.86,0.55,0.43,2026-04-21,1355,N21,VIIRS,n,2.0NRT,304.15,259.81,Day,VIIRS_NOAA21_NRT,,,2026,4,21,Spring,0°-30°N
11.28085,-13.81406,367.0,0.41,0.45,2026-04-21,1355,N21,VIIRS,l,2.0NRT,355.31,259.77,Day,VIIRS_NOAA21_NRT,,,2026,4,21,Spring,0°-30°N
11.28018,-13.81792,341.38,0.41,0.45,2026-04-21,1355,N21,VIIRS,n,2.0NRT,310.42,259.77,Day,VIIRS_NOAA21_NRT,,,2026,4,21,Spring,0°-30°N
11.28423,-13.81876,344.16,0.41,0.45,2026-04-21,1355,N21,VIIRS,n,2.0NRT,309.2,259.77,Day,VIIRS_NOAA21_NRT,,,2026,4,21,Spring,0°-30°N
11.28489,-13.81494,367.0,0.41,0.45,2026-04-21,1355,N21,VIIRS,l,2.0NRT,345.74,259.77,Day,VIIRS_NOAA21_NRT,,,2026,4,21,Spring,0°-30°N
20.56031,100.42829,,3.6,1.78,2026-04-24,748,Aqua,MODIS,91,6.1NRT,,258.99,Day,MODIS_NRT,342.4,297.32,2026,4,24,Spring,0°-30°N
41.56978,-101.32902,,1.78,1.31,2026-04-23,2201,Aqua,MODIS,100,6.1NRT,,258.44,Day,MODIS_NRT,370.76,304.43,2026,4,23,Spring,30°N-60°N
51.6212,82.06128,,1.07,1.03,2026-04-21,920,Aqua,MODIS,100,6.1NRT,,258.15,Day,MODIS_NRT,397.43,304.25,2026,4,21,Spring,30°N-60°N
11.2277,-13.84616,367.0,0.42,0.38,2026-04-23,1408,N20,VIIRS,h,2.0NRT,341.11,257.72,Day,VIIRS_NOAA20_NRT,,,2026,4,23,Spring,0°-30°N
-31.6706,118.28837,,1.75,1.3,2026-04-25,811,Aqua,MODIS,100,6.1NRT,,257.28,Day,MODIS_NRT,370.1,304.66,2026,4,25,Spring,60°S-30°S
-19.6112,122.29586,,1.01,1.0,2026-04-21,722,Aqua,MODIS,100,6.1NRT,,257.2,Day,MODIS_NRT,402.58,316.76,2026,4,21,Spring,30°S-0°
-35.58906,-71.62319,367.0,0.44,0.38,2026-04-22,1858,N,VIIRS,h,2.0NRT,340.73,256.63,Day,VIIRS_SNPP_NRT,,,2026,4,22,Spring,60°S-30°S
9.28519,-12.9741,367.0,0.41,0.37,2026-04-23,1405,N20,VIIRS,l,2.0NRT,329.49,256.59,Day,VIIRS_NOAA20_NRT,,,2026,4,23,Spring,0°-30°N
9.2818,-12.97356,348.83,0.41,0.37,2026-04-23,1405,N20,VIIRS,l,2.0NRT,299.09,256.59,Day,VIIRS_NOAA20_NRT,,,2026,4,23,Spring,0°-30°N
9.28576,-12.97042,367.0,0.41,0.37,2026-04-23,1405,N20,VIIRS,l,2.0NRT,330.29,256.59,Day,VIIRS_NOAA20_NRT,,,2026,4,23,Spring,0°-30°N
-35.85601,145.90761,347.38,0.58,0.52,2026-04-21,332,N21,VIIRS,n,2.0NRT,309.13,256.5,Day,VIIRS_NOAA21_NRT,,,2026,4,21,Spring,60°S-30°S
26.28933,-80.52199,345.18,0.52,0.5,2026-04-21,1902,N21,VIIRS,n,2.0NRT,310.39,256.42,Day,VIIRS_NOAA21_NRT,,,2026,4,21,Spring,0°-30°N
22.70384,93.10539,367.0,0.53,0.42,2026-04-22,724,N,VIIRS,h,2.0NRT,335.4,256.34,Day,VIIRS_SNPP_NRT,,,2026,4,22,Spring,0°-30°N
22.70772,93.10493,353.21,0.53,0.42,2026-04-22,724,N,VIIRS,n,2.0NRT,298.14,256.34,Day,VIIRS_SNPP_NRT,,,2026,4,22,Spring,0°-30°N
22.70827,93.10939,357.04,0.53,0.42,2026-04-22,724,N,VIIRS,n,2.0NRT,298.36,256.34,Day,VIIRS_SNPP_NRT,,,2026,4,22,Spring,0°-30°N
-15.19947,125.80019,,2.88,1.62,2026-04-24,739,Aqua,MODIS,96,6.1NRT,,256.26,Day,MODIS_NRT,350.78,301.03,2026,4,24,Spring,30°S-0°
9.19117,-12.79998,336.39,0.59,0.53,2026-04-23,1348,N,VIIRS,n,2.0NRT,306.18,256.16,Day,VIIRS_SNPP_NRT,,,2026,4,23,Spring,0°-30°N
9.18537,-12.80455,333.46,0.59,0.53,2026-04-23,1348,N,VIIRS,l,2.0NRT,303.63,256.16,Day,VIIRS_SNPP_NRT,,,2026,4,23,Spring,0°-30°N
9.18632,-12.79917,353.06,0.59,0.53,2026-04-23,1348,N,VIIRS,n,2.0NRT,305.6,256.16,Day,VIIRS_SNPP_NRT,,,2026,4,23,Spring,0°-30°N
9.19022,-12.80539,208.0,0.59,0.53,2026-04-23,1348,N,VIIRS,l,2.0NRT,315.0,256.16,Day,VIIRS_SNPP_NRT,,,2026,4,23,Spring,0°-30°N
10.94301,-13.20942,367.0,0.4,0.37,2026-04-23,1408,N20,VIIRS,l,2.0NRT,330.06,255.99,Day,VIIRS_NOAA20_NRT,,,2026,4,23,Spring,0°-30°N
20.92339,101.34478,336.85,0.44,0.38,2026-04-24,646,N,VIIRS,n,2.0NRT,301.13,255.64,Day,VIIRS_SNPP_NRT,,,2026,4,24,Spring,0°-30°N
-29.39427,148.48567,,1.15,1.07,2026-04-24,557,Aqua,MODIS,100,6.1NRT,,255.45,Day,MODIS_NRT,393.1,310.34,2026,4,24,Spring,30°S-0°
23.79348,91.788,,1.29,1.13,2026-04-21,911,Aqua,MODIS,100,6.1NRT,,255.44,Day,MODIS_NRT,387.11,298.16,2026,4,21,Spring,0°-30°N
-19.63186,122.22617,367.0,0.54,0.42,2026-04-22,550,N20,VIIRS,h,2.0NRT,341.59,254.88,Day,VIIRS_NOAA20_NRT,,,2026,4,22,Spring,30°S-0°
-19.62798,122.2254,367.0,0.54,0.42,2026-04-22,550,N20,VIIRS,h,2.0NRT,364.68,254.88,Day,VIIRS_NOAA20_NRT,,,2026,4,22,Spring,30°S-0°
-19.62893,122.22027,367.0,0.54,0.42,2026-04-22,550,N20,VIIRS,l,2.0NRT,333.62,254.88,Day,VIIRS_NOAA20_NRT,,,2026,4,22,Spring,30°S-0°
-19.63281,122.221,341.28,0.54,0.42,2026-04-22,550,N20,VIIRS,n,2.0NRT,307.06,254.88,Day,VIIRS_NOAA20_NRT,,,2026,4,22,Spring,30°S-0°
30.74405,-82.83232,,1.2,1.09,2026-04-21,2044,Aqua,MODIS,100,6.1NRT,,254.83,Day,MODIS_NRT,391.26,303.85,2026,4,21,Spring,30°N-60°N
10.91161,-13.25725,367.0,0.6,0.53,2026-04-21,1444,N20,VIIRS,l,2.0NRT,325.16,253.85,Day,VIIRS_NOAA20_NRT,,,2026,4,21,Spring,0°-30°N
10.91644,-13.25821,367.0,0.6,0.53,2026-04-21,1444,N20,VIIRS,l,2.0NRT,338.03,253.85,Day,VIIRS_NOAA20_NRT,,,2026,4,21,Spring,0°-30°N
10.91576,-13.26363,340.97,0.6,0.53,2026-04-21,1444,N20,VIIRS,n,2.0NRT,310.72,253.85,Day,VIIRS_NOAA20_NRT,,,2026,4,21,Spring,0°-30°N
20.51261,100.41982,344.26,0.58,0.52,2026-04-24,703,N20,VIIRS,n,2.0NRT,304.97,253.61,Day,VIIRS_NOAA20_NRT,,,2026,4,24,Spring,0°-30°N
26.31116,95.61161,276.78,0.55,0.51,2026-04-22,724,N,VIIRS,l,2.0NRT,323.92,253.37,Day,VIIRS_SNPP_NRT,,,2026,4,22,Spring,0°-30°N
26.30638,95.61158,350.22,0.55,0.51,2026-04-22,724,N,VIIRS,n,2.0NRT,287.57,253.37,Day,VIIRS_SNPP_NRT,,,2026,4,22,Spring,0°-30°N
25.53107,92.95962,,1.62,1.25,2026-04-21,911,Aqua,MODIS,100,6.1NRT,,253.18,Day,MODIS_NRT,375.75,303.85,2026,4,21,Spring,0°-30°N
19.40884,-155.2795,,1.73,1.29,2026-04-24,1947,Terra,MODIS,94,6.1NRT,,252.78,Day,MODIS_NRT,370.51,313.75,2026,4,24,Spring,0°-30°N
10.41757,-12.46703,207.38,0.76,0.77,2026-04-23,1316,N21,VIIRS,l,2.0NRT,300.49,252.58,Day,VIIRS_NOAA21_NRT,,,2026,4,23,Spring,0°-30°N
10.41866,-12.46161,355.72,0.76,0.77,2026-04-23,1316,N21,VIIRS,l,2.0NRT,289.38,252.58,Day,VIIRS_NOAA21_NRT,,,2026,4,23,Spring,0°-30°N
20.51204,100.41523,,3.62,1.78,2026-04-24,748,Aqua,MODIS,91,6.1NRT,,252.18,Day,MODIS_NRT,342.06,296.56,2026,4,24,Spring,0°-30°N
11.3418,-13.70339,367.0,0.57,0.52,2026-04-25,1450,N,VIIRS,l,2.0NRT,378.9,252.09,Day,VIIRS_SNPP_NRT,,,2026,4,25,Spring,0°-30°N
11.34659,-13.70428,367.0,0.57,0.52,2026-04-25,1450,N,VIIRS,l,2.0NRT,343.63,252.09,Day,VIIRS_SNPP_NRT,,,2026,4,25,Spring,0°-30°N
11.34109,-13.70874,346.83,0.57,0.52,2026-04-25,1450,N,VIIRS,n,2.0NRT,309.8,252.09,Day,VIIRS_SNPP_NRT,,,2026,4,25,Spring,0°-30°N
11.34587,-13.70971,348.61,0.57,0.52,2026-04-25,1450,N,VIIRS,n,2.0NRT,313.44,252.09,Day,VIIRS_SNPP_NRT,,,2026,4,25,Spring,0°-30°N
20.54866,100.43752,,3.6,1.78,2026-04-24,748,Aqua,MODIS,91,6.1NRT,,251.64,Day,MODIS_NRT,342.1,297.54,2026,4,24,Spring,0°-30°N
11.47126,-13.52333,348.73,0.6,0.53,2026-04-23,1348,N,VIIRS,n,2.0NRT,277.78,251.51,Day,VIIRS_SNPP_NRT,,,2026,4,23,Spring,0°-30°N
11.47225,-13.51782,208.0,0.6,0.53,2026-04-23,1348,N,VIIRS,l,2.0NRT,304.37,251.51,Day,VIIRS_SNPP_NRT,,,2026,4,23,Spring,0°-30°N
11.47604,-13.52475,353.34,0.6,0.53,2026-04-23,1348,N,VIIRS,n,2.0NRT,278.07,251.51,Day,VIIRS_SNPP_NRT,,,2026,4,23,Spring,0°-30°N
9.26477,-12.77632,367.0,0.4,0.37,2026-04-25,1418,N21,VIIRS,l,2.0NRT,352.87,251.37,Day,VIIRS_NOAA21_NRT,,,2026,4,25,Spring,0°-30°N
9.26423,-12.77995,345.91,0.4,0.37,2026-04-25,1418,N21,VIIRS,n,2.0NRT,302.89,251.37,Day,VIIRS_NOAA21_NRT,,,2026,4,25,Spring,0°-30°N
9.2614,-12.77582,351.74,0.4,0.37,2026-04-25,1418,N21,VIIRS,n,2.0NRT,302.2,251.37,Day,VIIRS_NOAA21_NRT,,,2026,4,25,Spring,0°-30°N
-30.49244,116.46767,367.0,0.64,0.72,2026-04-22,707,N,VIIRS,h,2.0NRT,316.79,250.83,Day,VIIRS_SNPP_NRT,,,2026,4,22,Spring,60°S-30°S
9.30717,-12.81216,367.0,0.59,0.53,2026-04-23,1348,N,VIIRS,l,2.0NRT,340.89,250.57,Day,VIIRS_SNPP_NRT,,,2026,4,23,Spring,0°-30°N
9.30812,-12.8068,346.6,0.59,0.53,2026-04-23,1348,N,VIIRS,n,2.0NRT,295.86,250.57,Day,VIIRS_SNPP_NRT,,,2026,4,23,Spring,0°-30°N
9.30234,-12.81131,352.63,0.59,0.53,2026-04-23,1348,N,VIIRS,n,2.0NRT,298.17,250.57,Day,VIIRS_SNPP_NRT,,,2026,4,23,Spring,0°-30°N
30.75025,-82.82809,354.88,0.53,0.67,2026-04-21,1936,N,VIIRS,n,2.0NRT,310.6,250.1,Day,VIIRS_SNPP_NRT,,,2026,4,21,Spring,30°N-60°N
25.04334,94.95428,367.0,0.51,0.41,2026-04-23,633,N21,VIIRS,l,2.0NRT,327.14,249.98,Day,VIIRS_NOAA21_NRT,,,2026,4,23,Spring,0°-30°N
-17.87393,126.53053,352.83,0.57,0.69,2026-04-24,601,N21,VIIRS,n,2.0NRT,302.19,249.91,Day,VIIRS_NOAA21_NRT,,,2026,4,24,Spring,30°S-0°
8.75228,-13.13707,367.0,0.39,0.36,2026-04-25,1418,N21,VIIRS,h,2.0NRT,337.45,249.73,Day,VIIRS_NOAA21_NRT,,,2026,4,25,Spring,0°-30°N
22.5934,93.2903,367.0,0.54,0.42,2026-04-24,646,N,VIIRS,h,2.0NRT,295.07,249.52,Day,VIIRS_SNPP_NRT,,,2026,4,24,Spring,0°-30°N
22.58866,93.28629,367.0,0.54,0.42,2026-04-24,646,N,VIIRS,h,2.0NRT,334.77,249.52,Day,VIIRS_SNPP_NRT,,,2026,4,24,Spring,0°-30°N
18.14815,-101.74378,367.0,0.53,0.42,2026-04-24,1945,N21,VIIRS,h,2.0NRT,328.36,249.4,Day,VIIRS_NOAA21_NRT,,,2026,4,24,Spring,0°-30°N
22.75431,93.30351,351.35,0.44,0.39,2026-04-21,709,N21,VIIRS,n,2.0NRT,300.02,249.2,Day,VIIRS_NOAA21_NRT,,,2026,4,21,Spring,0°-30°N
22.75781,93.30285,337.29,0.44,0.39,2026-04-21,709,N21,VIIRS,n,2.0NRT,305.43,249.2,Day,VIIRS_NOAA21_NRT,,,2026,4,21,Spring,0°-30°N
22.75838,93.3071,367.0,0.44,0.39,2026-04-21,709,N21,VIIRS,l,2.0NRT,371.48,249.2,Day,VIIRS_NOAA21_NRT,,,2026,4,21,Spring,0°-30°N
45.16626,63.82564,,2.39,1.49,2026-04-21,434,Terra,MODIS,98,6.1NRT,,249.14,Day,MODIS_NRT,355.9,295.38,2026,4,21,Spring,30°N-60°N
10.24114,-13.83015,367.0,0.54,0.51,2026-04-25,1450,N,VIIRS,l,2.0NRT,330.39,248.82,Day,VIIRS_SNPP_NRT,,,2026,4,25,Spring,0°-30°N
10.23712,-13.82445,353.15,0.54,0.51,2026-04-25,1450,N,VIIRS,n,2.0NRT,297.62,248.82,Day,VIIRS_SNPP_NRT,,,2026,4,25,Spring,0°-30°N
10.24182,-13.82515,353.91,0.54,0.51,2026-04-25,1450,N,VIIRS,n,2.0NRT,296.96,248.82,Day,VIIRS_SNPP_NRT,,,2026,4,25,Spring,0°-30°N
25.52661,92.95109,,1.61,1.25,2026-04-21,911,Aqua,MODIS,100,6.1NRT,,248.76,Day,MODIS_NRT,374.71,304.83,2026,4,21,Spring,0°-30°N
24.72269,94.2925,346.42,0.56,0.52,2026-04-21,622,N20,VIIRS,n,2.0NRT,298.3,248.63,Day,VIIRS_NOAA20_NRT,,,2026,4,21,Spring,0°-30°N
24.72156,94.28699,367.0,0.56,0.52,2026-04-21,622,N20,VIIRS,l,2.0NRT,325.64,248.63,Day,VIIRS_NOAA20_NRT,,,2026,4,21,Spring,0°-30°N
24.71793,94.29297,352.33,0.56,0.52,2026-04-21,622,N20,VIIRS,n,2.0NRT,302.85,248.63,Day,VIIRS_NOAA20_NRT,,,2026,4,21,Spring,0°-30°N
24.71665,94.28678,367.0,0.56,0.52,2026-04-21,622,N20,VIIRS,l,2.0NRT,325.99,248.63,Day,VIIRS_NOAA20_NRT,,,2026,4,21,Spring,0°-30°N
22.85228,93.17918,,1.53,1.22,2026-04-21,911,Aqua,MODIS,100,6.1NRT,,248.43,Day,MODIS_NRT,376.88,303.43,2026,4,21,Spring,0°-30°N
-42.89415,146.90825,367.0,0.46,0.39,2026-04-21,402,N,VIIRS,l,2.0NRT,369.78,248.42,Day,VIIRS_SNPP_NRT,,,2026,4,21,Spring,60°S-30°S
-42.89345,146.91429,367.0,0.46,0.39,2026-04-21,402,N,VIIRS,h,2.0NRT,342.82,248.42,Day,VIIRS_SNPP_NRT,,,2026,4,21,Spring,60°S-30°S
-42.89052,146.90732,343.31,0.46,0.39,2026-04-21,402,N,VIIRS,n,2.0NRT,286.86,248.42,Day,VIIRS_SNPP_NRT,,,2026,4,21,Spring,60°S-30°S
-36.74283,-72.60408,,1.06,1.03,2026-04-24,1329,Terra,MODIS,100,6.1NRT,,247.93,Day,MODIS_NRT,394.67,285.88,2026,4,24,Spring,60°S-30°S
24.50749,94.22683,345.21,0.51,0.41,2026-04-21,709,N21,VIIRS,n,2.0NRT,316.55,247.69,Day,VIIRS_NOAA21_NRT,,,2026,4,21,Spring,0°-30°N
24.51129,94.22662,367.0,0.51,0.41,2026-04-21,709,N21,VIIRS,h,2.0NRT,331.57,247.69,Day,VIIRS_NOAA21_NRT,,,2026,4,21,Spring,0°-30°N
24.12628,94.12333,344.46,0.58,0.7,2026-04-22,603,N20,VIIRS,n,2.0NRT,304.63,247.59,Day,VIIRS_NOAA20_NRT,,,2026,4,22,Spring,0°-30°N
24.1202,94.12564,367.0,0.58,0.7,2026-04-22,603,N20,VIIRS,l,2.0NRT,338.14,247.59,Day,VIIRS_NOAA20_NRT,,,2026,4,22,Spring,0°-30°N
24.12526,94.11924,354.0,0.58,0.7,2026-04-22,603,N20,VIIRS,n,2.0NRT,298.69,247.59,Day,VIIRS_NOAA20_NRT,,,2026,4,22,Spring,0°-30°N
-15.65759,126.61603,,1.02,1.01,2026-04-23,659,Aqua,MODIS,100,6.1NRT,,247.47,Day,MODIS_NRT,399.44,306.74,2026,4,23,Spring,30°S-0°
21.77285,101.88004,367.0,0.48,0.4,2026-04-24,646,N,VIIRS,h,2.0NRT,355.98,246.95,Day,VIIRS_SNPP_NRT,,,2026,4,24,Spring,0°-30°N
21.77655,101.87972,340.27,0.48,0.4,2026-04-24,646,N,VIIRS,n,2.0NRT,301.96,246.95,Day,VIIRS_SNPP_NRT,,,2026,4,24,Spring,0°-30°N
20.48705,101.48681,367.0,0.41,0.37,2026-04-21,620,N20,VIIRS,h,2.0NRT,329.34,246.84,Day,VIIRS_NOAA20_NRT,,,2026,4,21,Spring,0°-30°N
-18.24,125.38525,,1.18,1.08,2026-04-23,659,Aqua,MODIS,100,6.1NRT,,246.74,Day,MODIS_NRT,391.38,313.48,2026,4,23,Spring,30°S-0°
-17.92925,126.42035,,2.82,1.6,2026-04-24,737,Aqua,MODIS,96,6.1NRT,,246.31,Day,MODIS_NRT,351.29,302.75,2026,4,24,Spring,30°S-0°
16.79659,-89.57089,208.0,0.72,0.76,2026-04-24,2017,N,VIIRS,l,2.0NRT,313.72,246.3,Day,VIIRS_SNPP_NRT,,,2026,4,24,Spring,0°-30°N
25.80034,92.64435,367.0,0.4,0.37,2026-04-22,652,N21,VIIRS,h,2.0NRT,330.88,246.18,Day,VIIRS_NOAA21_NRT,,,2026,4,22,Spring,0°-30°N
11.76219,-13.39231,367.0,0.57,0.43,2026-04-21,1355,N21,VIIRS,h,2.0NRT,344.14,246.0,Day,VIIRS_NOAA21_NRT,,,2026,4,21,Spring,0°-30°N
11.76134,-13.39738,338.04,0.57,0.43,2026-04-21,1355,N21,VIIRS,n,2.0NRT,307.63,246.0,Day,VIIRS_NOAA21_NRT,,,2026,4,21,Spring,0°-30°N
11.76611,-13.39311,351.71,0.57,0.43,2026-04-21,1355,N21,VIIRS,n,2.0NRT,314.13,246.0,Day,VIIRS_NOAA21_NRT,,,2026,4,21,Spring,0°-30°N
-42.84529,146.90767,367.0,0.4,0.37,2026-04-21,419,N20,VIIRS,h,2.0NRT,349.63,245.76,Day,VIIRS_NOAA20_NRT,,,2026,4,21,Spring,60°S-30°S
-42.84868,146.90866,367.0,0.4,0.37,2026-04-21,419,N20,VIIRS,h,2.0NRT,325.31,245.76,Day,VIIRS_NOAA20_NRT,,,2026,4,21,Spring,60°S-30°S
-42.84953,146.90378,367.0,0.4,0.37,2026-04-21,419,N20,VIIRS,l,2.0NRT,339.91,245.76,Day,VIIRS_NOAA20_NRT,,,2026,4,21,Spring,60°S-30°S
-42.84615,146.9028,367.0,0.4,0.37,2026-04-21,419,N20,VIIRS,h,2.0NRT,352.36,245.76,Day,VIIRS_NOAA20_NRT,,,2026,4,21,Spring,60°S-30°S
26.37889,97.79656,343.88,0.41,0.45,2026-04-24,614,N21,VIIRS,n,2.0NRT,297.13,245.37,Day,VIIRS_NOAA21_NRT,,,2026,4,24,Spring,0°-30°N
10.09221,-13.42145,367.0,0.58,0.52,2026-04-25,1450,N,VIIRS,l,2.0NRT,329.35,245.3,Day,VIIRS_SNPP_NRT,,,2026,4,25,Spring,0°-30°N
10.93778,-13.5337,367.0,0.42,0.61,2026-04-22,1333,N21,VIIRS,l,2.0NRT,354.21,245.04,Day,VIIRS_NOAA21_NRT,,,2026,4,22,Spring,0°-30°N
10.94394,-13.53132,335.59,0.42,0.61,2026-04-22,1333,N21,VIIRS,n,2.0NRT,298.4,245.04,Day,VIIRS_NOAA21_NRT,,,2026,4,22,Spring,0°-30°N
10.94323,-13.5351,340.43,0.42,0.61,2026-04-22,1333,N21,VIIRS,n,2.0NRT,298.23,245.04,Day,VIIRS_NOAA21_NRT,,,2026,4,22,Spring,0°-30°N
40.16361,-96.52747,,1.33,1.14,2026-04-21,1605,Terra,MODIS,100,6.1NRT,,244.89,Day,MODIS_NRT,383.25,303.49,2026,4,21,Spring,30°N-60°N
19.39779,-89.6659,,1.21,1.1,2026-04-22,2118,Aqua,MODIS,100,6.1NRT,,244.72,Day,MODIS_NRT,389.84,308.23,2026,4,22,Spring,0°-30°N
26.29879,-80.53577,,1.41,1.18,2026-04-21,2042,Aqua,MODIS,100,6.1NRT,,244.72,Day,MODIS_NRT,381.33,305.16,2026,4,21,Spring,0°-30°N
11.30241,32.20494,,2.8,1.6,2026-04-21,622,Terra,MODIS,95,6.1NRT,,244.7,Day,MODIS_NRT,351.01,292.12,2026,4,21,Spring,0°-30°N
12.03759,-12.60492,367.0,0.51,0.41,2026-04-21,1355,N21,VIIRS,l,2.0NRT,326.28,244.47,Day,VIIRS_NOAA21_NRT,,,2026,4,21,Spring,0°-30°N
-29.94133,116.58988,367.0,0.56,0.69,2026-04-21,654,N21,VIIRS,l,2.0NRT,325.51,244.24,Day,VIIRS_NOAA21_NRT,,,2026,4,21,Spring,30°S-0°
9.45643,-12.76231,367.0,0.4,0.37,2026-04-23,1405,N20,VIIRS,l,2.0NRT,347.92,243.96,Day,VIIRS_NOAA20_NRT,,,2026,4,23,Spring,0°-30°N
11.47692,-13.51274,367.0,0.41,0.37,2026-04-23,1408,N20,VIIRS,h,2.0NRT,327.27,243.75,Day,VIIRS_NOAA20_NRT,,,2026,4,23,Spring,0°-30°N
9.74354,-12.64159,208.0,0.44,0.39,2026-04-22,1405,N,VIIRS,l,2.0NRT,323.84,243.68,Day,VIIRS_SNPP_NRT,,,2026,4,22,Spring,0°-30°N
11.99687,-12.61784,312.87,0.51,0.41,2026-04-21,1355,N21,VIIRS,l,2.0NRT,319.73,243.39,Day,VIIRS_NOAA21_NRT,,,2026,4,21,Spring,0°-30°N
10.79754,-13.29997,367.0,0.51,0.66,2026-04-25,1329,N20,VIIRS,h,2.0NRT,301.77,243.33,Day,VIIRS_NOAA20_NRT,,,2026,4,25,Spring,0°-30°N
10.79241,-13.29448,367.0,0.51,0.66,2026-04-25,1329,N20,VIIRS,l,2.0NRT,327.69,243.33,Day,VIIRS_NOAA20_NRT,,,2026,4,25,Spring,0°-30°N
10.79146,-13.29926,353.06,0.51,0.66,2026-04-25,1329,N20,VIIRS,n,2.0NRT,300.51,243.33,Day,VIIRS_NOAA20_NRT,,,2026,4,25,Spring,0°-30°N
11.07205,-12.88609,344.57,0.55,0.42,2026-04-21,1355,N21,VIIRS,n,2.0NRT,312.63,243.11,Day,VIIRS_NOAA21_NRT,,,2026,4,21,Spring,0°-30°N
-34.68498,145.76573,367.0,0.42,0.45,2026-04-23,434,N21,VIIRS,h,2.0NRT,349.26,242.85,Day,VIIRS_NOAA21_NRT,,,2026,4,23,Spring,60°S-30°S
13.70953,-12.71373,,1.6,1.25,2026-04-22,1622,Aqua,MODIS,100,6.1NRT,,242.67,Day,MODIS_NRT,376.37,312.69,2026,4,22,Spring,0°-30°N
23.45175,97.11758,367.0,0.4,0.44,2026-04-21,622,N20,VIIRS,h,2.0NRT,326.02,242.51,Day,VIIRS_NOAA20_NRT,,,2026,4,21,Spring,0°-30°N
9.1501,-12.85432,367.0,0.41,0.37,2026-04-23,1405,N20,VIIRS,h,2.0NRT,329.25,242.36,Day,VIIRS_NOAA20_NRT,,,2026,4,23,Spring,0°-30°N
11.14307,-13.70298,207.93,0.53,0.67,2026-04-25,1329,N20,VIIRS,l,2.0NRT,312.87,242.3,Day,VIIRS_NOAA20_NRT,,,2026,4,25,Spring,0°-30°N
11.14404,-13.69811,367.0,0.53,0.67,2026-04-25,1329,N20,VIIRS,l,2.0NRT,351.66,242.3,Day,VIIRS_NOAA20_NRT,,,2026,4,25,Spring,0°-30°N
11.14917,-13.70418,348.83,0.53,0.67,2026-04-25,1329,N20,VIIRS,n,2.0NRT,295.12,242.3,Day,VIIRS_NOAA20_NRT,,,2026,4,25,Spring,0°-30°N
11.15009,-13.69953,367.0,0.53,0.67,2026-04-25,1329,N20,VIIRS,h,2.0NRT,296.24,242.3,Day,VIIRS_NOAA20_NRT,,,2026,4,25,Spring,0°-30°N
19.49974,-88.89348,367.0,0.5,0.41,2026-04-25,1925,N21,VIIRS,h,2.0NRT,328.39,242.0,Day,VIIRS_NOAA21_NRT,,,2026,4,25,Spring,0°-30°N
24.5319,93.47956,355.74,0.76,0.77,2026-04-24,756,N21,VIIRS,n,2.0NRT,304.44,241.77,Day,VIIRS_NOAA21_NRT,,,2026,4,24,Spring,0°-30°N
24.53161,93.47476,254.32,0.76,0.77,2026-04-24,756,N21,VIIRS,l,2.0NRT,298.98,241.77,Day,VIIRS_NOAA21_NRT,,,2026,4,24,Spring,0°-30°N
10.96047,-13.45032,367.0,0.41,0.37,2026-04-23,1408,N20,VIIRS,h,2.0NRT,332.34,241.71,Day,VIIRS_NOAA20_NRT,,,2026,4,23,Spring,0°-30°N
9.26567,-12.82125,351.17,0.59,0.53,2026-04-23,1348,N,VIIRS,n,2.0NRT,301.15,241.48,Day,VIIRS_SNPP_NRT,,,2026,4,23,Spring,0°-30°N
-31.84472,117.11589,344.57,0.39,0.44,2026-04-24,629,N,VIIRS,n,2.0NRT,298.43,241.37,Day,VIIRS_SNPP_NRT,,,2026,4,24,Spring,60°S-30°S
-31.84959,117.11282,367.0,0.39,0.44,2026-04-24,629,N,VIIRS,l,2.0NRT,368.84,241.37,Day,VIIRS_SNPP_NRT,,,2026,4,24,Spring,60°S-30°S
45.92463,-77.34225,,1.05,1.02,2026-04-22,1947,Aqua,MODIS,100,6.1NRT,,241.33,Day,MODIS_NRT,395.88,306.2,2026,4,22,Spring,30°N-60°N
18.91675,-91.05016,367.0,0.44,0.39,2026-04-22,1915,N,VIIRS,h,2.0NRT,357.98,241.29,Day,VIIRS_SNPP_NRT,,,2026,4,22,Spring,0°-30°N
18.91322,-91.0495,347.94,0.44,0.39,2026-04-22,1915,N,VIIRS,n,2.0NRT,308.36,241.29,Day,VIIRS_SNPP_NRT,,,2026,4,22,Spring,0°-30°N
47.92381,131.66135,,1.09,1.04,2026-04-25,1142,Terra,MODIS,100,6.1NRT,,241.15,Night,MODIS_NRT,391.68,274.35,2026,4,25,Spring,30°N-60°N
-35.8555,145.91409,367.0,0.58,0.52,2026-04-21,332,N21,VIIRS,h,2.0NRT,334.12,241.1,Day,VIIRS_NOAA21_NRT,,,2026,4,21,Spring,60°S-30°S
-35.85064,145.91357,367.0,0.58,0.52,2026-04-21,332,N21,VIIRS,l,2.0NRT,331.22,241.1,Day,VIIRS_NOAA21_NRT,,,2026,4,21,Spring,60°S-30°S
20.72791,102.42499,367.0,0.41,0.37,2026-04-23,631,N21,VIIRS,h,2.0NRT,333.94,241.02,Day,VIIRS_NOAA21_NRT,,,2026,4,23,Spring,0°-30°N
25.06148,94.94289,208.0,0.59,0.7,2026-04-21,601,N,VIIRS,l,2.0NRT,323.46,241.0,Day,VIIRS_SNPP_NRT,,,2026,4,21,Spring,0°-30°N
25.06782,94.94097,349.42,0.59,0.7,2026-04-21,601,N,VIIRS,n,2.0NRT,293.61,241.0,Day,VIIRS_SNPP_NRT,,,2026,4,21,Spring,0°-30°N
25.06286,94.94825,367.0,0.59,0.7,2026-04-21,601,N,VIIRS,h,2.0NRT,302.41,241.0,Day,VIIRS_SNPP_NRT,,,2026,4,21,Spring,0°-30°N
25.06926,94.9466,355.74,0.59,0.7,2026-04-21,601,N,VIIRS,n,2.0NRT,294.66,241.0,Day,VIIRS_SNPP_NRT,,,2026,4,21,Spring,0°-30°N
25.54221,96.23412,353.38,0.41,0.45,2026-04-21,622,N20,VIIRS,n,2.0NRT,295.1,240.85,Day,VIIRS_NOAA20_NRT,,,2026,4,21,Spring,0°-30°N
20.98213,100.63776,335.17,0.61,0.53,2026-04-24,703,N20,VIIRS,n,2.0NRT,300.11,240.64,Day,VIIRS_NOAA20_NRT,,,2026,4,24,Spring,0°-30°N
11.22679,-13.63354,207.93,0.77,0.77,2026-04-25,1509,N20,VIIRS,l,2.0NRT,313.93,240.13,Day,VIIRS_NOAA20_NRT,,,2026,4,25,Spring,0°-30°N
9.22962,-12.63751,351.64,0.57,0.52,2026-04-23,1348,N,VIIRS,n,2.0NRT,307.15,239.88,Day,VIIRS_SNPP_NRT,,,2026,4,23,Spring,0°-30°N
56.01863,70.91325,,1.09,1.04,2026-04-22,958,Aqua,MODIS,100,6.1NRT,,239.87,Day,MODIS_NRT,392.94,285.66,2026,4,22,Spring,30°N-60°N
22.39534,79.27515,,1.0,1.0,2026-04-22,949,Aqua,MODIS,100,6.1NRT,,239.76,Day,MODIS_NRT,401.32,324.94,2026,4,22,Spring,0°-30°N
53.53205,78.63467,,3.92,1.84,2026-04-25,529,Terra,MODIS,68,6.1NRT,,239.67,Day,MODIS_NRT,336.96,296.12,2026,4,25,Spring,30°N-60°N
25.97311,98.40804,,1.01,1.0,2026-04-25,828,Aqua,MODIS,100,6.1NRT,,239.48,Day,MODIS_NRT,397.82,295.58,2026,4,25,Spring,0°-30°N
20.49798,100.69073,339.66,0.38,0.59,2026-04-21,709,N21,VIIRS,n,2.0NRT,297.22,239.04,Day,VIIRS_NOAA21_NRT,,,2026,4,21,Spring,0°-30°N
26.31247,95.61777,207.93,0.68,0.74,2026-04-22,744,N20,VIIRS,l,2.0NRT,312.58,238.85,Day,VIIRS_NOAA20_NRT,,,2026,4,22,Spring,0°-30°N
26.31222,95.61321,207.93,0.68,0.74,2026-04-22,744,N20,VIIRS,l,2.0NRT,301.3,238.85,Day,VIIRS_NOAA20_NRT,,,2026,4,22,Spring,0°-30°N
26.30556,95.61687,356.38,0.68,0.74,2026-04-22,744,N20,VIIRS,l,2.0NRT,285.6,238.85,Day,VIIRS_NOAA20_NRT,,,2026,4,22,Spring,0°-30°N
10.7556,-13.38587,333.12,0.52,0.66,2026-04-25,1329,N20,VIIRS,n,2.0NRT,300.85,238.84,Day,VIIRS_NOAA20_NRT,,,2026,4,25,Spring,0°-30°N
24.66577,94.38644,277.57,0.55,0.68,2026-04-22,744,N20,VIIRS,l,2.0NRT,317.53,238.79,Day,VIIRS_NOAA20_NRT,,,2026,4,22,Spring,0°-30°N
24.66613,94.39126,367.0,0.55,0.68,2026-04-22,744,N20,VIIRS,h,2.0NRT,297.49,238.79,Day,VIIRS_NOAA20_NRT,,,2026,4,22,Spring,0°-30°N
24.65944,94.38638,207.93,0.55,0.68,2026-04-22,744,N20,VIIRS,l,2.0NRT,316.93,238.79,Day,VIIRS_NOAA20_NRT,,,2026,4,22,Spring,0°-30°N
24.65985,94.39186,301.56,0.55,0.68,2026-04-22,744,N20,VIIRS,l,2.0NRT,317.57,238.79,Day,VIIRS_NOAA20_NRT,,,2026,4,22,Spring,0°-30°N
24.88274,94.23428,367.0,0.66,0.73,2026-04-21,601,N,VIIRS,h,2.0NRT,298.31,238.67,Day,VIIRS_SNPP_NRT,,,2026,4,21,Spring,0°-30°N
22.40462,28.0879,,1.09,1.04,2026-04-22,1306,Aqua,MODIS,100,6.1NRT,,238.64,Day,MODIS_NRT,394.03,313.44,2026,4,22,Spring,0°-30°N
-30.57163,116.7808,,2.78,1.59,2026-04-21,718,Aqua,MODIS,89,6.1NRT,,238.54,Day,MODIS_NRT,347.87,298.97,2026,4,21,Spring,60°S-30°S
20.78039,101.53406,344.43,0.47,0.48,2026-04-22,601,N20,VIIRS,n,2.0NRT,300.18,238.54,Day,VIIRS_NOAA20_NRT,,,2026,4,22,Spring,0°-30°N
-31.71708,116.96678,,1.01,1.0,2026-04-22,756,Aqua,MODIS,100,6.1NRT,,238.35,Day,MODIS_NRT,397.65,309.67,2026,4,22,Spring,60°S-30°S
23.55073,77.48661,,4.47,1.94,2026-04-21,911,Aqua,MODIS,74,6.1NRT,,238.23,Day,MODIS_NRT,340.42,308.07,2026,4,21,Spring,0°-30°N
43.32696,120.6073,,1.06,1.03,2026-04-22,640,Aqua,MODIS,100,6.1NRT,,238.2,Day,MODIS_NRT,395.56,306.29,2026,4,22,Spring,30°N-60°N
19.40525,-89.29855,349.5,0.61,0.53,2026-04-24,1945,N21,VIIRS,n,2.0NRT,303.08,238.15,Day,VIIRS_NOAA21_NRT,,,2026,4,24,Spring,0°-30°N
30.7809,-82.77106,,1.55,1.23,2026-04-21,226,Terra,MODIS,100,6.1NRT,,238.0,Night,MODIS_NRT,373.58,300.76,2026,4,21,Spring,30°N-60°N
10.53843,-12.35067,336.64,0.52,0.41,2026-04-21,1355,N21,VIIRS,n,2.0NRT,304.35,237.68,Day,VIIRS_NOAA21_NRT,,,2026,4,21,Spring,0°-30°N
-37.09306,149.1954,356.8,0.58,0.7,2026-04-23,506,N,VIIRS,l,2.0NRT,287.54,237.65,Day,VIIRS_SNPP_NRT,,,2026,4,23,Spring,60°S-30°S
-37.10138,149.19157,367.0,0.58,0.7,2026-04-23,506,N,VIIRS,h,2.0NRT,293.83,237.65,Day,VIIRS_SNPP_NRT,,,2026,4,23,Spring,60°S-30°S
20.55718,100.35472,350.99,0.46,0.47,2026-04-23,703,N,VIIRS,n,2.0NRT,301.96,237.63,Day,VIIRS_SNPP_NRT,,,2026,4,23,Spring,0°-30°N
19.66011,-89.73698,367.0,0.6,0.7,2026-04-23,2004,N21,VIIRS,h,2.0NRT,307.34,237.61,Day,VIIRS_NOAA21_NRT,,,2026,4,23,Spring,0°-30°N
10.7209,-13.16512,350.94,0.46,0.39,2026-04-22,1405,N,VIIRS,l,2.0NRT,308.27,237.58,Day,VIIRS_SNPP_NRT,,,2026,4,22,Spring,0°-30°N
10.72026,-13.16908,367.0,0.46,0.39,2026-04-22,1405,N,VIIRS,l,2.0NRT,352.66,237.58,Day,VIIRS_SNPP_NRT,,,2026,4,22,Spring,0°-30°N
22.85844,93.32313,,1.57,1.23,2026-04-21,911,Aqua,MODIS,100,6.1NRT,,237.28,Day,MODIS_NRT,373.75,300.68,2026,4,21,Spring,0°-30°N
9.2044,-12.65964,347.8,0.4,0.37,2026-04-25,1418,N21,VIIRS,n,2.0NRT,310.98,237.05,Day,VIIRS_NOAA21_NRT,,,2026,4,25,Spring,0°-30°N
-15.19528,125.79175,,2.88,1.62,2026-04-24,739,Aqua,MODIS,94,6.1NRT,,237.03,Day,MODIS_NRT,348.23,301.02,2026,4,24,Spring,30°S-0°
11.52128,-12.49889,367.0,0.43,0.38,2026-04-25,1418,N21,VIIRS,h,2.0NRT,338.59,236.82,Day,VIIRS_NOAA21_NRT,,,2026,4,25,Spring,0°-30°N
33.36072,-108.6235,,1.91,1.35,2026-04-24,2240,Aqua,MODIS,100,6.1NRT,,236.5,Day,MODIS_NRT,365.36,306.57,2026,4,24,Spring,30°N-60°N
19.40744,-155.26268,,2.78,1.59,2026-04-24,1321,Aqua,MODIS,100,6.1NRT,,236.5,Night,MODIS_NRT,344.6,300.45,2026,4,24,Spring,0°-30°N
23.61477,77.77934,,1.03,1.02,2026-04-22,949,Aqua,MODIS,100,6.1NRT,,236.3,Day,MODIS_NRT,398.82,324.5,2026,4,22,Spring,0°-30°N
9.46811,-63.44119,,1.34,1.15,2026-04-24,1915,Aqua,MODIS,100,6.1NRT,,236.27,Day,MODIS_NRT,382.77,300.96,2026,4,24,Spring,0°-30°N
10.87894,-13.27037,367.0,0.39,0.44,2026-04-21,1355,N21,VIIRS,l,2.0NRT,337.67,235.97,Day,VIIRS_NOAA21_NRT,,,2026,4,21,Spring,0°-30°N
10.88284,-13.27137,347.6,0.39,0.44,2026-04-21,1355,N21,VIIRS,n,2.0NRT,303.2,235.97,Day,VIIRS_NOAA21_NRT,,,2026,4,21,Spring,0°-30°N
10.87953,-13.26687,367.0,0.39,0.44,2026-04-21,1355,N21,VIIRS,l,2.0NRT,359.0,235.97,Day,VIIRS_NOAA21_NRT,,,2026,4,21,Spring,0°-30°N
10.88344,-13.26784,367.0,0.39,0.44,2026-04-21,1355,N21,VIIRS,l,2.0NRT,325.55,235.97,Day,VIIRS_NOAA21_NRT,,,2026,4,21,Spring,0°-30°N
23.69042,69.46395,367.0,0.54,0.51,2026-04-21,805,N20,VIIRS,h,2.0NRT,345.34,235.79,Day,VIIRS_NOAA20_NRT,,,2026,4,21,Spring,0°-30°N
9.64579,-63.6403,,2.75,1.59,2026-04-21,1900,Aqua,MODIS,95,6.1NRT,,235.52,Day,MODIS_NRT,350.69,294.66,2026,4,21,Spring,0°-30°N
22.87294,93.32545,367.0,0.45,0.39,2026-04-21,709,N21,VIIRS,h,2.0NRT,332.46,235.25,Day,VIIRS_NOAA21_NRT,,,2026,4,21,Spring,0°-30°N
22.8724,93.32146,367.0,0.45,0.39,2026-04-21,709,N21,VIIRS,h,2.0NRT,330.84,235.25,Day,VIIRS_NOAA21_NRT,,,2026,4,21,Spring,0°-30°N
-37.00874,141.89362,367.0,0.53,0.67,2026-04-23,525,N20,VIIRS,h,2.0NRT,317.3,235.24,Day,VIIRS_NOAA20_NRT,,,2026,4,23,Spring,60°S-30°S
-37.01472,141.89624,367.0,0.53,0.67,2026-04-23,525,N20,VIIRS,h,2.0NRT,301.02,235.24,Day,VIIRS_NOAA20_NRT,,,2026,4,23,Spring,60°S-30°S
18.92655,-89.05439,,1.3,1.13,2026-04-22,2118,Aqua,MODIS,75,6.1NRT,,235.0,Day,MODIS_NRT,383.5,303.81,2026,4,22,Spring,0°-30°N
-37.0966,149.1794,254.37,0.56,0.51,2026-04-23,434,N21,VIIRS,l,2.0NRT,319.21,234.89,Day,VIIRS_NOAA21_NRT,,,2026,4,23,Spring,60°S-30°S
30.75392,48.27931,,3.9,1.84,2026-04-23,109,Aqua,MODIS,100,6.1NRT,,234.85,Night,MODIS_NRT,331.25,287.33,2026,4,23,Spring,30°N-60°N
-41.20583,147.76067,351.69,0.37,0.58,2026-04-23,323,N,VIIRS,l,2.0NRT,340.89,234.81,Day,VIIRS_SNPP_NRT,,,2026,4,23,Spring,60°S-30°S
-41.2006,147.75496,367.0,0.37,0.58,2026-04-23,323,N,VIIRS,l,2.0NRT,340.28,234.81,Day,VIIRS_SNPP_NRT,,,2026,4,23,Spring,60°S-30°S
-41.20606,147.75603,367.0,0.37,0.58,2026-04-23,323,N,VIIRS,l,2.0NRT,348.61,234.81,Day,VIIRS_SNPP_NRT,,,2026,4,23,Spring,60°S-30°S
-41.20037,147.75975,352.05,0.37,0.58,2026-04-23,323,N,VIIRS,n,2.0NRT,319.56,234.81,Day,VIIRS_SNPP_NRT,,,2026,4,23,Spring,60°S-30°S
20.58506,100.25329,367.0,0.4,0.37,2026-04-24,646,N,VIIRS,h,2.0NRT,341.3,234.76,Day,VIIRS_SNPP_NRT,,,2026,4,24,Spring,0°-30°N
30.78955,-82.77463,,4.64,1.97,2026-04-22,1945,Aqua,MODIS,0,6.1NRT,,234.62,Day,MODIS_NRT,330.55,290.56,2026,4,22,Spring,30°N-60°N
10.80479,-13.20361,367.0,0.46,0.39,2026-04-22,1405,N,VIIRS,h,2.0NRT,349.76,234.6,Day,VIIRS_SNPP_NRT,,,2026,4,22,Spring,0°-30°N
10.80122,-13.2029,367.0,0.46,0.39,2026-04-22,1405,N,VIIRS,h,2.0NRT,350.61,234.6,Day,VIIRS_SNPP_NRT,,,2026,4,22,Spring,0°-30°N
10.80411,-13.2078,367.0,0.46,0.39,2026-04-22,1405,N,VIIRS,h,2.0NRT,334.93,234.6,Day,VIIRS_SNPP_NRT,,,2026,4,22,Spring,0°-30°N
10.80054,-13.20709,367.0,0.46,0.39,2026-04-22,1405,N,VIIRS,h,2.0NRT,347.45,234.6,Day,VIIRS_SNPP_NRT,,,2026,4,22,Spring,0°-30°N
24.62061,94.43585,,3.09,1.67,2026-04-22,811,Aqua,MODIS,93,6.1NRT,,234.45,Day,MODIS_NRT,344.67,297.42,2026,4,22,Spring,0°-30°N
46.43594,49.56388,367.0,0.39,0.36,2026-04-21,932,N,VIIRS,h,2.0NRT,346.03,234.34,Day,VIIRS_SNPP_NRT,,,2026,4,21,Spring,30°N-60°N
46.43349,49.57008,367.0,0.39,0.36,2026-04-21,932,N,VIIRS,h,2.0NRT,353.19,234.34,Day,VIIRS_SNPP_NRT,,,2026,4,21,Spring,30°N-60°N
46.43679,49.56892,367.0,0.39,0.36,2026-04-21,932,N,VIIRS,h,2.0NRT,353.5,234.34,Day,VIIRS_SNPP_NRT,,,2026,4,21,Spring,30°N-60°N
8.40139,-12.75492,341.73,0.4,0.37,2026-04-25,1418,N21,VIIRS,n,2.0NRT,307.42,234.25,Day,VIIRS_NOAA21_NRT,,,2026,4,25,Spring,0°-30°N
10.80193,-13.20423,367.0,0.46,0.39,2026-04-22,1425,N20,VIIRS,h,2.0NRT,349.16,234.13,Day,VIIRS_NOAA20_NRT,,,2026,4,22,Spring,0°-30°N
17.51722,-93.80988,,4.41,1.93,2026-04-25,905,Aqua,MODIS,100,6.1NRT,,233.95,Night,MODIS_NRT,329.58,292.54,2026,4,25,Spring,0°-30°N
24.63205,94.21368,367.0,0.39,0.36,2026-04-22,652,N21,VIIRS,h,2.0NRT,339.88,233.9,Day,VIIRS_NOAA21_NRT,,,2026,4,22,Spring,0°-30°N
-1.39616,29.17513,,4.75,1.99,2026-04-22,41,Aqua,MODIS,100,6.1NRT,,233.87,Night,MODIS_NRT,324.08,280.74,2026,4,22,Spring,30°S-0°
22.84614,93.28142,367.0,0.41,0.37,2026-04-22,652,N21,VIIRS,h,2.0NRT,340.53,233.79,Day,VIIRS_NOAA21_NRT,,,2026,4,22,Spring,0°-30°N
22.8455,93.27751,367.0,0.41,0.37,2026-04-22,652,N21,VIIRS,l,2.0NRT,346.22,233.79,Day,VIIRS_NOAA21_NRT,,,2026,4,22,Spring,0°-30°N
22.84948,93.28064,367.0,0.41,0.37,2026-04-22,652,N21,VIIRS,h,2.0NRT,331.49,233.79,Day,VIIRS_NOAA21_NRT,,,2026,4,22,Spring,0°-30°N
13.24621,120.71071,367.0,0.37,0.58,2026-04-21,557,N,VIIRS,h,2.0NRT,298.74,233.66,Day,VIIRS_SNPP_NRT,,,2026,4,21,Spring,0°-30°N
-18.90563,123.75966,,1.06,1.03,2026-04-22,35,Terra,MODIS,100,6.1NRT,,233.51,Day,MODIS_NRT,394.76,308.86,2026,4,22,Spring,30°S-0°
10.81606,-13.15778,,2.09,1.41,2026-04-21,1541,Aqua,MODIS,100,6.1NRT,,233.25,Day,MODIS_NRT,362.03,302.84,2026,4,21,Spring,0°-30°N
11.35136,-13.51151,367.0,0.4,0.37,2026-04-25,1418,N21,VIIRS,l,2.0NRT,341.25,232.41,Day,VIIRS_NOAA21_NRT,,,2026,4,25,Spring,0°-30°N
11.35082,-13.51512,367.0,0.4,0.37,2026-04-25,1418,N21,VIIRS,h,2.0NRT,355.4,232.41,Day,VIIRS_NOAA21_NRT,,,2026,4,25,Spring,0°-30°N
11.34748,-13.51462,343.98,0.4,0.37,2026-04-25,1418,N21,VIIRS,n,2.0NRT,305.95,232.41,Day,VIIRS_NOAA21_NRT,,,2026,4,25,Spring,0°-30°N
-30.38384,116.1527,,1.94,1.36,2026-04-23,117,Terra,MODIS,100,6.1NRT,,232.4,Day,MODIS_NRT,361.52,294.74,2026,4,23,Spring,60°S-30°S
12.11388,107.85355,367.0,0.43,0.38,2026-04-21,618,N20,VIIRS,l,2.0NRT,332.17,232.26,Day,VIIRS_NOAA20_NRT,,,2026,4,21,Spring,0°-30°N
12.11332,107.84963,340.24,0.43,0.38,2026-04-21,618,N20,VIIRS,n,2.0NRT,307.04,232.26,Day,VIIRS_NOAA20_NRT,,,2026,4,21,Spring,0°-30°N
8.38571,-12.64747,348.15,0.61,0.54,2026-04-25,1450,N,VIIRS,n,2.0NRT,297.69,231.96,Day,VIIRS_SNPP_NRT,,,2026,4,25,Spring,0°-30°N
30.77365,-82.75047,,1.21,1.09,2026-04-21,2044,Aqua,MODIS,100,6.1NRT,,231.79,Day,MODIS_NRT,387.27,297.4,2026,4,21,Spring,30°N-60°N
30.78721,-82.77052,,4.64,1.97,2026-04-22,1945,Aqua,MODIS,73,6.1NRT,,231.57,Day,MODIS_NRT,330.75,291.19,2026,4,22,Spring,30°N-60°N
10.79895,-13.2798,355.44,0.51,0.66,2026-04-25,1329,N20,VIIRS,n,2.0NRT,303.17,231.52,Day,VIIRS_NOAA20_NRT,,,2026,4,25,Spring,0°-30°N
10.80414,-13.28514,367.0,0.51,0.66,2026-04-25,1329,N20,VIIRS,h,2.0NRT,302.1,231.52,Day,VIIRS_NOAA20_NRT,,,2026,4,25,Spring,0°-30°N
10.80505,-13.28033,344.28,0.51,0.66,2026-04-25,1329,N20,VIIRS,n,2.0NRT,301.47,231.52,Day,VIIRS_NOAA20_NRT,,,2026,4,25,Spring,0°-30°N
10.79808,-13.28442,367.0,0.51,0.66,2026-04-25,1329,N20,VIIRS,h,2.0NRT,309.98,231.52,Day,VIIRS_NOAA20_NRT,,,2026,4,25,Spring,0°-30°N
18.13453,-90.25391,367.0,0.42,0.38,2026-04-25,1925,N21,VIIRS,h,2.0NRT,349.43,231.34,Day,VIIRS_NOAA21_NRT,,,2026,4,25,Spring,0°-30°N
-30.57864,116.24619,367.0,0.51,0.66,2026-04-21,654,N21,VIIRS,h,2.0NRT,304.15,231.2,Day,VIIRS_NOAA21_NRT,,,2026,4,21,Spring,60°S-30°S
7.71887,33.56913,,3.85,1.83,2026-04-21,1223,Aqua,MODIS,90,6.1NRT,,231.19,Day,MODIS_NRT,338.95,293.49,2026,4,21,Spring,0°-30°N
26.29017,-80.52058,,1.41,1.18,2026-04-21,2042,Aqua,MODIS,100,6.1NRT,,231.05,Day,MODIS_NRT,378.48,304.68,2026,4,21,Spring,0°-30°N
-32.68654,119.74299,,1.85,1.33,2026-04-21,716,Aqua,MODIS,100,6.1NRT,,230.89,Day,MODIS_NRT,363.31,299.69,2026,4,21,Spring,60°S-30°S
-12.56874,-45.47596,,3.78,1.82,2026-04-22,1752,Aqua,MODIS,84,6.1NRT,,230.85,Day,MODIS_NRT,336.95,295.47,2026,4,22,Spring,30°S-0°
22.85918,93.14655,,1.53,1.22,2026-04-21,911,Aqua,MODIS,100,6.1NRT,,230.78,Day,MODIS_NRT,375.1,301.26,2026,4,21,Spring,0°-30°N
8.93618,-12.67821,367.0,0.4,0.37,2026-04-23,1405,N20,VIIRS,h,2.0NRT,335.85,230.43,Day,VIIRS_NOAA20_NRT,,,2026,4,23,Spring,0°-30°N
31.2629,-81.81962,,1.04,1.02,2026-04-23,2021,Aqua,MODIS,100,6.1NRT,,230.34,Day,MODIS_NRT,394.89,313.23,2026,4,23,Spring,30°N-60°N
19.91832,83.68066,367.0,0.48,0.4,2026-04-24,754,N21,VIIRS,h,2.0NRT,335.97,230.06,Day,VIIRS_NOAA21_NRT,,,2026,4,24,Spring,0°-30°N
9.07842,-12.16789,,1.88,1.34,2026-04-21,1541,Aqua,MODIS,100,6.1NRT,,229.87,Day,MODIS_NRT,366.3,300.6,2026,4,21,Spring,0°-30°N
-15.03138,126.93702,367.0,0.54,0.68,2026-04-24,421,N21,VIIRS,h,2.0NRT,309.72,229.85,Day,VIIRS_NOAA21_NRT,,,2026,4,24,Spring,30°S-0°
-19.6241,122.22465,367.0,0.54,0.42,2026-04-22,550,N20,VIIRS,l,2.0NRT,367.55,229.45,Day,VIIRS_NOAA20_NRT,,,2026,4,22,Spring,30°S-0°
-19.62023,122.2239,355.4,0.54,0.42,2026-04-22,550,N20,VIIRS,n,2.0NRT,311.84,229.45,Day,VIIRS_NOAA20_NRT,,,2026,4,22,Spring,30°S-0°
-19.62505,122.2195,349.3,0.54,0.42,2026-04-22,550,N20,VIIRS,n,2.0NRT,308.74,229.45,Day,VIIRS_NOAA20_NRT,,,2026,4,22,Spring,30°S-0°
9.77582,-13.22505,345.14,0.42,0.61,2026-04-22,1333,N21,VIIRS,n,2.0NRT,303.95,229.24,Day,VIIRS_NOAA21_NRT,,,2026,4,22,Spring,0°-30°N
22.6368,93.13107,352.51,0.69,0.74,2026-04-24,754,N21,VIIRS,n,2.0NRT,281.51,228.77,Day,VIIRS_NOAA21_NRT,,,2026,4,24,Spring,0°-30°N
22.64346,93.1283,350.09,0.69,0.74,2026-04-24,754,N21,VIIRS,n,2.0NRT,288.91,228.77,Day,VIIRS_NOAA21_NRT,,,2026,4,24,Spring,0°-30°N
22.63649,93.12673,355.71,0.69,0.74,2026-04-24,754,N21,VIIRS,l,2.0NRT,283.43,228.77,Day,VIIRS_NOAA21_NRT,,,2026,4,24,Spring,0°-30°N
10.95584,-13.23157,353.01,0.5,0.66,2026-04-25,1329,N20,VIIRS,n,2.0NRT,312.0,228.61,Day,VIIRS_NOAA20_NRT,,,2026,4,25,Spring,0°-30°N
10.94908,-13.23455,367.0,0.5,0.66,2026-04-25,1329,N20,VIIRS,l,2.0NRT,365.79,228.61,Day,VIIRS_NOAA20_NRT,,,2026,4,25,Spring,0°-30°N
10.95509,-13.23542,346.36,0.5,0.66,2026-04-25,1329,N20,VIIRS,n,2.0NRT,308.18,228.61,Day,VIIRS_NOAA20_NRT,,,2026,4,25,Spring,0°-30°N
10.94984,-13.23066,367.0,0.5,0.66,2026-04-25,1329,N20,VIIRS,h,2.0NRT,314.36,228.61,Day,VIIRS_NOAA20_NRT,,,2026,4,25,Spring,0°-30°N
-18.88947,123.80119,,1.04,1.02,2026-04-21,722,Aqua,MODIS,100,6.1NRT,,228.24,Day,MODIS_NRT,395.74,312.39,2026,4,21,Spring,30°S-0°
10.96905,-13.24642,207.38,0.4,0.6,2026-04-22,1333,N21,VIIRS,l,2.0NRT,306.35,227.68,Day,VIIRS_NOAA21_NRT,,,2026,4,22,Spring,0°-30°N
10.96973,-13.24281,207.38,0.4,0.6,2026-04-22,1333,N21,VIIRS,l,2.0NRT,317.69,227.68,Day,VIIRS_NOAA21_NRT,,,2026,4,22,Spring,0°-30°N
10.97515,-13.24378,367.0,0.4,0.6,2026-04-22,1333,N21,VIIRS,h,2.0NRT,327.24,227.68,Day,VIIRS_NOAA21_NRT,,,2026,4,22,Spring,0°-30°N
10.97444,-13.24756,367.0,0.4,0.6,2026-04-22,1333,N21,VIIRS,l,2.0NRT,329.15,227.68,Day,VIIRS_NOAA21_NRT,,,2026,4,22,Spring,0°-30°N
36.83504,-98.91849,367.0,0.44,0.38,2026-04-24,1949,N21,VIIRS,h,2.0NRT,355.99,227.6,Day,VIIRS_NOAA21_NRT,,,2026,4,24,Spring,30°N-60°N
36.83152,-98.91784,346.03,0.44,0.38,2026-04-24,1949,N21,VIIRS,n,2.0NRT,318.85,227.6,Day,VIIRS_NOAA21_NRT,,,2026,4,24,Spring,30°N-60°N
29.27568,-82.64273,367.0,0.41,0.45,2026-04-21,1813,N20,VIIRS,l,2.0NRT,371.49,227.36,Day,VIIRS_NOAA20_NRT,,,2026,4,21,Spring,0°-30°N
29.27974,-82.64381,342.36,0.41,0.45,2026-04-21,1813,N20,VIIRS,n,2.0NRT,304.04,227.36,Day,VIIRS_NOAA20_NRT,,,2026,4,21,Spring,0°-30°N
29.27485,-82.64691,341.03,0.42,0.45,2026-04-21,1813,N20,VIIRS,n,2.0NRT,303.57,227.36,Day,VIIRS_NOAA20_NRT,,,2026,4,21,Spring,0°-30°N
11.31161,-13.71592,311.67,0.42,0.37,2026-04-23,1408,N20,VIIRS,l,2.0NRT,315.98,227.07,Day,VIIRS_NOAA20_NRT,,,2026,4,23,Spring,0°-30°N
-30.89255,116.54196,342.69,0.56,0.52,2026-04-22,635,N21,VIIRS,n,2.0NRT,306.87,227.02,Day,VIIRS_NOAA21_NRT,,,2026,4,22,Spring,60°S-30°S
-30.8892,116.53474,367.0,0.56,0.52,2026-04-22,635,N21,VIIRS,l,2.0NRT,329.41,227.02,Day,VIIRS_NOAA21_NRT,,,2026,4,22,Spring,60°S-30°S
11.13893,-13.68998,330.68,0.53,0.67,2026-04-25,1329,N20,VIIRS,n,2.0NRT,297.38,226.86,Day,VIIRS_NOAA20_NRT,,,2026,4,25,Spring,0°-30°N
11.14494,-13.69164,355.04,0.53,0.67,2026-04-25,1329,N20,VIIRS,n,2.0NRT,296.25,226.86,Day,VIIRS_NOAA20_NRT,,,2026,4,25,Spring,0°-30°N
11.13803,-13.69466,344.31,0.53,0.67,2026-04-25,1329,N20,VIIRS,n,2.0NRT,299.25,226.86,Day,VIIRS_NOAA20_NRT,,,2026,4,25,Spring,0°-30°N
-37.99977,142.41084,345.11,0.42,0.45,2026-04-21,402,N,VIIRS,n,2.0NRT,310.37,226.73,Day,VIIRS_SNPP_NRT,,,2026,4,21,Spring,60°S-30°S
11.01529,-13.24572,352.13,0.6,0.53,2026-04-21,1444,N20,VIIRS,n,2.0NRT,302.9,226.6,Day,VIIRS_NOAA20_NRT,,,2026,4,21,Spring,0°-30°N
11.01458,-13.25145,367.0,0.6,0.53,2026-04-21,1444,N20,VIIRS,l,2.0NRT,329.07,226.6,Day,VIIRS_NOAA20_NRT,,,2026,4,21,Spring,0°-30°N
37.33635,-99.09387,,2.09,1.41,2026-04-24,1624,Terra,MODIS,99,6.1NRT,,226.14,Day,MODIS_NRT,359.1,301.12,2026,4,24,Spring,30°N-60°N
34.88169,-103.25902,,4.44,1.94,2026-04-24,2101,Aqua,MODIS,86,6.1NRT,,225.71,Day,MODIS_NRT,335.29,306.86,2026,4,24,Spring,30°N-60°N
-30.49607,116.47619,308.26,0.57,0.52,2026-04-22,635,N21,VIIRS,l,2.0NRT,323.94,225.56,Day,VIIRS_NOAA21_NRT,,,2026,4,22,Spring,60°S-30°S
17.79334,-90.82871,351.78,0.4,0.37,2026-04-25,1923,N21,VIIRS,n,2.0NRT,326.34,225.55,Day,VIIRS_NOAA21_NRT,,,2026,4,25,Spring,0°-30°N
17.79389,-90.82495,340.85,0.4,0.37,2026-04-25,1923,N21,VIIRS,l,2.0NRT,312.87,225.55,Day,VIIRS_NOAA21_NRT,,,2026,4,25,Spring,0°-30°N
17.79671,-90.82924,367.0,0.4,0.37,2026-04-25,1923,N21,VIIRS,l,2.0NRT,355.17,225.55,Day,VIIRS_NOAA21_NRT,,,2026,4,25,Spring,0°-30°N
11.19093,-13.78341,367.0,0.48,0.4,2026-04-22,1405,N,VIIRS,h,2.0NRT,336.83,225.41,Day,VIIRS_SNPP_NRT,,,2026,4,22,Spring,0°-30°N
11.18725,-13.7828,367.0,0.48,0.4,2026-04-22,1405,N,VIIRS,l,2.0NRT,334.63,225.41,Day,VIIRS_SNPP_NRT,,,2026,4,22,Spring,0°-30°N
23.88472,77.94228,367.0,0.61,0.53,2026-04-22,833,N21,VIIRS,h,2.0NRT,336.24,225.37,Day,VIIRS_NOAA21_NRT,,,2026,4,22,Spring,0°-30°N
11.7271,-13.42443,,2.68,1.57,2026-04-25,1637,Aqua,MODIS,96,6.1NRT,,225.31,Day,MODIS_NRT,353.48,309.75,2026,4,25,Spring,0°-30°N
10.74947,-13.15091,339.78,0.57,0.43,2026-04-21,1355,N21,VIIRS,n,2.0NRT,302.57,225.28,Day,VIIRS_NOAA21_NRT,,,2026,4,21,Spring,0°-30°N
10.75437,-13.14599,347.1,0.57,0.43,2026-04-21,1355,N21,VIIRS,n,2.0NRT,304.26,225.28,Day,VIIRS_NOAA21_NRT,,,2026,4,21,Spring,0°-30°N
10.75348,-13.15122,367.0,0.57,0.43,2026-04-21,1355,N21,VIIRS,h,2.0NRT,349.32,225.28,Day,VIIRS_NOAA21_NRT,,,2026,4,21,Spring,0°-30°N
9.65082,-63.62628,352.42,0.41,0.37,2026-04-21,1747,N,VIIRS,n,2.0NRT,320.16,225.27,Day,VIIRS_SNPP_NRT,,,2026,4,21,Spring,0°-30°N
21.06176,102.70535,367.0,0.79,0.78,2026-04-24,523,N20,VIIRS,h,2.0NRT,293.67,225.26,Day,VIIRS_NOAA20_NRT,,,2026,4,24,Spring,0°-30°N
18.29217,-90.94838,367.0,0.46,0.47,2026-04-24,1945,N21,VIIRS,l,2.0NRT,325.55,225.19,Day,VIIRS_NOAA21_NRT,,,2026,4,24,Spring,0°-30°N
10.08755,-13.42107,338.33,0.63,0.54,2026-04-23,1348,N,VIIRS,n,2.0NRT,291.24,225.17,Day,VIIRS_SNPP_NRT,,,2026,4,23,Spring,0°-30°N
42.66064,130.83705,,1.03,1.02,2026-04-21,559,Aqua,MODIS,100,6.1NRT,,224.97,Day,MODIS_NRT,392.96,300.91,2026,4,21,Spring,30°N-60°N
-17.93246,126.42618,,2.82,1.6,2026-04-24,737,Aqua,MODIS,95,6.1NRT,,224.95,Day,MODIS_NRT,349.31,302.68,2026,4,24,Spring,30°S-0°
24.57751,94.17003,367.0,0.44,0.38,2026-04-24,705,N20,VIIRS,h,2.0NRT,338.72,224.94,Day,VIIRS_NOAA20_NRT,,,2026,4,24,Spring,0°-30°N
26.14689,97.64854,348.48,0.42,0.45,2026-04-24,614,N21,VIIRS,n,2.0NRT,306.93,224.84,Day,VIIRS_NOAA21_NRT,,,2026,4,24,Spring,0°-30°N
8.85721,-11.4807,345.06,0.38,0.36,2026-04-23,1405,N20,VIIRS,n,2.0NRT,301.28,224.32,Day,VIIRS_NOAA20_NRT,,,2026,4,23,Spring,0°-30°N
8.85668,-11.48418,367.0,0.38,0.36,2026-04-23,1405,N20,VIIRS,l,2.0NRT,357.57,224.32,Day,VIIRS_NOAA20_NRT,,,2026,4,23,Spring,0°-30°N
16.79734,-89.56278,367.0,0.72,0.76,2026-04-24,2017,N,VIIRS,h,2.0NRT,300.17,224.17,Day,VIIRS_SNPP_NRT,,,2026,4,24,Spring,0°-30°N
-33.80561,116.05754,,3.39,1.74,2026-04-21,716,Aqua,MODIS,64,6.1NRT,,223.81,Day,MODIS_NRT,337.04,286.45,2026,4,21,Spring,60°S-30°S
10.74887,-13.3792,367.0,0.52,0.66,2026-04-25,1329,N20,VIIRS,h,2.0NRT,325.82,223.81,Day,VIIRS_NOAA20_NRT,,,2026,4,25,Spring,0°-30°N
10.74378,-13.37315,367.0,0.51,0.66,2026-04-25,1329,N20,VIIRS,h,2.0NRT,298.45,223.81,Day,VIIRS_NOAA20_NRT,,,2026,4,25,Spring,0°-30°N
10.74972,-13.37477,367.0,0.51,0.66,2026-04-25,1329,N20,VIIRS,h,2.0NRT,296.48,223.81,Day,VIIRS_NOAA20_NRT,,,2026,4,25,Spring,0°-30°N
23.27825,54.2583,,1.11,1.05,2026-04-21,1711,Terra,MODIS,100,6.1NRT,,223.68,Night,MODIS_NRT,389.56,304.09,2026,4,21,Spring,0°-30°N
9.17527,-12.67016,342.42,0.4,0.37,2026-04-25,1418,N21,VIIRS,n,2.0NRT,305.16,223.67,Day,VIIRS_NOAA21_NRT,,,2026,4,25,Spring,0°-30°N
9.17864,-12.67067,367.0,0.4,0.37,2026-04-25,1418,N21,VIIRS,l,2.0NRT,352.3,223.67,Day,VIIRS_NOAA21_NRT,,,2026,4,25,Spring,0°-30°N
9.17918,-12.66703,350.81,0.4,0.37,2026-04-25,1418,N21,VIIRS,n,2.0NRT,304.44,223.67,Day,VIIRS_NOAA21_NRT,,,2026,4,25,Spring,0°-30°N
-35.85385,145.91608,367.0,0.58,0.52,2026-04-21,332,N21,VIIRS,l,2.0NRT,326.97,223.36,Day,VIIRS_NOAA21_NRT,,,2026,4,21,Spring,60°S-30°S
-35.84947,145.90906,313.1,0.58,0.52,2026-04-21,332,N21,VIIRS,l,2.0NRT,324.39,223.36,Day,VIIRS_NOAA21_NRT,,,2026,4,21,Spring,60°S-30°S
-35.849,145.91556,349.01,0.58,0.52,2026-04-21,332,N21,VIIRS,n,2.0NRT,310.62,223.36,Day,VIIRS_NOAA21_NRT,,,2026,4,21,Spring,60°S-30°S
11.57381,-13.50134,367.0,0.4,0.37,2026-04-25,1418,N21,VIIRS,h,2.0NRT,356.83,223.28,Day,VIIRS_NOAA21_NRT,,,2026,4,25,Spring,0°-30°N
11.57662,-13.50546,348.96,0.4,0.37,2026-04-25,1418,N21,VIIRS,n,2.0NRT,322.61,223.28,Day,VIIRS_NOAA21_NRT,,,2026,4,25,Spring,0°-30°N
11.57715,-13.50186,367.0,0.4,0.37,2026-04-25,1418,N21,VIIRS,h,2.0NRT,354.12,223.28,Day,VIIRS_NOAA21_NRT,,,2026,4,25,Spring,0°-30°N
11.57328,-13.50492,367.0,0.4,0.37,2026-04-25,1418,N21,VIIRS,h,2.0NRT,342.95,223.28,Day,VIIRS_NOAA21_NRT,,,2026,4,25,Spring,0°-30°N
11.28259,-13.50263,367.0,0.48,0.65,2026-04-23,1457,N21,VIIRS,h,2.0NRT,290.46,223.17,Day,VIIRS_NOAA21_NRT,,,2026,4,23,Spring,0°-30°N
24.46348,78.92715,367.0,0.36,0.57,2026-04-22,835,N21,VIIRS,h,2.0NRT,344.74,222.9,Day,VIIRS_NOAA21_NRT,,,2026,4,22,Spring,0°-30°N
40.57368,128.9118,,2.64,1.56,2026-04-23,538,Aqua,MODIS,95,6.1NRT,,222.88,Day,MODIS_NRT,347.55,288.93,2026,4,23,Spring,30°N-60°N
-41.20391,147.74802,308.25,0.55,0.42,2026-04-23,345,N20,VIIRS,l,2.0NRT,320.15,222.47,Day,VIIRS_NOAA20_NRT,,,2026,4,23,Spring,60°S-30°S
8.25679,-12.65992,,1.13,1.06,2026-04-24,1556,Aqua,MODIS,100,6.1NRT,,222.29,Day,MODIS_NRT,388.5,288.56,2026,4,24,Spring,0°-30°N
11.57207,-13.50119,356.28,0.6,0.53,2026-04-25,1450,N,VIIRS,n,2.0NRT,317.88,222.18,Day,VIIRS_SNPP_NRT,,,2026,4,25,Spring,0°-30°N
11.57277,-13.49587,353.54,0.6,0.53,2026-04-25,1450,N,VIIRS,n,2.0NRT,307.95,222.18,Day,VIIRS_SNPP_NRT,,,2026,4,25,Spring,0°-30°N
11.57767,-13.49658,355.33,0.6,0.53,2026-04-25,1450,N,VIIRS,n,2.0NRT,313.69,222.18,Day,VIIRS_SNPP_NRT,,,2026,4,25,Spring,0°-30°N
11.57696,-13.50197,367.0,0.6,0.53,2026-04-25,1450,N,VIIRS,h,2.0NRT,356.33,222.18,Day,VIIRS_SNPP_NRT,,,2026,4,25,Spring,0°-30°N
9.6543,-13.12728,367.0,0.41,0.37,2026-04-23,1408,N20,VIIRS,l,2.0NRT,343.7,222.08,Day,VIIRS_NOAA20_NRT,,,2026,4,23,Spring,0°-30°N
10.83733,-13.18027,,2.09,1.41,2026-04-21,1541,Aqua,MODIS,100,6.1NRT,,221.87,Day,MODIS_NRT,360.19,303.61,2026,4,21,Spring,0°-30°N
10.0408,-13.41128,367.0,0.42,0.37,2026-04-23,1408,N20,VIIRS,h,2.0NRT,333.51,221.36,Day,VIIRS_NOAA20_NRT,,,2026,4,23,Spring,0°-30°N
22.96364,93.1691,,1.54,1.22,2026-04-21,911,Aqua,MODIS,100,6.1NRT,,221.36,Day,MODIS_NRT,372.76,302.14,2026,4,21,Spring,0°-30°N
9.74033,32.25068,,1.32,1.14,2026-04-25,1318,Aqua,MODIS,100,6.1NRT,,221.21,Day,MODIS_NRT,383.02,311.73,2026,4,25,Spring,0°-30°N
42.84313,131.37651,367.0,0.47,0.48,2026-04-22,334,N21,VIIRS,h,2.0NRT,341.09,221.05,Day,VIIRS_NOAA21_NRT,,,2026,4,22,Spring,30°N-60°N
42.84735,131.37491,367.0,0.47,0.48,2026-04-22,334,N21,VIIRS,h,2.0NRT,341.22,221.05,Day,VIIRS_NOAA21_NRT,,,2026,4,22,Spring,30°N-60°N
42.84182,131.37086,354.33,0.47,0.48,2026-04-22,334,N21,VIIRS,n,2.0NRT,300.13,221.05,Day,VIIRS_NOAA21_NRT,,,2026,4,22,Spring,30°N-60°N
51.60397,82.09795,,2.75,1.59,2026-04-22,820,Aqua,MODIS,94,6.1NRT,,220.85,Day,MODIS_NRT,346.65,287.95,2026,4,22,Spring,30°N-60°N
18.72271,-100.75945,367.0,0.47,0.39,2026-04-24,1945,N21,VIIRS,l,2.0NRT,333.41,220.71,Day,VIIRS_NOAA21_NRT,,,2026,4,24,Spring,0°-30°N
10.77921,-13.20917,349.78,0.46,0.39,2026-04-22,1425,N20,VIIRS,n,2.0NRT,300.59,220.28,Day,VIIRS_NOAA20_NRT,,,2026,4,22,Spring,0°-30°N
10.77861,-13.21347,367.0,0.46,0.39,2026-04-22,1425,N20,VIIRS,h,2.0NRT,348.9,220.28,Day,VIIRS_NOAA20_NRT,,,2026,4,22,Spring,0°-30°N
23.70483,92.13297,347.19,0.61,0.54,2026-04-21,741,N,VIIRS,n,2.0NRT,299.79,219.84,Day,VIIRS_SNPP_NRT,,,2026,4,21,Spring,0°-30°N
11.35278,-13.69466,350.27,0.58,0.52,2026-04-25,1450,N,VIIRS,n,2.0NRT,316.27,219.83,Day,VIIRS_SNPP_NRT,,,2026,4,25,Spring,0°-30°N
20.92774,102.0094,367.0,0.6,0.71,2026-04-22,722,N,VIIRS,h,2.0NRT,296.36,219.82,Day,VIIRS_SNPP_NRT,,,2026,4,22,Spring,0°-30°N
20.92724,102.00286,208.0,0.6,0.71,2026-04-22,722,N,VIIRS,l,2.0NRT,322.65,219.82,Day,VIIRS_SNPP_NRT,,,2026,4,22,Spring,0°-30°N
17.75803,-101.38031,367.0,0.4,0.44,2026-04-22,2021,N21,VIIRS,h,2.0NRT,298.96,219.41,Day,VIIRS_NOAA21_NRT,,,2026,4,22,Spring,0°-30°N
40.89467,120.3922,,3.85,1.83,2026-04-21,559,Aqua,MODIS,88,6.1NRT,,219.09,Day,MODIS_NRT,335.16,297.16,2026,4,21,Spring,30°N-60°N
10.73999,-13.28197,367.0,0.4,0.6,2026-04-22,1333,N21,VIIRS,l,2.0NRT,328.22,219.01,Day,VIIRS_NOAA21_NRT,,,2026,4,22,Spring,0°-30°N
10.7407,-13.27818,367.0,0.4,0.6,2026-04-22,1333,N21,VIIRS,h,2.0NRT,294.57,219.01,Day,VIIRS_NOAA21_NRT,,,2026,4,22,Spring,0°-30°N
9.08995,-11.89537,353.1,0.42,0.38,2026-04-22,1405,N,VIIRS,l,2.0NRT,293.74,218.97,Day,VIIRS_SNPP_NRT,,,2026,4,22,Spring,0°-30°N
9.09341,-11.89587,341.46,0.42,0.38,2026-04-22,1405,N,VIIRS,l,2.0NRT,308.12,218.97,Day,VIIRS_SNPP_NRT,,,2026,4,22,Spring,0°-30°N
9.09281,-11.89975,367.0,0.42,0.38,2026-04-22,1405,N,VIIRS,l,2.0NRT,329.11,218.97,Day,VIIRS_SNPP_NRT,,,2026,4,22,Spring,0°-30°N
30.78562,-82.76212,,1.55,1.23,2026-04-21,226,Terra,MODIS,100,6.1NRT,,218.91,Night,MODIS_NRT,370.13,295.8,2026,4,21,Spring,30°N-60°N
-17.94145,126.45467,,2.83,1.61,2026-04-24,737,Aqua,MODIS,94,6.1NRT,,218.73,Day,MODIS_NRT,348.26,303.1,2026,4,24,Spring,30°S-0°
20.58245,100.25314,273.14,0.57,0.52,2026-04-24,703,N20,VIIRS,l,2.0NRT,324.33,218.71,Day,VIIRS_NOAA20_NRT,,,2026,4,24,Spring,0°-30°N
22.6941,93.1151,367.0,0.43,0.62,2026-04-22,744,N20,VIIRS,h,2.0NRT,295.34,218.67,Day,VIIRS_NOAA20_NRT,,,2026,4,22,Spring,0°-30°N
22.69957,93.11166,367.0,0.43,0.62,2026-04-22,744,N20,VIIRS,l,2.0NRT,336.21,218.67,Day,VIIRS_NOAA20_NRT,,,2026,4,22,Spring,0°-30°N
22.69386,93.11224,353.6,0.43,0.62,2026-04-22,744,N20,VIIRS,n,2.0NRT,297.6,218.67,Day,VIIRS_NOAA20_NRT,,,2026,4,22,Spring,0°-30°N
9.09911,-12.64121,352.9,0.63,0.54,2026-04-25,1450,N,VIIRS,n,2.0NRT,300.46,218.56,Day,VIIRS_SNPP_NRT,,,2026,4,25,Spring,0°-30°N
24.47232,93.29111,342.14,0.73,0.76,2026-04-24,756,N21,VIIRS,n,2.0NRT,288.37,218.4,Day,VIIRS_NOAA21_NRT,,,2026,4,24,Spring,0°-30°N
24.47199,93.28594,351.4,0.73,0.76,2026-04-24,756,N21,VIIRS,n,2.0NRT,289.39,218.4,Day,VIIRS_NOAA21_NRT,,,2026,4,24,Spring,0°-30°N
24.46492,93.28493,346.39,0.73,0.76,2026-04-24,756,N21,VIIRS,n,2.0NRT,289.78,218.4,Day,VIIRS_NOAA21_NRT,,,2026,4,24,Spring,0°-30°N
24.46525,93.29012,207.38,0.73,0.76,2026-04-24,756,N21,VIIRS,l,2.0NRT,311.5,218.4,Day,VIIRS_NOAA21_NRT,,,2026,4,24,Spring,0°-30°N
24.53655,93.47644,367.0,0.76,0.77,2026-04-24,756,N21,VIIRS,h,2.0NRT,292.53,218.32,Day,VIIRS_NOAA21_NRT,,,2026,4,24,Spring,0°-30°N
24.52926,93.4729,334.08,0.76,0.77,2026-04-24,756,N21,VIIRS,n,2.0NRT,292.74,218.32,Day,VIIRS_NOAA21_NRT,,,2026,4,24,Spring,0°-30°N
11.14571,-13.72052,367.0,0.53,0.67,2026-04-25,1329,N20,VIIRS,h,2.0NRT,303.14,218.2,Day,VIIRS_NOAA20_NRT,,,2026,4,25,Spring,0°-30°N
30.78827,-82.86982,,2.0,1.38,2026-04-22,845,Aqua,MODIS,100,6.1NRT,,218.15,Night,MODIS_NRT,357.46,279.44,2026,4,22,Spring,30°N-60°N
-34.10467,148.14514,,1.17,1.08,2026-04-21,540,Aqua,MODIS,100,6.1NRT,,218.06,Day,MODIS_NRT,385.24,300.03,2026,4,21,Spring,60°S-30°S
10.78254,-13.25024,367.0,0.5,0.66,2026-04-25,1329,N20,VIIRS,l,2.0NRT,343.72,217.97,Day,VIIRS_NOAA20_NRT,,,2026,4,25,Spring,0°-30°N
10.77746,-13.24459,367.0,0.5,0.66,2026-04-25,1329,N20,VIIRS,h,2.0NRT,300.76,217.97,Day,VIIRS_NOAA20_NRT,,,2026,4,25,Spring,0°-30°N
10.77653,-13.2493,367.0,0.5,0.66,2026-04-25,1329,N20,VIIRS,h,2.0NRT,300.77,217.97,Day,VIIRS_NOAA20_NRT,,,2026,4,25,Spring,0°-30°N
10.78341,-13.24586,355.16,0.5,0.66,2026-04-25,1329,N20,VIIRS,l,2.0NRT,317.53,217.97,Day,VIIRS_NOAA20_NRT,,,2026,4,25,Spring,0°-30°N
-34.74754,145.89526,367.0,0.52,0.5,2026-04-24,449,N,VIIRS,l,2.0NRT,328.54,217.9,Day,VIIRS_SNPP_NRT,,,2026,4,24,Spring,60°S-30°S
20.84117,100.916,338.7,0.51,0.41,2026-04-24,614,N21,VIIRS,n,2.0NRT,307.95,217.85,Day,VIIRS_NOAA21_NRT,,,2026,4,24,Spring,0°-30°N
20.53973,100.37657,,1.85,1.33,2026-04-23,850,Aqua,MODIS,100,6.1NRT,,217.77,Day,MODIS_NRT,363.74,296.7,2026,4,23,Spring,0°-30°N
9.89838,-12.99617,344.51,0.46,0.39,2026-04-22,1405,N,VIIRS,n,2.0NRT,300.51,217.25,Day,VIIRS_SNPP_NRT,,,2026,4,22,Spring,0°-30°N
9.89481,-12.99545,367.0,0.46,0.39,2026-04-22,1405,N,VIIRS,h,2.0NRT,325.1,217.25,Day,VIIRS_SNPP_NRT,,,2026,4,22,Spring,0°-30°N
19.79773,-89.94965,367.0,0.45,0.39,2026-04-25,1925,N21,VIIRS,l,2.0NRT,348.22,216.99,Day,VIIRS_NOAA21_NRT,,,2026,4,25,Spring,0°-30°N
19.7983,-89.94543,367.0,0.45,0.39,2026-04-25,1925,N21,VIIRS,l,2.0NRT,334.3,216.99,Day,VIIRS_NOAA21_NRT,,,2026,4,25,Spring,0°-30°N
-29.62413,24.65772,367.0,0.4,0.44,2026-04-22,1232,N20,VIIRS,h,2.0NRT,350.88,216.43,Day,VIIRS_NOAA20_NRT,,,2026,4,22,Spring,30°S-0°
51.9159,83.4468,,1.18,1.08,2026-04-21,920,Aqua,MODIS,100,6.1NRT,,216.36,Day,MODIS_NRT,384.72,305.83,2026,4,21,Spring,30°N-60°N
11.79008,-12.05026,367.0,0.55,0.42,2026-04-22,1425,N20,VIIRS,h,2.0NRT,334.19,216.31,Day,VIIRS_NOAA20_NRT,,,2026,4,22,Spring,0°-30°N
34.89401,-103.26029,,4.44,1.94,2026-04-24,2101,Aqua,MODIS,85,6.1NRT,,216.31,Day,MODIS_NRT,334.53,307.23,2026,4,24,Spring,30°N-60°N
24.46469,94.31664,334.14,0.56,0.52,2026-04-21,622,N20,VIIRS,n,2.0NRT,298.35,216.24,Day,VIIRS_NOAA20_NRT,,,2026,4,21,Spring,0°-30°N
24.46958,94.31666,344.47,0.56,0.52,2026-04-21,622,N20,VIIRS,n,2.0NRT,299.66,216.24,Day,VIIRS_NOAA20_NRT,,,2026,4,21,Spring,0°-30°N
41.26408,-99.73686,,1.03,1.01,2026-04-22,2125,Aqua,MODIS,100,6.1NRT,,216.15,Day,MODIS_NRT,393.36,288.03,2026,4,22,Spring,30°N-60°N
-31.47326,115.79894,,1.26,1.11,2026-04-25,811,Aqua,MODIS,100,6.1NRT,,216.13,Day,MODIS_NRT,380.86,300.06,2026,4,25,Spring,60°S-30°S
-18.89652,123.84389,367.0,0.74,0.76,2026-04-21,427,N20,VIIRS,h,2.0NRT,299.53,216.09,Day,VIIRS_NOAA20_NRT,,,2026,4,21,Spring,30°S-0°
-18.89709,123.83681,355.26,0.74,0.76,2026-04-21,427,N20,VIIRS,n,2.0NRT,302.89,216.09,Day,VIIRS_NOAA20_NRT,,,2026,4,21,Spring,30°S-0°
18.52138,-102.3176,355.64,0.46,0.47,2026-04-23,2036,N,VIIRS,n,2.0NRT,308.6,215.87,Day,VIIRS_SNPP_NRT,,,2026,4,23,Spring,0°-30°N
26.31113,95.61424,207.93,0.68,0.74,2026-04-22,744,N20,VIIRS,l,2.0NRT,304.39,215.63,Day,VIIRS_NOAA20_NRT,,,2026,4,22,Spring,0°-30°N
26.3181,95.61608,340.29,0.68,0.74,2026-04-22,744,N20,VIIRS,n,2.0NRT,293.17,215.63,Day,VIIRS_NOAA20_NRT,,,2026,4,22,Spring,0°-30°N
-30.92917,116.30155,,1.37,1.16,2026-04-25,811,Aqua,MODIS,100,6.1NRT,,215.55,Day,MODIS_NRT,376.76,303.7,2026,4,25,Spring,60°S-30°S
22.32699,72.31882,,2.87,1.62,2026-04-21,1049,Aqua,MODIS,93,6.1NRT,,215.53,Day,MODIS_NRT,350.45,308.94,2026,4,21,Spring,0°-30°N
11.11391,-12.78586,341.83,0.43,0.38,2026-04-22,1405,N,VIIRS,n,2.0NRT,309.87,215.21,Day,VIIRS_SNPP_NRT,,,2026,4,22,Spring,0°-30°N
10.25291,105.02751,343.78,0.42,0.46,2026-04-22,557,N20,VIIRS,n,2.0NRT,313.02,215.06,Day,VIIRS_NOAA20_NRT,,,2026,4,22,Spring,0°-30°N
9.26761,-12.82123,367.0,0.4,0.37,2026-04-23,1405,N20,VIIRS,l,2.0NRT,332.69,214.94,Day,VIIRS_NOAA20_NRT,,,2026,4,23,Spring,0°-30°N
11.48819,-13.47665,,2.15,1.42,2026-04-21,1541,Aqua,MODIS,99,6.1NRT,,214.57,Day,MODIS_NRT,359.68,307.43,2026,4,21,Spring,0°-30°N
10.54937,-13.23332,367.0,0.4,0.6,2026-04-22,1333,N21,VIIRS,l,2.0NRT,325.9,214.38,Day,VIIRS_NOAA21_NRT,,,2026,4,22,Spring,0°-30°N
10.55002,-13.2298,367.0,0.4,0.6,2026-04-22,1333,N21,VIIRS,h,2.0NRT,315.91,214.38,Day,VIIRS_NOAA21_NRT,,,2026,4,22,Spring,0°-30°N
10.55477,-13.23456,332.85,0.4,0.6,2026-04-22,1333,N21,VIIRS,n,2.0NRT,294.29,214.38,Day,VIIRS_NOAA21_NRT,,,2026,4,22,Spring,0°-30°N
-35.49476,144.28601,,2.04,1.39,2026-04-21,540,Aqua,MODIS,99,6.1NRT,,214.34,Day,MODIS_NRT,357.59,299.32,2026,4,21,Spring,60°S-30°S
-24.95657,-49.62691,,1.04,1.02,2026-04-21,1849,Aqua,MODIS,100,6.1NRT,,214.13,Day,MODIS_NRT,391.38,300.76,2026,4,21,Spring,30°S-0°
12.05102,-12.50273,367.0,0.5,0.41,2026-04-21,1355,N21,VIIRS,h,2.0NRT,336.28,213.82,Day,VIIRS_NOAA21_NRT,,,2026,4,21,Spring,0°-30°N
12.05176,-12.49835,367.0,0.5,0.41,2026-04-21,1355,N21,VIIRS,l,2.0NRT,330.72,213.82,Day,VIIRS_NOAA21_NRT,,,2026,4,21,Spring,0°-30°N
10.7079,-13.86145,367.0,0.39,0.36,2026-04-25,1418,N21,VIIRS,h,2.0NRT,334.65,213.56,Day,VIIRS_NOAA21_NRT,,,2026,4,25,Spring,0°-30°N
-28.42045,114.79984,,3.62,1.78,2026-04-21,718,Aqua,MODIS,88,6.1NRT,,213.49,Day,MODIS_NRT,336.09,296.89,2026,4,21,Spring,30°S-0°
-33.85865,121.00978,367.0,0.38,0.59,2026-04-23,508,N,VIIRS,l,2.0NRT,348.23,213.4,Day,VIIRS_SNPP_NRT,,,2026,4,23,Spring,60°S-30°S
-33.85892,121.00557,367.0,0.38,0.59,2026-04-23,508,N,VIIRS,l,2.0NRT,347.58,213.4,Day,VIIRS_SNPP_NRT,,,2026,4,23,Spring,60°S-30°S
-33.85338,121.00517,208.0,0.38,0.59,2026-04-23,508,N,VIIRS,l,2.0NRT,307.43,213.4,Day,VIIRS_SNPP_NRT,,,2026,4,23,Spring,60°S-30°S
-33.85311,121.00935,367.0,0.38,0.59,2026-04-23,508,N,VIIRS,l,2.0NRT,333.42,213.4,Day,VIIRS_SNPP_NRT,,,2026,4,23,Spring,60°S-30°S
9.25661,-12.64482,367.0,0.41,0.37,2026-04-25,1418,N21,VIIRS,h,2.0NRT,332.97,213.34,Day,VIIRS_NOAA21_NRT,,,2026,4,25,Spring,0°-30°N
9.25323,-12.64431,344.21,0.41,0.37,2026-04-25,1418,N21,VIIRS,n,2.0NRT,303.61,213.34,Day,VIIRS_NOAA21_NRT,,,2026,4,25,Spring,0°-30°N
11.75371,-11.40661,339.05,0.61,0.71,2026-04-23,1316,N21,VIIRS,n,2.0NRT,299.31,213.32,Day,VIIRS_NOAA21_NRT,,,2026,4,23,Spring,0°-30°N
-30.92609,116.86138,367.0,0.58,0.52,2026-04-22,635,N21,VIIRS,h,2.0NRT,344.36,213.21,Day,VIIRS_NOAA21_NRT,,,2026,4,22,Spring,60°S-30°S
36.84145,-98.92478,339.48,0.44,0.38,2026-04-24,1949,N21,VIIRS,n,2.0NRT,311.83,212.95,Day,VIIRS_NOAA21_NRT,,,2026,4,24,Spring,30°N-60°N
36.83855,-98.91915,367.0,0.44,0.38,2026-04-24,1949,N21,VIIRS,h,2.0NRT,352.83,212.95,Day,VIIRS_NOAA21_NRT,,,2026,4,24,Spring,30°N-60°N
20.15788,103.0957,,2.3,1.47,2026-04-24,748,Aqua,MODIS,97,6.1NRT,,212.34,Day,MODIS_NRT,352.76,296.28,2026,4,24,Spring,0°-30°N
9.64463,-63.62498,,1.85,1.33,2026-04-22,1336,Terra,MODIS,100,6.1NRT,,212.05,Day,MODIS_NRT,362.2,292.66,2026,4,22,Spring,0°-30°N
10.54642,-12.15939,367.0,0.39,0.36,2026-04-23,1408,N20,VIIRS,h,2.0NRT,337.02,212.01,Day,VIIRS_NOAA20_NRT,,,2026,4,23,Spring,0°-30°N
10.54311,-12.15886,367.0,0.39,0.36,2026-04-23,1408,N20,VIIRS,h,2.0NRT,336.55,212.01,Day,VIIRS_NOAA20_NRT,,,2026,4,23,Spring,0°-30°N
10.54366,-12.15536,367.0,0.39,0.36,2026-04-23,1408,N20,VIIRS,l,2.0NRT,365.78,212.01,Day,VIIRS_NOAA20_NRT,,,2026,4,23,Spring,0°-30°N
10.54696,-12.15588,345.5,0.39,0.36,2026-04-23,1408,N20,VIIRS,n,2.0NRT,315.45,212.01,Day,VIIRS_NOAA20_NRT,,,2026,4,23,Spring,0°-30°N
23.26976,54.26571,,2.19,1.44,2026-04-23,557,Terra,MODIS,98,6.1NRT,,211.98,Day,MODIS_NRT,357.76,302.1,2026,4,23,Spring,0°-30°N
18.1693,-90.93452,350.84,0.55,0.68,2026-04-24,1836,N,VIIRS,n,2.0NRT,302.72,211.89,Day,VIIRS_SNPP_NRT,,,2026,4,24,Spring,0°-30°N
-4.65813,24.57047,,2.79,1.6,2026-04-25,1314,Aqua,MODIS,93,6.1NRT,,211.86,Day,MODIS_NRT,344.32,288.46,2026,4,25,Spring,30°S-0°
9.09163,-11.89577,349.42,0.42,0.38,2026-04-22,1405,N,VIIRS,n,2.0NRT,299.67,211.79,Day,VIIRS_SNPP_NRT,,,2026,4,22,Spring,0°-30°N
9.091,-11.89965,367.0,0.42,0.38,2026-04-22,1405,N,VIIRS,l,2.0NRT,326.55,211.79,Day,VIIRS_SNPP_NRT,,,2026,4,22,Spring,0°-30°N
9.0951,-11.89626,342.21,0.42,0.38,2026-04-22,1405,N,VIIRS,l,2.0NRT,302.79,211.79,Day,VIIRS_SNPP_NRT,,,2026,4,22,Spring,0°-30°N
9.09447,-11.90016,208.0,0.42,0.38,2026-04-22,1405,N,VIIRS,l,2.0NRT,324.38,211.79,Day,VIIRS_SNPP_NRT,,,2026,4,22,Spring,0°-30°N
10.40338,-13.34961,367.0,0.4,0.37,2026-04-25,1418,N21,VIIRS,h,2.0NRT,297.66,211.75,Day,VIIRS_NOAA21_NRT,,,2026,4,25,Spring,0°-30°N
10.40004,-13.34915,367.0,0.4,0.37,2026-04-25,1418,N21,VIIRS,h,2.0NRT,336.06,211.75,Day,VIIRS_NOAA21_NRT,,,2026,4,25,Spring,0°-30°N
10.39951,-13.35267,367.0,0.4,0.37,2026-04-25,1418,N21,VIIRS,l,2.0NRT,356.71,211.75,Day,VIIRS_NOAA21_NRT,,,2026,4,25,Spring,0°-30°N
10.40285,-13.35316,367.0,0.4,0.37,2026-04-25,1418,N21,VIIRS,h,2.0NRT,300.31,211.75,Day,VIIRS_NOAA21_NRT,,,2026,4,25,Spring,0°-30°N
-20.02297,138.47455,,1.68,1.28,2026-04-24,559,Aqua,MODIS,100,6.1NRT,,211.63,Day,MODIS_NRT,367.12,303.98,2026,4,24,Spring,30°S-0°
11.47261,-13.50275,356.85,0.6,0.53,2026-04-23,1348,N,VIIRS,l,2.0NRT,268.29,211.6,Day,VIIRS_SNPP_NRT,,,2026,4,23,Spring,0°-30°N
11.47155,-13.50839,352.5,0.6,0.53,2026-04-23,1348,N,VIIRS,n,2.0NRT,277.8,211.6,Day,VIIRS_SNPP_NRT,,,2026,4,23,Spring,0°-30°N
11.47751,-13.50348,356.29,0.6,0.53,2026-04-23,1348,N,VIIRS,l,2.0NRT,269.08,211.6,Day,VIIRS_SNPP_NRT,,,2026,4,23,Spring,0°-30°N
8.25529,-12.66987,,1.14,1.06,2026-04-24,1556,Aqua,MODIS,100,6.1NRT,,211.58,Day,MODIS_NRT,386.57,283.27,2026,4,24,Spring,0°-30°N
25.1586,94.99092,207.93,0.49,0.65,2026-04-22,603,N20,VIIRS,l,2.0NRT,307.46,211.51,Day,VIIRS_NOAA20_NRT,,,2026,4,22,Spring,0°-30°N
25.15378,94.99666,367.0,0.49,0.65,2026-04-22,603,N20,VIIRS,h,2.0NRT,297.65,211.51,Day,VIIRS_NOAA20_NRT,,,2026,4,22,Spring,0°-30°N
25.15961,94.99509,367.0,0.49,0.65,2026-04-22,603,N20,VIIRS,l,2.0NRT,354.15,211.51,Day,VIIRS_NOAA20_NRT,,,2026,4,22,Spring,0°-30°N
25.15272,94.99226,297.93,0.49,0.65,2026-04-22,603,N20,VIIRS,l,2.0NRT,310.96,211.51,Day,VIIRS_NOAA20_NRT,,,2026,4,22,Spring,0°-30°N
47.87009,84.65171,,3.57,1.77,2026-04-22,956,Aqua,MODIS,76,6.1NRT,,211.43,Day,MODIS_NRT,336.91,297.28,2026,4,22,Spring,30°N-60°N
10.71293,-13.36467,367.0,0.39,0.44,2026-04-21,1355,N21,VIIRS,h,2.0NRT,336.66,211.19,Day,VIIRS_NOAA21_NRT,,,2026,4,21,Spring,0°-30°N
9.15811,-12.66895,367.0,0.41,0.37,2026-04-21,1427,N,VIIRS,h,2.0NRT,326.82,211.18,Day,VIIRS_SNPP_NRT,,,2026,4,21,Spring,0°-30°N
9.15413,-12.67217,343.54,0.41,0.37,2026-04-21,1427,N,VIIRS,n,2.0NRT,299.06,211.18,Day,VIIRS_SNPP_NRT,,,2026,4,21,Spring,0°-30°N
-15.62496,124.57362,,2.27,1.46,2026-04-24,739,Aqua,MODIS,97,6.1NRT,,210.85,Day,MODIS_NRT,354.9,301.94,2026,4,24,Spring,30°S-0°
20.38694,101.4735,367.0,0.48,0.48,2026-04-22,601,N20,VIIRS,h,2.0NRT,327.24,210.82,Day,VIIRS_NOAA20_NRT,,,2026,4,22,Spring,0°-30°N
20.38784,101.4781,344.76,0.48,0.48,2026-04-22,601,N20,VIIRS,n,2.0NRT,297.62,210.82,Day,VIIRS_NOAA20_NRT,,,2026,4,22,Spring,0°-30°N
11.12329,14.89703,,1.18,1.08,2026-04-21,1403,Aqua,MODIS,100,6.1NRT,,210.77,Day,MODIS_NRT,385.73,288.63,2026,4,21,Spring,0°-30°N
-1.40986,29.19915,332.64,0.4,0.44,2026-04-21,2307,N21,VIIRS,n,2.0NRT,286.52,210.72,Night,VIIRS_NOAA21_NRT,,,2026,4,21,Spring,30°S-0°
-1.41444,29.20207,342.92,0.4,0.44,2026-04-21,2307,N21,VIIRS,n,2.0NRT,286.08,210.72,Night,VIIRS_NOAA21_NRT,,,2026,4,21,Spring,30°S-0°
-1.41388,29.19844,306.34,0.4,0.44,2026-04-21,2307,N21,VIIRS,n,2.0NRT,283.45,210.72,Night,VIIRS_NOAA21_NRT,,,2026,4,21,Spring,30°S-0°
-1.41041,29.20275,367.0,0.4,0.44,2026-04-21,2307,N21,VIIRS,h,2.0NRT,335.97,210.72,Night,VIIRS_NOAA21_NRT,,,2026,4,21,Spring,30°S-0°
-18.90186,123.80049,,1.06,1.03,2026-04-22,35,Terra,MODIS,100,6.1NRT,,210.71,Day,MODIS_NRT,391.09,319.41,2026,4,22,Spring,30°S-0°
21.11946,102.70812,338.89,0.78,0.78,2026-04-24,523,N20,VIIRS,n,2.0NRT,293.79,210.51,Day,VIIRS_NOAA20_NRT,,,2026,4,24,Spring,0°-30°N
20.06499,-89.74157,,1.19,1.08,2026-04-24,2057,Aqua,MODIS,87,6.1NRT,,210.51,Day,MODIS_NRT,384.98,307.44,2026,4,24,Spring,0°-30°N
21.12111,102.71468,207.93,0.78,0.78,2026-04-24,523,N20,VIIRS,l,2.0NRT,306.21,210.51,Day,VIIRS_NOAA20_NRT,,,2026,4,24,Spring,0°-30°N
17.42425,-88.65443,351.38,0.63,0.54,2026-04-24,1945,N21,VIIRS,n,2.0NRT,307.09,210.47,Day,VIIRS_NOAA21_NRT,,,2026,4,24,Spring,0°-30°N
20.85794,102.75558,367.0,0.39,0.36,2026-04-21,620,N20,VIIRS,h,2.0NRT,331.82,210.33,Day,VIIRS_NOAA20_NRT,,,2026,4,21,Spring,0°-30°N
9.33396,-12.89196,367.0,0.4,0.37,2026-04-23,1405,N20,VIIRS,h,2.0NRT,342.79,210.16,Day,VIIRS_NOAA20_NRT,,,2026,4,23,Spring,0°-30°N
32.98237,-116.58114,,3.85,1.83,2026-04-23,2201,Aqua,MODIS,81,6.1NRT,,210.11,Day,MODIS_NRT,331.94,292.41,2026,4,23,Spring,30°N-60°N
14.51303,-4.53324,367.0,0.41,0.37,2026-04-23,1348,N,VIIRS,l,2.0NRT,379.26,209.77,Day,VIIRS_SNPP_NRT,,,2026,4,23,Spring,0°-30°N
14.50963,-4.53272,367.0,0.41,0.37,2026-04-23,1348,N,VIIRS,h,2.0NRT,327.29,209.77,Day,VIIRS_SNPP_NRT,,,2026,4,23,Spring,0°-30°N
14.51017,-4.52896,367.0,0.41,0.37,2026-04-23,1348,N,VIIRS,h,2.0NRT,324.27,209.77,Day,VIIRS_SNPP_NRT,,,2026,4,23,Spring,0°-30°N
11.62774,29.35943,349.61,0.49,0.48,2026-04-25,1056,N21,VIIRS,n,2.0NRT,314.9,209.77,Day,VIIRS_NOAA21_NRT,,,2026,4,25,Spring,0°-30°N
14.51358,-4.52948,367.0,0.41,0.37,2026-04-23,1348,N,VIIRS,h,2.0NRT,364.06,209.77,Day,VIIRS_SNPP_NRT,,,2026,4,23,Spring,0°-30°N
9.66946,-13.14141,367.0,0.41,0.37,2026-04-23,1408,N20,VIIRS,h,2.0NRT,343.13,209.53,Day,VIIRS_NOAA20_NRT,,,2026,4,23,Spring,0°-30°N
9.67004,-13.13776,343.27,0.41,0.37,2026-04-23,1408,N20,VIIRS,l,2.0NRT,314.68,209.53,Day,VIIRS_NOAA20_NRT,,,2026,4,23,Spring,0°-30°N
22.74306,93.31422,,1.56,1.23,2026-04-21,911,Aqua,MODIS,100,6.1NRT,,209.17,Day,MODIS_NRT,369.72,307.97,2026,4,21,Spring,0°-30°N
-18.35525,124.69159,,3.37,1.73,2026-04-25,637,Aqua,MODIS,90,6.1NRT,,209.07,Day,MODIS_NRT,341.84,298.77,2026,4,25,Spring,30°S-0°
19.36555,-89.29973,,1.15,1.07,2026-04-24,2057,Aqua,MODIS,100,6.1NRT,,208.22,Day,MODIS_NRT,386.75,307.65,2026,4,24,Spring,0°-30°N
20.26156,93.48023,274.58,0.69,0.74,2026-04-24,754,N21,VIIRS,l,2.0NRT,307.62,208.03,Day,VIIRS_NOAA21_NRT,,,2026,4,24,Spring,0°-30°N
20.26207,93.48654,367.0,0.69,0.74,2026-04-24,754,N21,VIIRS,h,2.0NRT,296.41,208.03,Day,VIIRS_NOAA21_NRT,,,2026,4,24,Spring,0°-30°N
-15.66693,125.06978,,2.48,1.52,2026-04-24,739,Aqua,MODIS,95,6.1NRT,,207.98,Day,MODIS_NRT,349.96,302.37,2026,4,24,Spring,30°S-0°
10.79788,-12.86314,367.0,0.48,0.4,2026-04-22,1425,N20,VIIRS,h,2.0NRT,329.32,207.64,Day,VIIRS_NOAA20_NRT,,,2026,4,22,Spring,0°-30°N
10.79357,-12.86714,349.96,0.48,0.4,2026-04-22,1425,N20,VIIRS,n,2.0NRT,311.3,207.64,Day,VIIRS_NOAA20_NRT,,,2026,4,22,Spring,0°-30°N
10.79725,-12.86751,367.0,0.48,0.4,2026-04-22,1425,N20,VIIRS,l,2.0NRT,351.3,207.64,Day,VIIRS_NOAA20_NRT,,,2026,4,22,Spring,0°-30°N
10.7942,-12.86274,367.0,0.48,0.4,2026-04-22,1425,N20,VIIRS,h,2.0NRT,333.34,207.64,Day,VIIRS_NOAA20_NRT,,,2026,4,22,Spring,0°-30°N
17.52298,-93.8044,,4.41,1.93,2026-04-25,905,Aqua,MODIS,100,6.1NRT,,207.59,Night,MODIS_NRT,327.11,292.43,2026,4,25,Spring,0°-30°N
33.38362,-108.57525,,1.62,1.25,2026-04-25,328,Terra,MODIS,100,6.1NRT,,207.45,Night,MODIS_NRT,364.79,284.97,2026,4,25,Spring,30°N-60°N
-41.21109,147.75639,330.96,0.55,0.42,2026-04-23,345,N20,VIIRS,n,2.0NRT,288.49,207.37,Day,VIIRS_NOAA20_NRT,,,2026,4,23,Spring,60°S-30°S
-41.20715,147.75569,367.0,0.55,0.42,2026-04-23,345,N20,VIIRS,l,2.0NRT,336.68,207.37,Day,VIIRS_NOAA20_NRT,,,2026,4,23,Spring,60°S-30°S
10.833,-12.61181,367.0,0.39,0.36,2026-04-23,1408,N20,VIIRS,l,2.0NRT,337.8,207.28,Day,VIIRS_NOAA20_NRT,,,2026,4,23,Spring,0°-30°N
10.83687,-12.6088,367.0,0.39,0.36,2026-04-23,1408,N20,VIIRS,l,2.0NRT,331.31,207.28,Day,VIIRS_NOAA20_NRT,,,2026,4,23,Spring,0°-30°N
10.83355,-12.60826,367.0,0.39,0.36,2026-04-23,1408,N20,VIIRS,l,2.0NRT,327.21,207.28,Day,VIIRS_NOAA20_NRT,,,2026,4,23,Spring,0°-30°N
12.12015,-12.66004,367.0,0.39,0.36,2026-04-23,1408,N20,VIIRS,h,2.0NRT,332.48,207.1,Day,VIIRS_NOAA20_NRT,,,2026,4,23,Spring,0°-30°N
12.11685,-12.65948,367.0,0.39,0.36,2026-04-23,1408,N20,VIIRS,h,2.0NRT,356.27,207.1,Day,VIIRS_NOAA20_NRT,,,2026,4,23,Spring,0°-30°N
9.65639,-13.13421,330.92,0.61,0.53,2026-04-23,1348,N,VIIRS,n,2.0NRT,293.42,206.91,Day,VIIRS_SNPP_NRT,,,2026,4,23,Spring,0°-30°N
19.44516,-89.85543,,2.3,1.47,2026-04-21,2040,Aqua,MODIS,97,6.1NRT,,206.89,Day,MODIS_NRT,353.36,299.78,2026,4,21,Spring,0°-30°N
-37.74342,-72.49754,367.0,0.43,0.38,2026-04-23,1858,N20,VIIRS,h,2.0NRT,337.11,206.82,Day,VIIRS_NOAA20_NRT,,,2026,4,23,Spring,60°S-30°S
11.56994,-13.50439,367.0,0.4,0.37,2026-04-25,1418,N21,VIIRS,h,2.0NRT,344.08,206.69,Day,VIIRS_NOAA21_NRT,,,2026,4,25,Spring,0°-30°N
11.56714,-13.50026,354.71,0.4,0.37,2026-04-25,1418,N21,VIIRS,n,2.0NRT,310.89,206.69,Day,VIIRS_NOAA21_NRT,,,2026,4,25,Spring,0°-30°N
11.57047,-13.50081,367.0,0.4,0.37,2026-04-25,1418,N21,VIIRS,l,2.0NRT,365.41,206.69,Day,VIIRS_NOAA21_NRT,,,2026,4,25,Spring,0°-30°N
17.07191,-90.15726,367.0,0.35,0.56,2026-04-22,1841,N21,VIIRS,h,2.0NRT,299.25,206.68,Day,VIIRS_NOAA21_NRT,,,2026,4,22,Spring,0°-30°N
17.07129,-90.16043,367.0,0.35,0.56,2026-04-22,1841,N21,VIIRS,l,2.0NRT,332.59,206.68,Day,VIIRS_NOAA21_NRT,,,2026,4,22,Spring,0°-30°N
22.07678,92.77897,354.76,0.42,0.38,2026-04-21,709,N21,VIIRS,n,2.0NRT,304.98,206.43,Day,VIIRS_NOAA21_NRT,,,2026,4,21,Spring,0°-30°N
22.07965,92.77437,367.0,0.42,0.38,2026-04-21,709,N21,VIIRS,h,2.0NRT,326.78,206.43,Day,VIIRS_NOAA21_NRT,,,2026,4,21,Spring,0°-30°N
22.08021,92.77845,315.2,0.42,0.38,2026-04-21,709,N21,VIIRS,l,2.0NRT,321.92,206.43,Day,VIIRS_NOAA21_NRT,,,2026,4,21,Spring,0°-30°N
-16.36414,127.53987,,1.0,1.0,2026-04-23,659,Aqua,MODIS,100,6.1NRT,,206.29,Day,MODIS_NRT,393.55,307.27,2026,4,23,Spring,30°S-0°
19.36893,-89.2787,,1.15,1.07,2026-04-24,2057,Aqua,MODIS,100,6.1NRT,,206.15,Day,MODIS_NRT,386.22,307.47,2026,4,24,Spring,0°-30°N
21.11755,102.36252,335.7,0.41,0.45,2026-04-22,601,N20,VIIRS,n,2.0NRT,296.51,206.11,Day,VIIRS_NOAA20_NRT,,,2026,4,22,Spring,0°-30°N
21.11357,102.3638,367.0,0.41,0.45,2026-04-22,601,N20,VIIRS,l,2.0NRT,337.19,206.11,Day,VIIRS_NOAA20_NRT,,,2026,4,22,Spring,0°-30°N
21.11838,102.36693,337.05,0.41,0.45,2026-04-22,601,N20,VIIRS,n,2.0NRT,295.32,206.11,Day,VIIRS_NOAA20_NRT,,,2026,4,22,Spring,0°-30°N
47.31851,123.73753,,1.1,1.04,2026-04-22,640,Aqua,MODIS,100,6.1NRT,,206.11,Day,MODIS_NRT,387.03,300.67,2026,4,22,Spring,30°N-60°N
17.50706,-93.82188,,2.55,1.54,2026-04-24,2057,Aqua,MODIS,94,6.1NRT,,206.02,Day,MODIS_NRT,348.58,300.21,2026,4,24,Spring,0°-30°N
-17.93361,126.47453,,2.84,1.61,2026-04-24,737,Aqua,MODIS,94,6.1NRT,,205.94,Day,MODIS_NRT,347.84,303.75,2026,4,24,Spring,30°S-0°
10.53225,-13.46827,,2.54,1.53,2026-04-25,1637,Aqua,MODIS,95,6.1NRT,,205.82,Day,MODIS_NRT,350.78,302.88,2026,4,25,Spring,0°-30°N
11.40675,-12.19775,367.0,0.44,0.38,2026-04-25,1418,N21,VIIRS,h,2.0NRT,350.06,205.72,Day,VIIRS_NOAA21_NRT,,,2026,4,25,Spring,0°-30°N
25.25924,83.80216,367.0,0.57,0.43,2026-04-24,756,N21,VIIRS,h,2.0NRT,337.76,205.37,Day,VIIRS_NOAA21_NRT,,,2026,4,24,Spring,0°-30°N
22.75678,93.2549,312.49,0.41,0.37,2026-04-22,652,N21,VIIRS,l,2.0NRT,312.93,205.29,Day,VIIRS_NOAA21_NRT,,,2026,4,22,Spring,0°-30°N
25.14258,94.56779,367.0,0.38,0.36,2026-04-22,652,N21,VIIRS,h,2.0NRT,332.06,205.27,Day,VIIRS_NOAA21_NRT,,,2026,4,22,Spring,0°-30°N
10.81926,-13.13928,,2.08,1.4,2026-04-21,1541,Aqua,MODIS,99,6.1NRT,,205.14,Day,MODIS_NRT,358.61,301.55,2026,4,21,Spring,0°-30°N
53.72195,59.00702,,3.92,1.84,2026-04-22,648,Terra,MODIS,83,6.1NRT,,205.14,Day,MODIS_NRT,330.23,283.82,2026,4,22,Spring,30°N-60°N
8.35862,-64.07161,,3.16,1.68,2026-04-21,1900,Aqua,MODIS,86,6.1NRT,,204.97,Day,MODIS_NRT,341.95,296.62,2026,4,21,Spring,0°-30°N
-37.89372,-73.49017,336.97,0.55,0.43,2026-04-22,1824,N21,VIIRS,n,2.0NRT,289.73,204.9,Day,VIIRS_NOAA21_NRT,,,2026,4,22,Spring,60°S-30°S
24.50971,94.35794,332.6,0.56,0.51,2026-04-21,622,N20,VIIRS,n,2.0NRT,297.95,204.52,Day,VIIRS_NOAA20_NRT,,,2026,4,21,Spring,0°-30°N
24.50422,94.35506,275.02,0.56,0.51,2026-04-21,622,N20,VIIRS,l,2.0NRT,322.02,204.52,Day,VIIRS_NOAA20_NRT,,,2026,4,21,Spring,0°-30°N
24.5088,94.35365,347.87,0.56,0.51,2026-04-21,622,N20,VIIRS,n,2.0NRT,300.85,204.52,Day,VIIRS_NOAA20_NRT,,,2026,4,21,Spring,0°-30°N
-17.85228,126.52804,207.38,0.62,0.71,2026-04-24,419,N21,VIIRS,l,2.0NRT,322.44,204.41,Day,VIIRS_NOAA21_NRT,,,2026,4,24,Spring,30°S-0°
53.63989,77.25879,,3.39,1.74,2026-04-25,529,Terra,MODIS,90,6.1NRT,,204.36,Day,MODIS_NRT,337.65,298.87,2026,4,25,Spring,30°N-60°N
19.52102,-89.87122,,1.22,1.1,2026-04-24,2057,Aqua,MODIS,75,6.1NRT,,204.19,Day,MODIS_NRT,382.48,303.83,2026,4,24,Spring,0°-30°N
-16.37558,127.52309,,1.0,1.0,2026-04-23,659,Aqua,MODIS,100,6.1NRT,,204.06,Day,MODIS_NRT,393.19,306.27,2026,4,23,Spring,30°S-0°
9.89107,-12.72132,352.91,0.38,0.59,2026-04-22,1333,N21,VIIRS,n,2.0NRT,296.38,203.97,Day,VIIRS_NOAA21_NRT,,,2026,4,22,Spring,0°-30°N
-17.87744,126.51484,349.55,0.57,0.69,2026-04-24,601,N21,VIIRS,n,2.0NRT,307.45,203.94,Day,VIIRS_NOAA21_NRT,,,2026,4,24,Spring,30°S-0°
11.22842,-13.75721,367.0,0.44,0.38,2026-04-22,1425,N20,VIIRS,h,2.0NRT,356.06,203.93,Day,VIIRS_NOAA20_NRT,,,2026,4,22,Spring,0°-30°N
11.23134,-13.76179,351.98,0.44,0.38,2026-04-22,1425,N20,VIIRS,n,2.0NRT,302.24,203.93,Day,VIIRS_NOAA20_NRT,,,2026,4,22,Spring,0°-30°N
11.23192,-13.7578,355.11,0.44,0.38,2026-04-22,1425,N20,VIIRS,n,2.0NRT,301.39,203.93,Day,VIIRS_NOAA20_NRT,,,2026,4,22,Spring,0°-30°N
11.22784,-13.76118,367.0,0.44,0.38,2026-04-22,1425,N20,VIIRS,h,2.0NRT,343.68,203.93,Day,VIIRS_NOAA20_NRT,,,2026,4,22,Spring,0°-30°N
10.90222,-13.2835,355.47,0.4,0.37,2026-04-25,1418,N21,VIIRS,n,2.0NRT,316.34,203.83,Day,VIIRS_NOAA21_NRT,,,2026,4,25,Spring,0°-30°N
10.89887,-13.28296,367.0,0.4,0.37,2026-04-25,1418,N21,VIIRS,h,2.0NRT,360.17,203.83,Day,VIIRS_NOAA21_NRT,,,2026,4,25,Spring,0°-30°N
10.90275,-13.27986,341.93,0.4,0.37,2026-04-25,1418,N21,VIIRS,n,2.0NRT,306.2,203.83,Day,VIIRS_NOAA21_NRT,,,2026,4,25,Spring,0°-30°N
-29.20866,115.31127,331.34,0.41,0.45,2026-04-21,546,N,VIIRS,l,2.0NRT,304.55,203.71,Day,VIIRS_SNPP_NRT,,,2026,4,21,Spring,30°S-0°
14.4963,-4.52952,,3.57,1.77,2026-04-24,956,Terra,MODIS,88,6.1NRT,,203.51,Day,MODIS_NRT,340.37,299.3,2026,4,24,Spring,0°-30°N
24.63731,81.00107,367.0,0.49,0.65,2026-04-22,835,N21,VIIRS,h,2.0NRT,318.15,203.44,Day,VIIRS_NOAA21_NRT,,,2026,4,22,Spring,0°-30°N
21.12444,102.72791,338.82,0.78,0.78,2026-04-24,523,N20,VIIRS,n,2.0NRT,290.55,203.41,Day,VIIRS_NOAA20_NRT,,,2026,4,24,Spring,0°-30°N
21.12255,102.72038,352.37,0.78,0.78,2026-04-24,523,N20,VIIRS,n,2.0NRT,296.63,203.41,Day,VIIRS_NOAA20_NRT,,,2026,4,24,Spring,0°-30°N
16.88989,-90.87761,,1.57,1.23,2026-04-24,2057,Aqua,MODIS,100,6.1NRT,,203.12,Day,MODIS_NRT,369.38,307.44,2026,4,24,Spring,0°-30°N
14.21359,-5.9162,,1.11,1.05,2026-04-21,1544,Aqua,MODIS,100,6.1NRT,,202.91,Day,MODIS_NRT,388.38,310.98,2026,4,21,Spring,0°-30°N
20.85736,-89.0938,319.96,0.5,0.41,2026-04-25,1925,N21,VIIRS,l,2.0NRT,321.32,202.83,Day,VIIRS_NOAA21_NRT,,,2026,4,25,Spring,0°-30°N
20.85736,-89.0938,319.96,0.5,0.4,2026-04-25,1925,N21,VIIRS,l,2.0URT,321.32,202.82,Day,VIIRS_NOAA21_NRT,,,2026,4,25,Spring,0°-30°N
9.7276,-10.41707,334.68,0.52,0.42,2026-04-21,1427,N,VIIRS,n,2.0NRT,296.96,11.52,Day,VIIRS_SNPP_NRT,,,2026,4,21,Spring,0°-30°N
24.53946,81.85173,,1.24,1.11,2026-04-22,949,Aqua,MODIS,73,6.1NRT,,16.96,Day,MODIS_NRT,332.71,318.3,2026,4,22,Spring,0°-30°N
42.60241,59.47909,342.85,0.53,0.42,2026-04-25,835,N20,VIIRS,n,2.0NRT,309.12,6.49,Day,VIIRS_NOAA20_NRT,,,2026,4,25,Spring,30°N-60°N
-30.5524,116.48553,,2.91,1.63,2026-04-21,718,Aqua,MODIS,79,6.1NRT,,69.46,Day,MODIS_NRT,321.49,297.7,2026,4,21,Spring,60°S-30°S
9.89895,-8.33503,344.8,0.38,0.36,2026-04-21,1353,N21,VIIRS,n,2.0NRT,294.66,13.58,Day,VIIRS_NOAA21_NRT,,,2026,4,21,Spring,0°-30°N
16.54495,-94.74471,330.12,0.5,0.4,2026-04-25,1957,N,VIIRS,l,2.0URT,301.71,2.28,Day,VIIRS_SNPP_NRT,,,2026,4,25,Spring,0°-30°N
-17.26249,126.64238,308.72,0.41,0.45,2026-04-24,1711,N21,VIIRS,n,2.0NRT,292.6,0.98,Night,VIIRS_NOAA21_NRT,,,2026,4,24,Spring,30°S-0°
23.3661,84.0526,318.51,0.4,0.37,2026-04-22,2012,N20,VIIRS,n,2.0NRT,291.71,2.23,Night,VIIRS_NOAA20_NRT,,,2026,4,22,Spring,0°-30°N
27.77667,83.38206,304.1,0.45,0.47,2026-04-22,1949,N,VIIRS,n,2.0NRT,293.28,0.31,Night,VIIRS_SNPP_NRT,,,2026,4,22,Spring,0°-30°N
24.93671,94.61535,345.06,0.53,0.5,2026-04-21,622,N20,VIIRS,n,2.0NRT,304.73,46.67,Day,VIIRS_NOAA20_NRT,,,2026,4,21,Spring,0°-30°N
8.44615,-62.32688,330.7,0.43,0.38,2026-04-25,1741,N21,VIIRS,n,2.0NRT,300.13,4.87,Day,VIIRS_NOAA21_NRT,,,2026,4,25,Spring,0°-30°N
-18.59268,-58.65596,,1.06,1.03,2026-04-23,1244,Terra,MODIS,68,6.1NRT,,9.02,Day,MODIS_NRT,311.66,288.52,2026,4,23,Spring,30°S-0°
-28.24829,150.20947,321.3,0.43,0.62,2026-04-23,1552,N21,VIIRS,n,2.0NRT,285.63,3.5,Night,VIIRS_NOAA21_NRT,,,2026,4,23,Spring,30°S-0°
61.34642,112.78732,,1.25,1.11,2026-04-24,622,Aqua,MODIS,0,6.1NRT,,31.53,Day,MODIS_NRT,321.63,276.5,2026,4,24,Spring,60°N-90°N
11.21099,-13.26254,340.47,0.57,0.43,2026-04-21,1355,N21,VIIRS,n,2.0NRT,305.71,12.07,Day,VIIRS_NOAA21_NRT,,,2026,4,21,Spring,0°-30°N
12.94499,105.05701,,1.03,1.01,2026-04-22,809,Aqua,MODIS,63,6.1NRT,,11.5,Day,MODIS_NRT,326.6,303.31,2026,4,22,Spring,0°-30°N
25.02347,76.08604,337.42,0.77,0.77,2026-04-23,905,N20,VIIRS,l,2.0NRT,311.79,7.61,Day,VIIRS_NOAA20_NRT,,,2026,4,23,Spring,0°-30°N
-16.96584,125.92813,345.57,0.67,0.73,2026-04-24,421,N21,VIIRS,n,2.0NRT,302.29,16.38,Day,VIIRS_NOAA21_NRT,,,2026,4,24,Spring,30°S-0°
-15.55743,30.38221,335.33,0.42,0.38,2026-04-23,1125,N21,VIIRS,n,2.0NRT,303.11,5.58,Day,VIIRS_NOAA21_NRT,,,2026,4,23,Spring,30°S-0°
-16.9724,124.9027,310.9,0.54,0.68,2026-04-22,1607,N21,VIIRS,n,2.0NRT,293.2,3.83,Night,VIIRS_NOAA21_NRT,,,2026,4,22,Spring,30°S-0°
-11.76865,-43.64376,367.0,0.55,0.68,2026-04-22,1722,N,VIIRS,h,2.0NRT,295.78,18.25,Day,VIIRS_SNPP_NRT,,,2026,4,22,Spring,30°S-0°
6.70815,-10.66929,337.83,0.4,0.6,2026-04-25,1450,N,VIIRS,n,2.0NRT,290.37,6.76,Day,VIIRS_SNPP_NRT,,,2026,4,25,Spring,0°-30°N
10.51252,-9.03178,342.66,0.42,0.45,2026-04-22,1333,N21,VIIRS,n,2.0NRT,296.62,3.8,Day,VIIRS_NOAA21_NRT,,,2026,4,22,Spring,0°-30°N
-15.61985,125.12093,349.73,0.32,0.55,2026-04-22,550,N20,VIIRS,n,2.0NRT,302.9,4.66,Day,VIIRS_NOAA20_NRT,,,2026,4,22,Spring,30°S-0°
15.42517,-90.58961,333.43,0.44,0.46,2026-04-24,1945,N21,VIIRS,n,2.0NRT,301.03,2.25,Day,VIIRS_NOAA21_NRT,,,2026,4,24,Spring,0°-30°N
57.21302,28.80869,295.62,0.5,0.66,2026-04-23,154,N21,VIIRS,n,2.0NRT,271.9,1.28,Night,VIIRS_NOAA21_NRT,,,2026,4,23,Spring,30°N-60°N
8.27691,-12.28343,345.07,0.56,0.52,2026-04-23,1346,N,VIIRS,n,2.0NRT,293.45,10.1,Day,VIIRS_SNPP_NRT,,,2026,4,23,Spring,0°-30°N
24.50881,93.54449,338.13,0.43,0.38,2026-04-25,646,N20,VIIRS,l,2.0NRT,302.06,123.08,Day,VIIRS_NOAA20_NRT,,,2026,4,25,Spring,0°-30°N
30.06663,50.8931,301.84,0.46,0.39,2026-04-21,2210,N20,VIIRS,n,2.0NRT,286.5,0.87,Night,VIIRS_NOAA20_NRT,,,2026,4,21,Spring,30°N-60°N
-14.72741,125.54198,306.84,0.44,0.62,2026-04-24,1741,N,VIIRS,n,2.0NRT,292.84,1.23,Night,VIIRS_SNPP_NRT,,,2026,4,24,Spring,30°S-0°
28.0107,82.28937,306.99,0.45,0.39,2026-04-21,2010,N,VIIRS,n,2.0NRT,292.93,1.05,Night,VIIRS_SNPP_NRT,,,2026,4,21,Spring,0°-30°N
24.2732,92.08839,331.86,0.39,0.36,2026-04-24,705,N20,VIIRS,n,2.0NRT,296.58,17.89,Day,VIIRS_NOAA20_NRT,,,2026,4,24,Spring,0°-30°N
20.84815,101.98837,341.0,0.6,0.71,2026-04-22,722,N,VIIRS,n,2.0NRT,293.53,26.0,Day,VIIRS_SNPP_NRT,,,2026,4,22,Spring,0°-30°N
29.76528,79.91762,307.81,0.51,0.41,2026-04-22,2010,N20,VIIRS,n,2.0NRT,288.72,1.5,Night,VIIRS_NOAA20_NRT,,,2026,4,22,Spring,0°-30°N
10.44421,-12.70542,334.85,0.4,0.37,2026-04-23,1408,N20,VIIRS,l,2.0NRT,307.88,3.53,Day,VIIRS_NOAA20_NRT,,,2026,4,23,Spring,0°-30°N
-22.57255,44.73073,342.44,0.51,0.49,2026-04-21,1113,N20,VIIRS,n,2.0NRT,302.48,8.39,Day,VIIRS_NOAA20_NRT,,,2026,4,21,Spring,30°S-0°
24.37685,85.08813,345.26,0.45,0.39,2026-04-22,744,N20,VIIRS,l,2.0NRT,316.16,15.18,Day,VIIRS_NOAA20_NRT,,,2026,4,22,Spring,0°-30°N
-14.82343,125.6039,356.21,0.47,0.48,2026-04-24,453,N,VIIRS,n,2.0NRT,305.18,16.57,Day,VIIRS_SNPP_NRT,,,2026,4,24,Spring,30°S-0°
51.48512,81.37637,338.43,0.44,0.38,2026-04-22,659,N21,VIIRS,n,2.0NRT,301.27,4.9,Day,VIIRS_NOAA21_NRT,,,2026,4,22,Spring,30°N-60°N
43.5583,127.37082,330.7,0.46,0.39,2026-04-23,408,N20,VIIRS,n,2.0NRT,294.18,1.85,Day,VIIRS_NOAA20_NRT,,,2026,4,23,Spring,30°N-60°N
22.24629,79.85832,336.88,0.49,0.41,2026-04-21,741,N,VIIRS,n,2.0NRT,308.76,2.44,Day,VIIRS_SNPP_NRT,,,2026,4,21,Spring,0°-30°N
28.4426,81.47654,317.6,0.41,0.37,2026-04-21,2027,N20,VIIRS,n,2.0NRT,293.36,3.06,Night,VIIRS_NOAA20_NRT,,,2026,4,21,Spring,0°-30°N
23.95526,84.44786,343.25,0.4,0.44,2026-04-24,756,N21,VIIRS,l,2.0NRT,316.4,3.21,Day,VIIRS_NOAA21_NRT,,,2026,4,24,Spring,0°-30°N
22.41899,85.37794,306.3,0.41,0.37,2026-04-23,1951,N20,VIIRS,n,2.0NRT,285.19,1.03,Night,VIIRS_NOAA20_NRT,,,2026,4,23,Spring,0°-30°N
43.44429,124.59985,335.98,0.39,0.44,2026-04-23,408,N20,VIIRS,n,2.0NRT,310.16,1.72,Day,VIIRS_NOAA20_NRT,,,2026,4,23,Spring,30°N-60°N
19.06503,94.12884,330.66,0.35,0.57,2026-04-25,733,N21,VIIRS,n,2.0NRT,299.91,3.63,Day,VIIRS_NOAA21_NRT,,,2026,4,25,Spring,0°-30°N
4.8117,35.42526,349.74,0.49,0.49,2026-04-22,1041,N,VIIRS,n,2.0NRT,291.91,8.34,Day,VIIRS_SNPP_NRT,,,2026,4,22,Spring,0°-30°N
10.81025,30.02138,347.08,0.4,0.44,2026-04-24,1147,N,VIIRS,l,2.0NRT,318.66,11.19,Day,VIIRS_SNPP_NRT,,,2026,4,24,Spring,0°-30°N
-22.16201,43.76655,341.61,0.35,0.57,2026-04-23,1123,N21,VIIRS,n,2.0NRT,303.94,5.65,Day,VIIRS_NOAA21_NRT,,,2026,4,23,Spring,30°S-0°
-16.28765,125.25119,353.25,0.42,0.45,2026-04-25,453,N20,VIIRS,n,2.0NRT,317.66,21.01,Day,VIIRS_NOAA20_NRT,,,2026,4,25,Spring,30°S-0°
26.74777,68.13058,342.66,0.43,0.38,2026-04-24,848,N20,VIIRS,n,2.0NRT,308.46,4.05,Day,VIIRS_NOAA20_NRT,,,2026,4,24,Spring,0°-30°N
22.2079,97.66988,335.64,0.39,0.36,2026-04-24,646,N,VIIRS,n,2.0NRT,297.79,2.47,Day,VIIRS_SNPP_NRT,,,2026,4,24,Spring,0°-30°N
-16.19348,127.28629,308.57,0.47,0.48,2026-04-24,1622,N20,VIIRS,n,2.0NRT,292.29,1.46,Night,VIIRS_NOAA20_NRT,,,2026,4,24,Spring,30°S-0°
9.12258,123.18966,342.45,0.63,0.54,2026-04-25,442,N,VIIRS,n,2.0NRT,300.78,12.4,Day,VIIRS_SNPP_NRT,,,2026,4,25,Spring,0°-30°N
-8.78574,24.63293,,1.21,1.1,2026-04-23,1338,Aqua,MODIS,58,6.1NRT,,6.02,Day,MODIS_NRT,308.4,292.99,2026,4,23,Spring,30°S-0°
18.26485,81.25639,344.89,0.48,0.4,2026-04-21,741,N,VIIRS,n,2.0NRT,300.8,4.21,Day,VIIRS_SNPP_NRT,,,2026,4,21,Spring,0°-30°N
54.25418,75.31344,333.43,0.4,0.37,2026-04-22,731,N,VIIRS,n,2.0NRT,296.84,4.24,Day,VIIRS_SNPP_NRT,,,2026,4,22,Spring,30°N-60°N
41.52636,128.76208,296.31,0.34,0.56,2026-04-21,1643,N,VIIRS,n,2.0NRT,271.86,1.29,Night,VIIRS_SNPP_NRT,,,2026,4,21,Spring,30°N-60°N
8.44332,-12.3706,332.06,0.32,0.55,2026-04-25,1450,N,VIIRS,n,2.0NRT,299.41,1.47,Day,VIIRS_SNPP_NRT,,,2026,4,25,Spring,0°-30°N
14.15617,103.88608,336.72,0.41,0.37,2026-04-23,629,N21,VIIRS,n,2.0NRT,300.91,7.66,Day,VIIRS_NOAA21_NRT,,,2026,4,23,Spring,0°-30°N
-33.06982,119.63457,346.67,0.44,0.38,2026-04-25,538,N21,VIIRS,n,2.0NRT,309.86,22.46,Day,VIIRS_NOAA21_NRT,,,2026,4,25,Spring,60°S-30°S
52.89253,83.36447,337.54,0.75,0.77,2026-04-25,835,N20,VIIRS,n,2.0NRT,299.92,12.42,Day,VIIRS_NOAA20_NRT,,,2026,4,25,Spring,30°N-60°N
-13.63708,-44.44397,310.78,0.38,0.36,2026-04-22,417,N21,VIIRS,n,2.0NRT,289.9,0.84,Night,VIIRS_NOAA21_NRT,,,2026,4,22,Spring,30°S-0°
22.14444,99.6447,331.56,0.55,0.51,2026-04-24,703,N20,VIIRS,l,2.0NRT,305.02,3.11,Day,VIIRS_NOAA20_NRT,,,2026,4,24,Spring,0°-30°N
-16.28836,127.35625,335.05,0.39,0.36,2026-04-24,514,N20,VIIRS,l,2.0NRT,308.44,2.95,Day,VIIRS_NOAA20_NRT,,,2026,4,24,Spring,30°S-0°
11.38108,77.76775,337.23,0.43,0.38,2026-04-24,824,N,VIIRS,n,2.0NRT,306.95,7.34,Day,VIIRS_SNPP_NRT,,,2026,4,24,Spring,0°-30°N
-1.41834,29.20719,341.54,0.39,0.6,2026-04-21,1208,N21,VIIRS,n,2.0NRT,293.21,49.92,Day,VIIRS_NOAA21_NRT,,,2026,4,21,Spring,30°S-0°
-18.42738,26.51894,304.14,0.52,0.5,2026-04-24,2358,N21,VIIRS,n,2.0NRT,289.4,1.92,Night,VIIRS_NOAA21_NRT,,,2026,4,24,Spring,30°S-0°
39.46144,118.26711,296.83,0.61,0.53,2026-04-24,1728,N,VIIRS,n,2.0NRT,284.48,1.5,Night,VIIRS_SNPP_NRT,,,2026,4,24,Spring,30°N-60°N
28.47899,82.24675,341.75,0.4,0.37,2026-04-22,746,N20,VIIRS,n,2.0NRT,308.45,4.57,Day,VIIRS_NOAA20_NRT,,,2026,4,22,Spring,0°-30°N
-15.62494,124.57742,367.0,0.48,0.64,2026-04-24,601,N21,VIIRS,h,2.0NRT,303.21,34.84,Day,VIIRS_NOAA21_NRT,,,2026,4,24,Spring,30°S-0°
19.85436,83.96909,338.93,0.39,0.36,2026-04-21,741,N,VIIRS,n,2.0NRT,302.05,6.48,Day,VIIRS_SNPP_NRT,,,2026,4,21,Spring,0°-30°N
53.45586,77.88972,341.91,0.4,0.37,2026-04-21,720,N21,VIIRS,n,2.0NRT,303.54,7.75,Day,VIIRS_NOAA21_NRT,,,2026,4,21,Spring,30°N-60°N
31.30183,49.11783,334.26,0.41,0.37,2026-04-22,2240,N21,VIIRS,n,2.0NRT,301.34,7.13,Night,VIIRS_NOAA21_NRT,,,2026,4,22,Spring,30°N-60°N
-14.67381,129.82594,333.53,0.53,0.5,2026-04-22,531,N,VIIRS,n,2.0NRT,295.17,2.92,Day,VIIRS_SNPP_NRT,,,2026,4,22,Spring,30°S-0°
23.13331,75.29474,306.93,0.47,0.64,2026-04-22,2131,N,VIIRS,n,2.0NRT,290.6,1.25,Night,VIIRS_SNPP_NRT,,,2026,4,22,Spring,0°-30°N
-20.17519,-46.95438,333.39,0.52,0.5,2026-04-23,453,N20,VIIRS,n,2.0NRT,288.64,5.05,Night,VIIRS_NOAA20_NRT,,,2026,4,23,Spring,30°S-0°
20.22123,-89.92901,332.12,0.4,0.6,2026-04-25,1957,N,VIIRS,l,2.0URT,302.78,3.69,Day,VIIRS_SNPP_NRT,,,2026,4,25,Spring,0°-30°N
-37.13255,141.6765,341.2,0.52,0.67,2026-04-21,330,N21,VIIRS,n,2.0NRT,298.5,6.27,Day,VIIRS_NOAA21_NRT,,,2026,4,21,Spring,60°S-30°S
45.78915,126.82143,,1.22,1.1,2026-04-21,117,Terra,MODIS,10,6.1NRT,,3.86,Day,MODIS_NRT,301.01,285.31,2026,4,21,Spring,30°N-60°N
19.79086,73.78764,346.16,0.4,0.37,2026-04-23,813,N21,VIIRS,n,2.0NRT,314.42,11.64,Day,VIIRS_NOAA21_NRT,,,2026,4,23,Spring,0°-30°N
22.42356,79.96881,329.97,0.63,0.54,2026-04-22,1951,N,VIIRS,n,2.0NRT,288.46,5.34,Night,VIIRS_SNPP_NRT,,,2026,4,22,Spring,0°-30°N
-21.17266,44.48483,331.26,0.39,0.44,2026-04-21,1021,N21,VIIRS,n,2.0NRT,302.72,2.62,Day,VIIRS_NOAA21_NRT,,,2026,4,21,Spring,30°S-0°
22.39143,79.77013,300.85,0.44,0.38,2026-04-22,2012,N20,VIIRS,n,2.0NRT,285.25,0.64,Night,VIIRS_NOAA20_NRT,,,2026,4,22,Spring,0°-30°N
10.02782,-13.0418,367.0,0.4,0.37,2026-04-25,1418,N21,VIIRS,l,2.0NRT,326.86,60.44,Day,VIIRS_NOAA21_NRT,,,2026,4,25,Spring,0°-30°N
-24.39234,145.40489,308.49,0.47,0.4,2026-04-21,1520,N,VIIRS,n,2.0NRT,285.95,1.07,Night,VIIRS_SNPP_NRT,,,2026,4,21,Spring,30°S-0°
31.02956,29.76209,300.37,0.39,0.36,2026-04-21,2352,N20,VIIRS,n,2.0NRT,286.53,0.35,Night,VIIRS_NOAA20_NRT,,,2026,4,21,Spring,30°N-60°N
17.97483,80.15493,338.33,0.46,0.39,2026-04-22,741,N20,VIIRS,l,2.0NRT,305.77,3.77,Day,VIIRS_NOAA20_NRT,,,2026,4,22,Spring,0°-30°N
30.6023,103.70858,338.24,0.46,0.39,2026-04-25,555,N21,VIIRS,n,2.0NRT,306.31,4.55,Day,VIIRS_NOAA21_NRT,,,2026,4,25,Spring,30°N-60°N
-35.87283,146.13487,349.33,0.53,0.67,2026-04-24,506,N20,VIIRS,n,2.0NRT,299.24,5.67,Day,VIIRS_NOAA20_NRT,,,2026,4,24,Spring,60°S-30°S
27.226,83.10639,367.0,0.42,0.45,2026-04-21,712,N21,VIIRS,h,2.0NRT,320.37,15.34,Day,VIIRS_NOAA21_NRT,,,2026,4,21,Spring,0°-30°N
20.88561,79.08088,348.63,0.39,0.36,2026-04-21,803,N20,VIIRS,l,2.0NRT,319.98,17.68,Day,VIIRS_NOAA20_NRT,,,2026,4,21,Spring,0°-30°N
14.6408,105.32206,340.53,0.48,0.4,2026-04-23,629,N21,VIIRS,n,2.0NRT,305.14,10.84,Day,VIIRS_NOAA21_NRT,,,2026,4,23,Spring,0°-30°N
33.86402,-101.83929,301.17,0.43,0.46,2026-04-25,809,N21,VIIRS,n,2.0NRT,284.87,1.18,Night,VIIRS_NOAA21_NRT,,,2026,4,25,Spring,30°N-60°N
8.01597,-10.97334,335.27,0.4,0.6,2026-04-25,1450,N,VIIRS,n,2.0NRT,290.68,3.26,Day,VIIRS_SNPP_NRT,,,2026,4,25,Spring,0°-30°N
23.42259,83.37621,335.31,0.43,0.62,2026-04-24,828,N,VIIRS,l,2.0NRT,310.18,5.23,Day,VIIRS_SNPP_NRT,,,2026,4,24,Spring,0°-30°N
41.64037,-87.14082,330.54,0.58,0.7,2026-04-24,858,N,VIIRS,n,2.0NRT,280.13,3.77,Night,VIIRS_SNPP_NRT,,,2026,4,24,Spring,30°N-60°N
10.45399,-11.75565,344.68,0.61,0.71,2026-04-23,1457,N21,VIIRS,n,2.0NRT,299.77,8.2,Day,VIIRS_NOAA21_NRT,,,2026,4,23,Spring,0°-30°N
8.94147,-7.49237,335.29,0.49,0.4,2026-04-23,1405,N20,VIIRS,n,2.0NRT,298.15,6.05,Day,VIIRS_NOAA20_NRT,,,2026,4,23,Spring,0°-30°N
24.94221,73.328,341.93,0.41,0.61,2026-04-22,907,N,VIIRS,l,2.0NRT,313.53,4.05,Day,VIIRS_SNPP_NRT,,,2026,4,22,Spring,0°-30°N
29.00182,78.13717,335.47,0.47,0.48,2026-04-24,828,N,VIIRS,l,2.0NRT,307.54,2.78,Day,VIIRS_SNPP_NRT,,,2026,4,24,Spring,0°-30°N
10.4944,36.99582,336.56,0.39,0.36,2026-04-25,1056,N21,VIIRS,l,2.0NRT,308.78,5.02,Day,VIIRS_NOAA21_NRT,,,2026,4,25,Spring,0°-30°N
29.77015,76.51431,344.16,0.47,0.48,2026-04-25,830,N20,VIIRS,n,2.0NRT,308.38,4.45,Day,VIIRS_NOAA20_NRT,,,2026,4,25,Spring,0°-30°N
27.7749,82.91131,345.55,0.5,0.41,2026-04-22,726,N,VIIRS,n,2.0NRT,306.61,8.24,Day,VIIRS_SNPP_NRT,,,2026,4,22,Spring,0°-30°N
28.7136,21.45,317.98,0.55,0.68,2026-04-23,113,N20,VIIRS,n,2.0NRT,286.68,2.49,Night,VIIRS_NOAA20_NRT,,,2026,4,23,Spring,0°-30°N
16.7967,75.74767,341.08,0.46,0.47,2026-04-23,843,N,VIIRS,n,2.0NRT,307.71,8.01,Day,VIIRS_SNPP_NRT,,,2026,4,23,Spring,0°-30°N
-29.76494,116.17972,347.83,0.64,0.72,2026-04-22,707,N,VIIRS,n,2.0NRT,300.61,11.27,Day,VIIRS_SNPP_NRT,,,2026,4,22,Spring,30°S-0°
-31.97779,117.36469,310.49,0.48,0.48,2026-04-23,1645,N20,VIIRS,n,2.0NRT,279.59,1.28,Night,VIIRS_NOAA20_NRT,,,2026,4,23,Spring,60°S-30°S
13.60734,37.47463,343.41,0.33,0.55,2026-04-21,1121,N20,VIIRS,n,2.0NRT,306.01,2.94,Day,VIIRS_NOAA20_NRT,,,2026,4,21,Spring,0°-30°N
14.58355,79.22539,309.74,0.4,0.37,2026-04-22,2014,N20,VIIRS,n,2.0NRT,296.18,1.84,Night,VIIRS_NOAA20_NRT,,,2026,4,22,Spring,0°-30°N
12.16786,36.68032,333.15,0.55,0.51,2026-04-21,1121,N20,VIIRS,n,2.0NRT,302.36,4.79,Day,VIIRS_NOAA20_NRT,,,2026,4,21,Spring,0°-30°N
50.01991,82.66836,328.07,0.45,0.39,2026-04-23,731,N20,VIIRS,n,2.0NRT,296.7,1.93,Day,VIIRS_NOAA20_NRT,,,2026,4,23,Spring,30°N-60°N
15.7024,-91.02663,333.52,0.42,0.45,2026-04-24,1945,N21,VIIRS,n,2.0NRT,300.54,2.96,Day,VIIRS_NOAA21_NRT,,,2026,4,24,Spring,0°-30°N
28.20392,81.83278,309.63,0.43,0.38,2026-04-21,2029,N20,VIIRS,n,2.0NRT,294.99,1.24,Night,VIIRS_NOAA20_NRT,,,2026,4,21,Spring,0°-30°N
25.07137,76.35834,367.0,0.32,0.55,2026-04-23,845,N,VIIRS,h,2.0NRT,317.68,8.21,Day,VIIRS_SNPP_NRT,,,2026,4,23,Spring,0°-30°N
-21.26372,55.73202,306.67,0.39,0.36,2026-04-21,2131,N21,VIIRS,n,2.0NRT,287.23,1.23,Night,VIIRS_NOAA21_NRT,,,2026,4,21,Spring,30°S-0°
12.60802,-7.99359,312.57,0.35,0.57,2026-04-25,130,N21,VIIRS,n,2.0NRT,295.75,1.16,Night,VIIRS_NOAA21_NRT,,,2026,4,25,Spring,0°-30°N
31.23592,47.96492,339.58,0.43,0.38,2026-04-23,2254,N,VIIRS,n,2.0NRT,291.29,2.6,Night,VIIRS_SNPP_NRT,,,2026,4,23,Spring,30°N-60°N
12.21132,75.30672,350.79,0.38,0.36,2026-04-24,824,N,VIIRS,n,2.0NRT,304.37,15.58,Day,VIIRS_SNPP_NRT,,,2026,4,24,Spring,0°-30°N
24.25723,82.1796,344.86,0.38,0.36,2026-04-22,744,N20,VIIRS,l,2.0NRT,319.73,6.62,Day,VIIRS_NOAA20_NRT,,,2026,4,22,Spring,0°-30°N
43.75136,127.59229,328.2,0.56,0.69,2026-04-23,315,N21,VIIRS,n,2.0NRT,289.22,3.34,Day,VIIRS_NOAA21_NRT,,,2026,4,23,Spring,30°N-60°N
20.38802,101.4754,336.87,0.58,0.7,2026-04-22,542,N,VIIRS,n,2.0NRT,293.72,10.13,Day,VIIRS_SNPP_NRT,,,2026,4,22,Spring,0°-30°N
38.4075,102.05769,307.29,0.51,0.49,2026-04-22,1949,N,VIIRS,n,2.0NRT,278.49,1.69,Night,VIIRS_SNPP_NRT,,,2026,4,22,Spring,30°N-60°N
55.20107,31.3216,325.3,0.56,0.68,2026-04-21,902,N21,VIIRS,n,2.0NRT,284.07,7.96,Day,VIIRS_NOAA21_NRT,,,2026,4,21,Spring,30°N-60°N
45.80355,-66.41933,340.69,0.44,0.38,2026-04-25,1702,N20,VIIRS,n,2.0NRT,278.28,3.33,Day,VIIRS_NOAA20_NRT,,,2026,4,25,Spring,30°N-60°N
17.13229,121.32928,335.66,0.44,0.46,2026-04-22,540,N,VIIRS,n,2.0NRT,296.43,4.1,Day,VIIRS_SNPP_NRT,,,2026,4,22,Spring,0°-30°N
43.97205,-81.28191,326.86,0.6,0.53,2026-04-22,1739,N,VIIRS,n,2.0NRT,293.23,2.65,Day,VIIRS_SNPP_NRT,,,2026,4,22,Spring,30°N-60°N
15.1741,108.26398,334.27,0.54,0.51,2026-04-22,540,N,VIIRS,n,2.0NRT,297.26,3.49,Day,VIIRS_SNPP_NRT,,,2026,4,22,Spring,0°-30°N
22.20809,85.31444,344.81,0.39,0.36,2026-04-25,735,N21,VIIRS,l,2.0NRT,315.05,5.32,Day,VIIRS_NOAA21_NRT,,,2026,4,25,Spring,0°-30°N
30.70443,-83.85622,,1.53,1.22,2026-04-21,1429,Terra,MODIS,89,6.1NRT,,62.06,Day,MODIS_NRT,336.88,301.32,2026,4,21,Spring,30°N-60°N
24.12585,93.80106,333.19,0.6,0.53,2026-04-25,627,N,VIIRS,n,2.0NRT,299.72,3.77,Day,VIIRS_SNPP_NRT,,,2026,4,25,Spring,0°-30°N
22.57138,96.24921,334.37,0.48,0.4,2026-04-23,631,N21,VIIRS,n,2.0NRT,305.42,4.67,Day,VIIRS_NOAA21_NRT,,,2026,4,23,Spring,0°-30°N
-16.17389,124.74733,333.92,0.6,0.71,2026-04-21,610,N20,VIIRS,n,2.0NRT,286.21,16.06,Day,VIIRS_NOAA20_NRT,,,2026,4,21,Spring,30°S-0°
41.39545,-75.73712,299.53,0.43,0.46,2026-04-23,737,N,VIIRS,n,2.0NRT,279.74,0.75,Night,VIIRS_SNPP_NRT,,,2026,4,23,Spring,30°N-60°N
8.4543,124.92567,341.96,0.45,0.39,2026-04-23,521,N,VIIRS,n,2.0NRT,301.13,11.5,Day,VIIRS_SNPP_NRT,,,2026,4,23,Spring,0°-30°N
19.09825,82.90435,339.71,0.57,0.43,2026-04-23,724,N20,VIIRS,n,2.0NRT,307.14,9.04,Day,VIIRS_NOAA20_NRT,,,2026,4,23,Spring,0°-30°N
23.47484,69.40569,345.29,0.45,0.39,2026-04-24,845,N20,VIIRS,l,2.0NRT,318.27,6.99,Day,VIIRS_NOAA20_NRT,,,2026,4,24,Spring,0°-30°N
18.58543,-98.78968,340.87,0.39,0.59,2026-04-23,2036,N,VIIRS,n,2.0NRT,306.8,4.83,Day,VIIRS_SNPP_NRT,,,2026,4,23,Spring,0°-30°N
25.07629,81.92707,347.57,0.55,0.43,2026-04-21,805,N20,VIIRS,l,2.0NRT,318.5,15.23,Day,VIIRS_NOAA20_NRT,,,2026,4,21,Spring,0°-30°N
31.73507,47.43482,332.72,0.35,0.57,2026-04-21,1036,N21,VIIRS,n,2.0NRT,295.73,5.25,Day,VIIRS_NOAA21_NRT,,,2026,4,21,Spring,30°N-60°N
45.58258,128.81898,340.82,0.58,0.7,2026-04-23,529,N,VIIRS,n,2.0NRT,289.19,3.84,Day,VIIRS_SNPP_NRT,,,2026,4,23,Spring,30°N-60°N
43.34516,-89.3038,332.44,0.45,0.39,2026-04-21,1906,N21,VIIRS,n,2.0NRT,302.12,5.66,Day,VIIRS_NOAA21_NRT,,,2026,4,21,Spring,30°N-60°N
42.80703,-80.09957,326.08,0.49,0.48,2026-04-23,756,N20,VIIRS,n,2.0NRT,281.24,2.53,Night,VIIRS_NOAA20_NRT,,,2026,4,23,Spring,30°N-60°N
13.70122,106.20468,313.1,0.45,0.63,2026-04-23,1754,N,VIIRS,n,2.0NRT,290.63,5.68,Night,VIIRS_SNPP_NRT,,,2026,4,23,Spring,0°-30°N
-14.49095,125.14718,341.51,0.5,0.49,2026-04-24,453,N,VIIRS,n,2.0NRT,302.24,9.42,Day,VIIRS_SNPP_NRT,,,2026,4,24,Spring,30°S-0°
41.27623,123.72137,297.58,0.49,0.49,2026-04-21,1824,N,VIIRS,n,2.0NRT,284.16,1.14,Night,VIIRS_SNPP_NRT,,,2026,4,21,Spring,30°N-60°N
44.73489,37.81038,315.12,0.39,0.44,2026-04-22,2309,N,VIIRS,n,2.0NRT,279.75,2.17,Night,VIIRS_SNPP_NRT,,,2026,4,22,Spring,30°N-60°N
20.28175,101.5195,348.42,0.55,0.68,2026-04-22,722,N,VIIRS,n,2.0NRT,293.55,12.26,Day,VIIRS_SNPP_NRT,,,2026,4,22,Spring,0°-30°N
8.60571,-63.03706,297.56,0.58,0.7,2026-04-21,501,N,VIIRS,n,2.0NRT,269.25,0.9,Night,VIIRS_SNPP_NRT,,,2026,4,21,Spring,0°-30°N
55.26562,-7.39862,348.69,0.42,0.61,2026-04-24,137,N21,VIIRS,n,2.0NRT,277.02,5.71,Night,VIIRS_NOAA21_NRT,,,2026,4,24,Spring,30°N-60°N
24.60765,94.28278,341.45,0.54,0.68,2026-04-22,744,N20,VIIRS,n,2.0NRT,305.62,32.59,Day,VIIRS_NOAA20_NRT,,,2026,4,22,Spring,0°-30°N
26.04519,82.61432,306.03,0.42,0.37,2026-04-24,2021,N21,VIIRS,n,2.0NRT,293.84,0.66,Night,VIIRS_NOAA21_NRT,,,2026,4,24,Spring,0°-30°N
25.55042,76.21068,310.46,0.6,0.53,2026-04-21,2010,N,VIIRS,n,2.0NRT,293.44,1.8,Night,VIIRS_SNPP_NRT,,,2026,4,21,Spring,0°-30°N
15.34608,106.6295,335.66,0.52,0.42,2026-04-21,559,N,VIIRS,n,2.0NRT,296.17,3.59,Day,VIIRS_SNPP_NRT,,,2026,4,21,Spring,0°-30°N
8.84533,-66.5355,325.38,0.38,0.59,2026-04-21,523,N20,VIIRS,n,2.0NRT,286.91,2.38,Night,VIIRS_NOAA20_NRT,,,2026,4,21,Spring,0°-30°N
-21.53241,44.03535,343.78,0.42,0.61,2026-04-22,1002,N21,VIIRS,n,2.0NRT,303.51,4.37,Day,VIIRS_NOAA21_NRT,,,2026,4,22,Spring,30°S-0°
25.89681,92.42005,334.05,0.41,0.37,2026-04-22,652,N21,VIIRS,n,2.0NRT,303.77,18.21,Day,VIIRS_NOAA21_NRT,,,2026,4,22,Spring,0°-30°N
-15.3425,127.4565,338.92,0.55,0.43,2026-04-22,531,N,VIIRS,n,2.0NRT,302.15,3.63,Day,VIIRS_SNPP_NRT,,,2026,4,22,Spring,30°S-0°
-15.42637,129.50545,336.8,0.57,0.43,2026-04-21,518,N21,VIIRS,n,2.0NRT,304.15,15.13,Day,VIIRS_NOAA21_NRT,,,2026,4,21,Spring,30°S-0°
9.83975,26.03863,339.99,0.51,0.41,2026-04-22,1151,N21,VIIRS,n,2.0NRT,309.93,5.11,Day,VIIRS_NOAA21_NRT,,,2026,4,22,Spring,0°-30°N
-23.86748,151.28996,313.69,0.4,0.37,2026-04-25,1512,N21,VIIRS,n,2.0NRT,297.03,2.33,Night,VIIRS_NOAA21_NRT,,,2026,4,25,Spring,30°S-0°
-15.51017,126.57212,353.05,0.4,0.44,2026-04-23,531,N20,VIIRS,n,2.0NRT,303.46,7.9,Day,VIIRS_NOAA20_NRT,,,2026,4,23,Spring,30°S-0°
19.25097,-89.77657,332.37,0.45,0.63,2026-04-24,1836,N,VIIRS,n,2.0NRT,301.85,5.13,Day,VIIRS_SNPP_NRT,,,2026,4,24,Spring,0°-30°N
-17.04507,125.41254,354.86,0.52,0.41,2026-04-22,457,N21,VIIRS,n,2.0NRT,313.23,25.83,Day,VIIRS_NOAA21_NRT,,,2026,4,22,Spring,30°S-0°
18.58289,81.07951,308.57,0.39,0.44,2026-04-23,1953,N20,VIIRS,n,2.0NRT,294.2,1.07,Night,VIIRS_NOAA20_NRT,,,2026,4,23,Spring,0°-30°N
24.50227,96.77811,333.68,0.41,0.37,2026-04-22,652,N21,VIIRS,l,2.0NRT,305.53,3.83,Day,VIIRS_NOAA21_NRT,,,2026,4,22,Spring,0°-30°N
19.35082,-89.67694,367.0,0.44,0.62,2026-04-24,1836,N,VIIRS,h,2.0NRT,303.64,17.08,Day,VIIRS_SNPP_NRT,,,2026,4,24,Spring,0°-30°N
25.03185,76.47765,,3.08,1.67,2026-04-21,438,Terra,MODIS,85,6.1NRT,,132.06,Day,MODIS_NRT,339.25,309.86,2026,4,21,Spring,0°-30°N
23.43883,92.26083,339.87,0.39,0.59,2026-04-22,744,N20,VIIRS,n,2.0NRT,291.73,13.38,Day,VIIRS_NOAA20_NRT,,,2026,4,22,Spring,0°-30°N
-21.6878,45.25162,334.27,0.72,0.76,2026-04-23,943,N21,VIIRS,n,2.0NRT,297.9,7.7,Day,VIIRS_NOAA21_NRT,,,2026,4,23,Spring,30°S-0°
12.15548,-12.99205,346.56,0.33,0.55,2026-04-25,1452,N,VIIRS,n,2.0NRT,305.65,6.01,Day,VIIRS_SNPP_NRT,,,2026,4,25,Spring,0°-30°N
24.46352,80.66197,345.08,0.39,0.36,2026-04-22,744,N20,VIIRS,l,2.0NRT,318.35,3.51,Day,VIIRS_NOAA20_NRT,,,2026,4,22,Spring,0°-30°N
10.85581,-8.51403,345.36,0.46,0.39,2026-04-23,1348,N,VIIRS,l,2.0NRT,315.15,20.88,Day,VIIRS_SNPP_NRT,,,2026,4,23,Spring,0°-30°N
26.35907,81.53924,343.2,0.55,0.51,2026-04-23,813,N21,VIIRS,n,2.0NRT,312.9,8.31,Day,VIIRS_NOAA21_NRT,,,2026,4,23,Spring,0°-30°N
42.40862,125.62946,,1.25,1.11,2026-04-21,117,Terra,MODIS,65,6.1NRT,,15.4,Day,MODIS_NRT,314.38,289.53,2026,4,21,Spring,30°N-60°N
11.88667,106.51025,331.87,0.41,0.45,2026-04-25,553,N21,VIIRS,n,2.0NRT,291.48,3.72,Day,VIIRS_NOAA21_NRT,,,2026,4,25,Spring,0°-30°N
15.73442,-91.08275,338.15,0.64,0.72,2026-04-24,1834,N,VIIRS,n,2.0NRT,295.22,5.72,Day,VIIRS_SNPP_NRT,,,2026,4,24,Spring,0°-30°N
-16.01296,125.11644,340.57,0.43,0.46,2026-04-25,453,N20,VIIRS,n,2.0NRT,305.5,4.65,Day,VIIRS_NOAA20_NRT,,,2026,4,25,Spring,30°S-0°
42.68712,-111.58801,337.62,0.55,0.42,2026-04-21,956,N,VIIRS,n,2.0NRT,276.91,7.43,Night,VIIRS_SNPP_NRT,,,2026,4,21,Spring,30°N-60°N
13.91495,-86.76849,333.64,0.59,0.53,2026-04-25,1834,N20,VIIRS,n,2.0NRT,292.32,3.89,Day,VIIRS_NOAA20_NRT,,,2026,4,25,Spring,0°-30°N
-18.2901,124.71468,367.0,0.39,0.44,2026-04-22,457,N21,VIIRS,h,2.0NRT,314.66,10.3,Day,VIIRS_NOAA21_NRT,,,2026,4,22,Spring,30°S-0°
48.2774,14.33214,321.75,0.57,0.52,2026-04-24,30,N,VIIRS,n,2.0NRT,281.15,4.63,Night,VIIRS_SNPP_NRT,,,2026,4,24,Spring,30°N-60°N
-15.48196,129.91737,367.0,0.52,0.67,2026-04-25,542,N21,VIIRS,h,2.0NRT,298.05,11.03,Day,VIIRS_NOAA21_NRT,,,2026,4,25,Spring,30°S-0°
20.45525,99.47258,352.71,0.32,0.55,2026-04-22,601,N20,VIIRS,n,2.0NRT,301.08,8.91,Day,VIIRS_NOAA20_NRT,,,2026,4,22,Spring,0°-30°N
30.79881,-82.80867,343.86,0.39,0.44,2026-04-21,657,N20,VIIRS,n,2.0NRT,286.29,7.22,Night,VIIRS_NOAA20_NRT,,,2026,4,21,Spring,30°N-60°N
28.70556,81.19698,309.99,0.51,0.5,2026-04-23,1951,N20,VIIRS,n,2.0NRT,294.04,1.8,Night,VIIRS_NOAA20_NRT,,,2026,4,23,Spring,0°-30°N
13.00919,120.8579,335.48,0.47,0.4,2026-04-25,501,N20,VIIRS,l,2.0NRT,305.01,5.11,Day,VIIRS_NOAA20_NRT,,,2026,4,25,Spring,0°-30°N
-8.12557,24.1117,352.45,0.38,0.36,2026-04-23,1200,N,VIIRS,n,2.0NRT,294.04,8.95,Day,VIIRS_SNPP_NRT,,,2026,4,23,Spring,30°S-0°
15.96404,-92.56077,303.99,0.39,0.36,2026-04-21,750,N21,VIIRS,n,2.0NRT,290.18,2.09,Night,VIIRS_NOAA21_NRT,,,2026,4,21,Spring,0°-30°N
44.64753,128.18062,343.81,0.65,0.73,2026-04-24,529,N20,VIIRS,n,2.0NRT,296.53,6.82,Day,VIIRS_NOAA20_NRT,,,2026,4,24,Spring,30°N-60°N
13.71904,106.2096,318.53,0.36,0.57,2026-04-24,1756,N20,VIIRS,n,2.0NRT,287.77,1.98,Night,VIIRS_NOAA20_NRT,,,2026,4,24,Spring,0°-30°N
26.99016,84.17141,333.64,0.39,0.36,2026-04-25,737,N21,VIIRS,l,2.0NRT,305.76,2.42,Day,VIIRS_NOAA21_NRT,,,2026,4,25,Spring,0°-30°N
59.14669,37.86729,316.03,0.39,0.36,2026-04-25,7,N,VIIRS,n,2.0NRT,271.84,2.47,Night,VIIRS_SNPP_NRT,,,2026,4,25,Spring,30°N-60°N
28.73589,9.78781,328.78,0.77,0.77,2026-04-24,215,N,VIIRS,n,2.0NRT,286.05,4.44,Night,VIIRS_SNPP_NRT,,,2026,4,24,Spring,0°-30°N
25.73685,83.10954,340.18,0.43,0.62,2026-04-22,652,N21,VIIRS,l,2.0NRT,310.19,4.13,Day,VIIRS_NOAA21_NRT,,,2026,4,22,Spring,0°-30°N
20.85284,70.56817,334.75,0.5,0.66,2026-04-21,924,N,VIIRS,n,2.0NRT,302.29,2.76,Day,VIIRS_SNPP_NRT,,,2026,4,21,Spring,0°-30°N
12.74723,-14.09211,354.56,0.39,0.36,2026-04-25,1420,N21,VIIRS,n,2.0NRT,316.37,9.98,Day,VIIRS_NOAA21_NRT,,,2026,4,25,Spring,0°-30°N
15.22546,1.84515,305.26,0.39,0.36,2026-04-21,137,N,VIIRS,n,2.0NRT,286.28,0.84,Night,VIIRS_SNPP_NRT,,,2026,4,21,Spring,0°-30°N
22.63421,76.60796,367.0,0.49,0.65,2026-04-21,852,N21,VIIRS,h,2.0NRT,316.02,17.94,Day,VIIRS_NOAA21_NRT,,,2026,4,21,Spring,0°-30°N
44.03943,126.86384,341.28,0.44,0.46,2026-04-23,455,N21,VIIRS,n,2.0NRT,296.7,7.6,Day,VIIRS_NOAA21_NRT,,,2026,4,23,Spring,30°N-60°N
22.5444,53.91486,314.88,0.54,0.42,2026-04-21,2153,N,VIIRS,n,2.0NRT,297.2,9.68,Night,VIIRS_SNPP_NRT,,,2026,4,21,Spring,0°-30°N
44.28805,127.3435,340.98,0.46,0.47,2026-04-23,455,N21,VIIRS,n,2.0NRT,296.52,7.11,Day,VIIRS_NOAA21_NRT,,,2026,4,23,Spring,30°N-60°N
10.8536,-11.81664,307.73,0.4,0.44,2026-04-24,241,N20,VIIRS,n,2.0NRT,254.23,0.31,Night,VIIRS_NOAA20_NRT,,,2026,4,24,Spring,0°-30°N
10.51689,24.71193,340.28,0.5,0.49,2026-04-24,1113,N21,VIIRS,n,2.0NRT,309.5,4.03,Day,VIIRS_NOAA21_NRT,,,2026,4,24,Spring,0°-30°N
-8.4653,27.06668,331.43,0.39,0.36,2026-04-25,1142,N20,VIIRS,n,2.0NRT,297.69,2.78,Day,VIIRS_NOAA20_NRT,,,2026,4,25,Spring,30°S-0°
25.90857,51.5527,347.75,0.7,0.75,2026-04-22,1047,N,VIIRS,n,2.0NRT,292.01,22.98,Day,VIIRS_SNPP_NRT,,,2026,4,22,Spring,0°-30°N
-15.51968,46.62087,342.49,0.41,0.37,2026-04-21,1021,N21,VIIRS,n,2.0NRT,306.18,4.75,Day,VIIRS_NOAA21_NRT,,,2026,4,21,Spring,30°S-0°
23.52718,80.09803,351.55,0.53,0.5,2026-04-24,828,N,VIIRS,n,2.0NRT,318.84,31.7,Day,VIIRS_SNPP_NRT,,,2026,4,24,Spring,0°-30°N
-17.63461,46.57661,335.93,0.39,0.36,2026-04-23,1036,N20,VIIRS,n,2.0NRT,306.59,2.63,Day,VIIRS_NOAA20_NRT,,,2026,4,23,Spring,30°S-0°
37.70375,121.08219,367.0,0.37,0.58,2026-04-22,546,N,VIIRS,h,2.0NRT,299.38,11.08,Day,VIIRS_SNPP_NRT,,,2026,4,22,Spring,30°N-60°N
32.3409,43.32888,299.66,0.53,0.67,2026-04-21,2350,N20,VIIRS,n,2.0NRT,285.81,0.98,Night,VIIRS_NOAA20_NRT,,,2026,4,21,Spring,30°N-60°N
25.35116,83.47644,345.33,0.43,0.46,2026-04-21,712,N21,VIIRS,l,2.0NRT,319.02,10.33,Day,VIIRS_NOAA21_NRT,,,2026,4,21,Spring,0°-30°N
44.73964,127.98802,332.71,0.47,0.4,2026-04-24,438,N21,VIIRS,l,2.0NRT,303.09,5.7,Day,VIIRS_NOAA21_NRT,,,2026,4,24,Spring,30°N-60°N
25.19851,97.34702,331.65,0.43,0.46,2026-04-24,705,N20,VIIRS,n,2.0NRT,298.3,2.87,Day,VIIRS_NOAA20_NRT,,,2026,4,24,Spring,0°-30°N
25.29256,83.60511,342.43,0.36,0.57,2026-04-23,813,N21,VIIRS,n,2.0NRT,315.19,6.3,Day,VIIRS_NOAA21_NRT,,,2026,4,23,Spring,0°-30°N
25.46391,76.42059,301.1,0.57,0.69,2026-04-22,1951,N,VIIRS,n,2.0NRT,290.47,0.57,Night,VIIRS_SNPP_NRT,,,2026,4,22,Spring,0°-30°N
11.63146,36.14248,343.62,0.38,0.36,2026-04-25,1056,N21,VIIRS,l,2.0NRT,314.39,9.29,Day,VIIRS_NOAA21_NRT,,,2026,4,25,Spring,0°-30°N
24.65782,76.93594,302.12,0.4,0.37,2026-04-23,2042,N21,VIIRS,n,2.0NRT,290.5,0.4,Night,VIIRS_NOAA21_NRT,,,2026,4,23,Spring,0°-30°N
20.1947,78.01834,346.55,0.45,0.63,2026-04-22,724,N,VIIRS,n,2.0NRT,310.01,2.47,Day,VIIRS_SNPP_NRT,,,2026,4,22,Spring,0°-30°N
43.29129,126.67509,339.94,0.42,0.45,2026-04-23,455,N21,VIIRS,n,2.0NRT,298.31,3.8,Day,VIIRS_NOAA21_NRT,,,2026,4,23,Spring,30°N-60°N
30.80048,-82.80147,316.78,0.45,0.63,2026-04-21,637,N,VIIRS,n,2.0NRT,287.79,4.5,Night,VIIRS_SNPP_NRT,,,2026,4,21,Spring,30°N-60°N
19.79612,96.62792,312.83,0.48,0.48,2026-04-21,1940,N21,VIIRS,n,2.0NRT,294.29,2.23,Night,VIIRS_NOAA21_NRT,,,2026,4,21,Spring,0°-30°N
25.17297,76.30544,304.2,0.43,0.38,2026-04-24,2053,N,VIIRS,n,2.0NRT,293.95,0.81,Night,VIIRS_SNPP_NRT,,,2026,4,24,Spring,0°-30°N
24.8326,83.41058,347.9,0.53,0.67,2026-04-25,648,N20,VIIRS,n,2.0NRT,311.15,10.74,Day,VIIRS_NOAA20_NRT,,,2026,4,25,Spring,0°-30°N
19.43541,-92.03555,341.09,0.5,0.66,2026-04-24,833,N21,VIIRS,n,2.0NRT,293.89,6.5,Night,VIIRS_NOAA21_NRT,,,2026,4,24,Spring,0°-30°N
52.96223,58.85069,,1.64,1.26,2026-04-22,512,Terra,MODIS,74,6.1NRT,,25.67,Day,MODIS_NRT,313.94,285.46,2026,4,22,Spring,30°N-60°N
23.79733,86.35543,317.74,0.42,0.45,2026-04-24,1934,N20,VIIRS,n,2.0NRT,295.62,3.46,Night,VIIRS_NOAA20_NRT,,,2026,4,24,Spring,0°-30°N
12.25574,79.81165,335.75,0.38,0.36,2026-04-25,807,N,VIIRS,l,2.0NRT,306.44,2.28,Day,VIIRS_SNPP_NRT,,,2026,4,25,Spring,0°-30°N
36.6983,114.08611,305.3,0.42,0.37,2026-04-23,1809,N20,VIIRS,n,2.0NRT,284.88,0.73,Night,VIIRS_NOAA20_NRT,,,2026,4,23,Spring,30°N-60°N
-14.76612,126.51233,367.0,0.41,0.45,2026-04-24,453,N,VIIRS,h,2.0NRT,309.56,23.26,Day,VIIRS_SNPP_NRT,,,2026,4,24,Spring,30°S-0°
9.9542,-12.36098,337.31,0.53,0.5,2026-04-23,1348,N,VIIRS,n,2.0NRT,299.73,3.07,Day,VIIRS_SNPP_NRT,,,2026,4,23,Spring,0°-30°N
19.53515,102.5024,335.35,0.71,0.75,2026-04-21,527,N21,VIIRS,n,2.0NRT,293.57,13.38,Day,VIIRS_NOAA21_NRT,,,2026,4,21,Spring,0°-30°N
22.92463,70.10593,312.8,0.49,0.48,2026-04-22,905,N,VIIRS,l,2.0NRT,316.47,45.53,Day,VIIRS_SNPP_NRT,,,2026,4,22,Spring,0°-30°N
17.20606,98.50813,336.75,0.39,0.36,2026-04-24,644,N,VIIRS,l,2.0NRT,300.83,4.52,Day,VIIRS_SNPP_NRT,,,2026,4,24,Spring,0°-30°N
22.42284,80.13452,349.24,0.52,0.67,2026-04-23,845,N,VIIRS,n,2.0NRT,311.66,6.19,Day,VIIRS_SNPP_NRT,,,2026,4,23,Spring,0°-30°N
-32.1083,146.15218,346.14,0.51,0.41,2026-04-25,429,N,VIIRS,n,2.0NRT,306.82,6.44,Day,VIIRS_SNPP_NRT,,,2026,4,25,Spring,60°S-30°S
32.72057,47.97684,304.98,0.46,0.47,2026-04-21,2210,N20,VIIRS,n,2.0NRT,284.31,0.65,Night,VIIRS_NOAA20_NRT,,,2026,4,21,Spring,30°N-60°N
22.34765,79.22483,342.12,0.35,0.57,2026-04-22,833,N21,VIIRS,n,2.0NRT,316.72,5.48,Day,VIIRS_NOAA21_NRT,,,2026,4,22,Spring,0°-30°N
27.03515,82.93208,319.57,0.49,0.4,2026-04-21,2029,N20,VIIRS,n,2.0NRT,294.42,2.21,Night,VIIRS_NOAA20_NRT,,,2026,4,21,Spring,0°-30°N
42.80565,-80.09386,324.64,0.49,0.48,2026-04-23,756,N20,VIIRS,n,2.0NRT,282.82,2.53,Night,VIIRS_NOAA20_NRT,,,2026,4,23,Spring,30°N-60°N
12.573,104.74343,,1.05,1.03,2026-04-22,809,Aqua,MODIS,66,6.1NRT,,17.19,Day,MODIS_NRT,324.31,300.0,2026,4,22,Spring,0°-30°N
41.19283,-90.99218,328.84,0.54,0.42,2026-04-24,1841,N,VIIRS,n,2.0NRT,298.69,3.53,Day,VIIRS_SNPP_NRT,,,2026,4,24,Spring,30°N-60°N
-17.31102,125.26826,335.75,0.43,0.38,2026-04-23,512,N,VIIRS,n,2.0NRT,302.7,8.05,Day,VIIRS_SNPP_NRT,,,2026,4,23,Spring,30°S-0°
30.38947,74.16914,,1.0,1.0,2026-04-23,417,Terra,MODIS,65,6.1NRT,,8.23,Day,MODIS_NRT,323.61,309.0,2026,4,23,Spring,30°N-60°N
16.89368,-90.87242,315.54,0.41,0.61,2026-04-25,705,N,VIIRS,n,2.0NRT,292.3,1.9,Night,VIIRS_SNPP_NRT,,,2026,4,25,Spring,0°-30°N
-2.75207,121.96998,335.78,0.44,0.38,2026-04-23,516,N,VIIRS,n,2.0NRT,298.86,8.87,Day,VIIRS_SNPP_NRT,,,2026,4,23,Spring,30°S-0°
9.83993,-8.23283,334.54,0.41,0.37,2026-04-22,1405,N,VIIRS,n,2.0NRT,296.89,2.31,Day,VIIRS_SNPP_NRT,,,2026,4,22,Spring,0°-30°N
19.04805,79.72036,345.77,0.52,0.42,2026-04-23,811,N21,VIIRS,n,2.0NRT,309.43,7.64,Day,VIIRS_NOAA21_NRT,,,2026,4,23,Spring,0°-30°N
22.30049,76.43513,338.89,0.68,0.74,2026-04-21,709,N21,VIIRS,n,2.0NRT,306.12,13.38,Day,VIIRS_NOAA21_NRT,,,2026,4,21,Spring,0°-30°N
10.27977,28.95902,342.65,0.42,0.38,2026-04-23,1134,N21,VIIRS,l,2.0NRT,314.49,6.26,Day,VIIRS_NOAA21_NRT,,,2026,4,23,Spring,0°-30°N
22.33941,69.85428,312.94,0.38,0.36,2026-04-22,2101,N21,VIIRS,n,2.0NRT,301.93,3.21,Night,VIIRS_NOAA21_NRT,,,2026,4,22,Spring,0°-30°N
23.87505,78.89909,308.53,0.49,0.4,2026-04-22,2012,N20,VIIRS,n,2.0NRT,290.48,1.11,Night,VIIRS_NOAA20_NRT,,,2026,4,22,Spring,0°-30°N
18.38498,80.18532,339.04,0.38,0.36,2026-04-24,754,N21,VIIRS,l,2.0NRT,313.84,5.17,Day,VIIRS_NOAA21_NRT,,,2026,4,24,Spring,0°-30°N
21.17195,92.81495,334.75,0.49,0.4,2026-04-22,724,N,VIIRS,n,2.0NRT,301.55,6.13,Day,VIIRS_SNPP_NRT,,,2026,4,22,Spring,0°-30°N
27.41782,84.70436,331.29,0.47,0.4,2026-04-22,744,N20,VIIRS,l,2.0NRT,304.86,4.21,Day,VIIRS_NOAA20_NRT,,,2026,4,22,Spring,0°-30°N
32.59782,47.53722,297.08,0.46,0.64,2026-04-22,2150,N20,VIIRS,n,2.0NRT,285.99,2.69,Night,VIIRS_NOAA20_NRT,,,2026,4,22,Spring,30°N-60°N
-17.10699,124.44419,355.08,0.44,0.38,2026-04-23,531,N20,VIIRS,n,2.0NRT,303.27,26.59,Day,VIIRS_NOAA20_NRT,,,2026,4,23,Spring,30°S-0°
20.51999,100.02428,335.78,0.4,0.37,2026-04-24,646,N,VIIRS,n,2.0NRT,304.67,3.42,Day,VIIRS_SNPP_NRT,,,2026,4,24,Spring,0°-30°N
17.08968,-91.03275,295.36,0.63,0.54,2026-04-25,813,N21,VIIRS,n,2.0NRT,269.75,0.6,Night,VIIRS_NOAA21_NRT,,,2026,4,25,Spring,0°-30°N
-6.83202,23.3099,343.45,0.41,0.45,2026-04-24,1142,N,VIIRS,n,2.0NRT,270.15,5.99,Day,VIIRS_SNPP_NRT,,,2026,4,24,Spring,30°S-0°
-30.40541,150.24788,337.99,0.61,0.53,2026-04-21,423,N20,VIIRS,n,2.0NRT,296.11,6.75,Day,VIIRS_NOAA20_NRT,,,2026,4,21,Spring,60°S-30°S
21.24985,-104.93475,343.96,0.52,0.42,2026-04-23,2036,N,VIIRS,n,2.0NRT,313.56,8.01,Day,VIIRS_SNPP_NRT,,,2026,4,23,Spring,0°-30°N
51.48973,6.73619,325.95,0.42,0.38,2026-04-23,158,N21,VIIRS,n,2.0NRT,282.48,8.17,Night,VIIRS_NOAA21_NRT,,,2026,4,23,Spring,30°N-60°N
42.22232,123.2824,340.66,0.44,0.39,2026-04-23,455,N21,VIIRS,l,2.0NRT,311.78,6.81,Day,VIIRS_NOAA21_NRT,,,2026,4,23,Spring,30°N-60°N
26.10161,81.974,342.84,0.39,0.36,2026-04-22,744,N20,VIIRS,n,2.0NRT,315.17,5.77,Day,VIIRS_NOAA20_NRT,,,2026,4,22,Spring,0°-30°N
22.33176,72.34041,367.0,0.67,0.73,2026-04-21,924,N,VIIRS,h,2.0NRT,306.79,15.55,Day,VIIRS_SNPP_NRT,,,2026,4,21,Spring,0°-30°N
41.26899,126.99058,332.57,0.41,0.45,2026-04-23,455,N21,VIIRS,n,2.0NRT,295.05,3.96,Day,VIIRS_NOAA21_NRT,,,2026,4,23,Spring,30°N-60°N
13.4601,-14.79767,344.65,0.51,0.5,2026-04-21,1446,N20,VIIRS,n,2.0NRT,313.67,6.37,Day,VIIRS_NOAA20_NRT,,,2026,4,21,Spring,0°-30°N
-5.16488,28.12802,340.8,0.39,0.44,2026-04-25,1123,N,VIIRS,n,2.0NRT,290.46,12.11,Day,VIIRS_SNPP_NRT,,,2026,4,25,Spring,30°S-0°
13.75626,79.52749,306.62,0.55,0.68,2026-04-23,1936,N,VIIRS,n,2.0NRT,290.95,1.18,Night,VIIRS_SNPP_NRT,,,2026,4,23,Spring,0°-30°N
8.7899,-12.97583,350.21,0.4,0.37,2026-04-25,1418,N21,VIIRS,n,2.0NRT,310.62,6.35,Day,VIIRS_NOAA21_NRT,,,2026,4,25,Spring,0°-30°N
-34.1993,21.55328,,4.34,1.92,2026-04-23,1329,Aqua,MODIS,59,6.1NRT,,43.75,Day,MODIS_NRT,304.43,292.31,2026,4,23,Spring,60°S-30°S
10.25006,-13.84285,352.88,0.54,0.51,2026-04-21,1444,N20,VIIRS,n,2.0NRT,303.0,10.98,Day,VIIRS_NOAA20_NRT,,,2026,4,21,Spring,0°-30°N
-16.5158,126.7962,320.09,0.48,0.4,2026-04-22,1639,N,VIIRS,n,2.0NRT,289.71,2.08,Night,VIIRS_SNPP_NRT,,,2026,4,22,Spring,30°S-0°
5.48825,115.61063,333.22,0.43,0.46,2026-04-24,521,N20,VIIRS,n,2.0NRT,302.74,4.34,Day,VIIRS_NOAA20_NRT,,,2026,4,24,Spring,0°-30°N
-7.41096,21.9566,348.11,0.42,0.38,2026-04-23,1202,N,VIIRS,n,2.0NRT,288.71,8.94,Day,VIIRS_SNPP_NRT,,,2026,4,23,Spring,30°S-0°
42.2848,-83.11126,302.9,0.48,0.4,2026-04-22,756,N,VIIRS,n,2.0NRT,278.85,0.35,Night,VIIRS_SNPP_NRT,,,2026,4,22,Spring,30°N-60°N
-17.29488,45.8356,341.12,0.38,0.36,2026-04-23,1036,N20,VIIRS,n,2.0NRT,307.68,3.98,Day,VIIRS_NOAA20_NRT,,,2026,4,23,Spring,30°S-0°
-18.42075,-54.54359,,1.65,1.26,2026-04-22,1930,Aqua,MODIS,75,6.1NRT,,29.88,Day,MODIS_NRT,320.94,293.29,2026,4,22,Spring,30°S-0°
20.50844,82.64184,351.08,0.38,0.36,2026-04-22,744,N20,VIIRS,n,2.0NRT,314.15,19.13,Day,VIIRS_NOAA20_NRT,,,2026,4,22,Spring,0°-30°N
11.99535,-12.61606,353.48,0.34,0.56,2026-04-21,1446,N20,VIIRS,n,2.0NRT,304.25,17.33,Day,VIIRS_NOAA20_NRT,,,2026,4,21,Spring,0°-30°N
8.22365,-12.38095,339.38,0.63,0.54,2026-04-21,1444,N20,VIIRS,n,2.0NRT,278.46,4.49,Day,VIIRS_NOAA20_NRT,,,2026,4,21,Spring,0°-30°N
35.48509,44.1564,342.0,0.4,0.37,2026-04-25,1013,N20,VIIRS,n,2.0NRT,291.16,6.12,Day,VIIRS_NOAA20_NRT,,,2026,4,25,Spring,30°N-60°N
25.67163,76.45399,346.06,0.33,0.55,2026-04-23,845,N,VIIRS,l,2.0NRT,317.39,5.71,Day,VIIRS_SNPP_NRT,,,2026,4,23,Spring,0°-30°N
26.30913,96.06738,336.21,0.41,0.37,2026-04-22,652,N21,VIIRS,n,2.0NRT,299.62,5.95,Day,VIIRS_NOAA21_NRT,,,2026,4,22,Spring,0°-30°N
12.23593,105.57922,349.04,0.61,0.53,2026-04-22,648,N21,VIIRS,n,2.0NRT,300.73,7.98,Day,VIIRS_NOAA21_NRT,,,2026,4,22,Spring,0°-30°N
-16.04666,126.07104,305.25,0.47,0.64,2026-04-22,1607,N21,VIIRS,n,2.0NRT,290.92,1.51,Night,VIIRS_NOAA21_NRT,,,2026,4,22,Spring,30°S-0°
-13.0752,-48.31929,331.97,0.52,0.41,2026-04-23,1633,N21,VIIRS,n,2.0NRT,304.44,5.4,Day,VIIRS_NOAA21_NRT,,,2026,4,23,Spring,30°S-0°
24.9126,94.84429,297.95,0.39,0.36,2026-04-22,1919,N21,VIIRS,n,2.0NRT,273.06,1.01,Night,VIIRS_NOAA21_NRT,,,2026,4,22,Spring,0°-30°N
29.19165,76.65611,339.61,0.39,0.36,2026-04-25,809,N,VIIRS,l,2.0NRT,312.47,5.77,Day,VIIRS_SNPP_NRT,,,2026,4,25,Spring,0°-30°N
24.03633,97.18034,336.91,0.42,0.38,2026-04-22,652,N21,VIIRS,n,2.0NRT,303.95,2.05,Day,VIIRS_NOAA21_NRT,,,2026,4,22,Spring,0°-30°N
40.36284,-80.3432,334.24,0.58,0.52,2026-04-23,1741,N20,VIIRS,n,2.0NRT,289.36,3.38,Day,VIIRS_NOAA20_NRT,,,2026,4,23,Spring,30°N-60°N
-15.36419,126.6545,348.23,0.32,0.55,2026-04-21,550,N,VIIRS,n,2.0NRT,299.86,4.84,Day,VIIRS_SNPP_NRT,,,2026,4,21,Spring,30°S-0°
16.70991,79.94023,338.97,0.41,0.45,2026-04-25,733,N21,VIIRS,l,2.0NRT,309.01,7.1,Day,VIIRS_NOAA21_NRT,,,2026,4,25,Spring,0°-30°N
-12.09285,-51.22465,308.28,0.39,0.36,2026-04-23,451,N20,VIIRS,n,2.0NRT,293.42,1.1,Night,VIIRS_NOAA20_NRT,,,2026,4,23,Spring,30°S-0°
26.57018,93.51846,331.19,0.57,0.43,2026-04-23,633,N21,VIIRS,n,2.0NRT,296.01,3.56,Day,VIIRS_NOAA21_NRT,,,2026,4,23,Spring,0°-30°N
18.22824,-89.3387,347.04,0.77,0.78,2026-04-24,2017,N,VIIRS,n,2.0NRT,298.71,10.42,Day,VIIRS_SNPP_NRT,,,2026,4,24,Spring,0°-30°N
24.43734,77.4639,308.53,0.42,0.38,2026-04-23,2042,N21,VIIRS,n,2.0NRT,294.29,0.86,Night,VIIRS_NOAA21_NRT,,,2026,4,23,Spring,0°-30°N
22.18143,77.51793,349.84,0.55,0.43,2026-04-22,744,N20,VIIRS,n,2.0NRT,318.96,16.24,Day,VIIRS_NOAA20_NRT,,,2026,4,22,Spring,0°-30°N
17.8871,-93.1862,,2.23,1.45,2026-04-24,2057,Aqua,MODIS,71,6.1NRT,,34.91,Day,MODIS_NRT,322.36,301.34,2026,4,24,Spring,0°-30°N
-14.71489,125.54649,304.88,0.33,0.55,2026-04-24,1622,N20,VIIRS,n,2.0NRT,293.54,1.02,Night,VIIRS_NOAA20_NRT,,,2026,4,24,Spring,30°S-0°
25.45678,84.14281,348.01,0.38,0.59,2026-04-22,652,N21,VIIRS,n,2.0NRT,313.87,6.17,Day,VIIRS_NOAA21_NRT,,,2026,4,22,Spring,0°-30°N
12.54737,107.15444,305.45,0.46,0.39,2026-04-23,1813,N20,VIIRS,n,2.0NRT,293.42,0.91,Night,VIIRS_NOAA20_NRT,,,2026,4,23,Spring,0°-30°N
13.03539,34.05161,349.51,0.38,0.43,2026-04-21,1121,N20,VIIRS,n,2.0NRT,311.16,13.11,Day,VIIRS_NOAA20_NRT,,,2026,4,21,Spring,0°-30°N
19.4159,95.07907,337.37,0.42,0.45,2026-04-22,722,N,VIIRS,n,2.0NRT,306.33,2.6,Day,VIIRS_SNPP_NRT,,,2026,4,22,Spring,0°-30°N
14.57909,79.23036,342.2,0.41,0.37,2026-04-24,752,N21,VIIRS,l,2.0NRT,309.28,2.87,Day,VIIRS_NOAA21_NRT,,,2026,4,24,Spring,0°-30°N
52.33683,83.16695,334.6,0.4,0.37,2026-04-22,659,N21,VIIRS,n,2.0NRT,300.06,8.43,Day,VIIRS_NOAA21_NRT,,,2026,4,22,Spring,30°N-60°N
-21.48598,44.18016,343.32,0.5,0.49,2026-04-25,1117,N,VIIRS,n,2.0NRT,305.73,19.86,Day,VIIRS_SNPP_NRT,,,2026,4,25,Spring,30°S-0°
16.66289,98.27303,306.89,0.53,0.42,2026-04-22,1921,N21,VIIRS,n,2.0NRT,294.56,1.95,Night,VIIRS_NOAA21_NRT,,,2026,4,22,Spring,0°-30°N
27.31763,84.73728,,1.03,1.01,2026-04-24,928,Aqua,MODIS,57,6.1NRT,,8.16,Day,MODIS_NRT,320.24,302.88,2026,4,24,Spring,0°-30°N
-18.31138,46.05614,333.14,0.59,0.53,2026-04-24,1106,N21,VIIRS,n,2.0NRT,299.58,4.63,Day,VIIRS_NOAA21_NRT,,,2026,4,24,Spring,30°S-0°
24.44776,77.46928,303.62,0.48,0.65,2026-04-22,1951,N,VIIRS,n,2.0NRT,292.61,2.37,Night,VIIRS_SNPP_NRT,,,2026,4,22,Spring,0°-30°N
-7.39116,24.27513,327.33,0.39,0.59,2026-04-25,1232,N21,VIIRS,n,2.0NRT,280.71,4.22,Day,VIIRS_NOAA21_NRT,,,2026,4,25,Spring,30°S-0°
15.67581,80.26544,331.35,0.43,0.46,2026-04-24,826,N,VIIRS,l,2.0NRT,302.35,2.71,Day,VIIRS_SNPP_NRT,,,2026,4,24,Spring,0°-30°N
10.72219,-12.88641,347.16,0.41,0.37,2026-04-25,1418,N21,VIIRS,n,2.0NRT,313.3,109.34,Day,VIIRS_NOAA21_NRT,,,2026,4,25,Spring,0°-30°N
10.99062,-11.43893,345.37,0.47,0.39,2026-04-25,1418,N21,VIIRS,n,2.0NRT,313.61,7.07,Day,VIIRS_NOAA21_NRT,,,2026,4,25,Spring,0°-30°N
42.41843,122.46518,352.83,0.57,0.69,2026-04-23,548,N20,VIIRS,n,2.0NRT,299.85,5.96,Day,VIIRS_NOAA20_NRT,,,2026,4,23,Spring,30°N-60°N
15.39125,105.05312,332.2,0.36,0.57,2026-04-23,542,N20,VIIRS,n,2.0NRT,294.87,2.63,Day,VIIRS_NOAA20_NRT,,,2026,4,23,Spring,0°-30°N
8.74267,-12.70058,367.0,0.4,0.37,2026-04-25,1418,N21,VIIRS,l,2.0NRT,328.8,87.57,Day,VIIRS_NOAA21_NRT,,,2026,4,25,Spring,0°-30°N
11.94344,-12.64131,344.84,0.52,0.5,2026-04-23,1348,N,VIIRS,n,2.0NRT,297.24,12.29,Day,VIIRS_SNPP_NRT,,,2026,4,23,Spring,0°-30°N
12.65759,26.87865,367.0,0.34,0.56,2026-04-25,1056,N21,VIIRS,h,2.0NRT,325.79,16.81,Day,VIIRS_NOAA21_NRT,,,2026,4,25,Spring,0°-30°N
-18.60495,-58.62094,356.86,0.47,0.64,2026-04-24,1824,N,VIIRS,l,2.0NRT,288.27,8.16,Day,VIIRS_SNPP_NRT,,,2026,4,24,Spring,30°S-0°
26.64484,98.3817,330.36,0.44,0.38,2026-04-25,648,N20,VIIRS,n,2.0NRT,295.8,12.36,Day,VIIRS_NOAA20_NRT,,,2026,4,25,Spring,0°-30°N
24.15933,82.63133,332.51,0.77,0.78,2026-04-23,845,N,VIIRS,l,2.0NRT,306.66,5.16,Day,VIIRS_SNPP_NRT,,,2026,4,23,Spring,0°-30°N
-18.25589,125.43952,352.05,0.48,0.48,2026-04-21,550,N,VIIRS,n,2.0NRT,308.24,18.39,Day,VIIRS_SNPP_NRT,,,2026,4,21,Spring,30°S-0°
19.58273,99.19173,307.63,0.46,0.39,2026-04-21,1849,N20,VIIRS,n,2.0NRT,294.16,1.19,Night,VIIRS_NOAA20_NRT,,,2026,4,21,Spring,0°-30°N
18.4476,-91.22717,332.35,0.46,0.63,2026-04-23,2002,N21,VIIRS,n,2.0NRT,301.39,6.0,Day,VIIRS_NOAA21_NRT,,,2026,4,23,Spring,0°-30°N
10.58418,37.12548,339.19,0.48,0.4,2026-04-22,1043,N,VIIRS,l,2.0NRT,309.95,8.99,Day,VIIRS_SNPP_NRT,,,2026,4,22,Spring,0°-30°N
-15.68204,125.80904,367.0,0.4,0.37,2026-04-21,518,N21,VIIRS,h,2.0NRT,306.03,14.96,Day,VIIRS_NOAA21_NRT,,,2026,4,21,Spring,30°S-0°
30.76774,-82.7357,304.69,0.52,0.67,2026-04-21,818,N,VIIRS,n,2.0NRT,284.29,3.28,Night,VIIRS_SNPP_NRT,,,2026,4,21,Spring,30°N-60°N
27.95808,85.17364,331.23,0.62,0.54,2026-04-21,805,N20,VIIRS,l,2.0NRT,303.72,3.88,Day,VIIRS_NOAA20_NRT,,,2026,4,21,Spring,0°-30°N
28.84331,80.9407,303.38,0.61,0.71,2026-04-21,2118,N21,VIIRS,n,2.0NRT,291.37,3.09,Night,VIIRS_NOAA21_NRT,,,2026,4,21,Spring,0°-30°N
22.44175,79.62102,,1.18,1.08,2026-04-25,400,Terra,MODIS,70,6.1NRT,,10.5,Day,MODIS_NRT,328.41,316.47,2026,4,25,Spring,0°-30°N
17.3236,80.57555,331.63,0.45,0.39,2026-04-22,741,N20,VIIRS,n,2.0NRT,300.88,0.99,Day,VIIRS_NOAA20_NRT,,,2026,4,22,Spring,0°-30°N
18.10126,-94.34729,345.03,0.4,0.37,2026-04-21,750,N21,VIIRS,n,2.0NRT,292.41,9.76,Night,VIIRS_NOAA21_NRT,,,2026,4,21,Spring,0°-30°N
-15.58462,129.80415,336.25,0.39,0.36,2026-04-25,453,N20,VIIRS,n,2.0NRT,304.55,2.6,Day,VIIRS_NOAA20_NRT,,,2026,4,25,Spring,30°S-0°
41.82114,88.86954,296.29,0.42,0.45,2026-04-21,1934,N21,VIIRS,n,2.0NRT,281.51,0.65,Night,VIIRS_NOAA21_NRT,,,2026,4,21,Spring,30°N-60°N
23.27451,54.26159,347.19,0.45,0.47,2026-04-24,2235,N,VIIRS,n,2.0NRT,322.24,59.11,Night,VIIRS_SNPP_NRT,,,2026,4,24,Spring,0°-30°N
23.46198,75.01032,354.49,0.39,0.44,2026-04-22,833,N21,VIIRS,n,2.0NRT,315.84,9.15,Day,VIIRS_NOAA21_NRT,,,2026,4,22,Spring,0°-30°N
24.89175,79.51808,319.69,0.47,0.4,2026-04-22,2012,N20,VIIRS,n,2.0NRT,293.92,1.19,Night,VIIRS_NOAA20_NRT,,,2026,4,22,Spring,0°-30°N
43.20527,-2.77519,297.58,0.41,0.37,2026-04-23,200,N21,VIIRS,n,2.0NRT,282.97,0.62,Night,VIIRS_NOAA21_NRT,,,2026,4,23,Spring,30°N-60°N
22.90037,83.26824,316.52,0.39,0.36,2026-04-21,2010,N,VIIRS,n,2.0NRT,295.78,1.4,Night,VIIRS_SNPP_NRT,,,2026,4,21,Spring,0°-30°N
-21.62994,44.38932,339.68,0.42,0.38,2026-04-23,1034,N20,VIIRS,n,2.0NRT,304.63,3.08,Day,VIIRS_NOAA20_NRT,,,2026,4,23,Spring,30°S-0°
29.44444,17.96589,319.93,0.4,0.6,2026-04-21,2352,N20,VIIRS,n,2.0NRT,284.39,1.45,Night,VIIRS_NOAA20_NRT,,,2026,4,21,Spring,0°-30°N
18.70766,-90.88648,342.6,0.41,0.37,2026-04-25,1925,N21,VIIRS,l,2.0NRT,315.85,7.79,Day,VIIRS_NOAA21_NRT,,,2026,4,25,Spring,0°-30°N
-35.43906,145.42891,343.77,0.57,0.52,2026-04-25,449,N20,VIIRS,n,2.0NRT,307.0,142.99,Day,VIIRS_NOAA20_NRT,,,2026,4,25,Spring,60°S-30°S
30.7859,-82.75397,367.0,0.44,0.62,2026-04-21,1754,N,VIIRS,h,2.0NRT,300.3,7.17,Day,VIIRS_SNPP_NRT,,,2026,4,21,Spring,30°N-60°N
26.6518,80.92388,346.71,0.51,0.66,2026-04-22,835,N21,VIIRS,n,2.0NRT,312.24,8.31,Day,VIIRS_NOAA21_NRT,,,2026,4,22,Spring,0°-30°N
-21.85129,44.52629,345.2,0.49,0.48,2026-04-24,1015,N20,VIIRS,n,2.0NRT,301.42,8.16,Day,VIIRS_NOAA20_NRT,,,2026,4,24,Spring,30°S-0°
24.14688,78.32182,307.38,0.4,0.37,2026-04-24,2021,N21,VIIRS,n,2.0NRT,294.68,0.87,Night,VIIRS_NOAA21_NRT,,,2026,4,24,Spring,0°-30°N
10.69117,104.58253,342.35,0.32,0.55,2026-04-23,701,N,VIIRS,n,2.0NRT,305.14,4.17,Day,VIIRS_SNPP_NRT,,,2026,4,23,Spring,0°-30°N
16.82692,-97.47456,335.63,0.4,0.4,2026-04-25,1957,N,VIIRS,l,2.0URT,308.84,2.51,Day,VIIRS_SNPP_NRT,,,2026,4,25,Spring,0°-30°N
30.897,121.04722,,1.04,1.02,2026-04-25,652,Aqua,MODIS,49,6.1NRT,,5.49,Day,MODIS_NRT,310.02,295.82,2026,4,25,Spring,30°N-60°N
41.41071,106.96895,336.92,0.49,0.4,2026-04-24,529,N20,VIIRS,l,2.0NRT,310.79,1.98,Day,VIIRS_NOAA20_NRT,,,2026,4,24,Spring,30°N-60°N
19.54061,99.53278,315.26,0.38,0.36,2026-04-23,1902,N21,VIIRS,n,2.0NRT,290.64,1.12,Night,VIIRS_NOAA21_NRT,,,2026,4,23,Spring,0°-30°N
13.21229,77.87446,343.07,0.61,0.54,2026-04-21,739,N,VIIRS,n,2.0NRT,309.15,2.74,Day,VIIRS_SNPP_NRT,,,2026,4,21,Spring,0°-30°N
11.01219,-12.69412,331.06,0.46,0.63,2026-04-25,1329,N20,VIIRS,n,2.0NRT,292.54,6.31,Day,VIIRS_NOAA20_NRT,,,2026,4,25,Spring,0°-30°N
27.52059,84.35879,342.96,0.33,0.55,2026-04-22,654,N21,VIIRS,n,2.0NRT,301.98,3.95,Day,VIIRS_NOAA21_NRT,,,2026,4,22,Spring,0°-30°N
26.42476,83.98598,337.37,0.5,0.49,2026-04-21,805,N20,VIIRS,l,2.0NRT,311.18,4.74,Day,VIIRS_NOAA20_NRT,,,2026,4,21,Spring,0°-30°N
19.76378,-90.58329,339.99,0.4,0.44,2026-04-24,1856,N20,VIIRS,n,2.0NRT,306.38,2.48,Day,VIIRS_NOAA20_NRT,,,2026,4,24,Spring,0°-30°N
28.98648,76.16755,343.37,0.55,0.43,2026-04-24,828,N,VIIRS,l,2.0NRT,314.97,9.28,Day,VIIRS_SNPP_NRT,,,2026,4,24,Spring,0°-30°N
17.8004,98.04645,334.21,0.39,0.36,2026-04-24,644,N,VIIRS,l,2.0NRT,303.05,5.72,Day,VIIRS_SNPP_NRT,,,2026,4,24,Spring,0°-30°N
39.9004,111.70145,298.13,0.43,0.46,2026-04-22,1806,N,VIIRS,n,2.0NRT,279.66,0.59,Night,VIIRS_SNPP_NRT,,,2026,4,22,Spring,30°N-60°N
43.74393,127.52686,332.18,0.56,0.69,2026-04-23,315,N21,VIIRS,n,2.0NRT,290.17,6.69,Day,VIIRS_NOAA21_NRT,,,2026,4,23,Spring,30°N-60°N
12.54739,104.92192,,1.21,1.09,2026-04-25,824,Aqua,MODIS,63,6.1NRT,,9.62,Day,MODIS_NRT,323.26,300.95,2026,4,25,Spring,0°-30°N
9.5971,105.66853,367.0,0.41,0.61,2026-04-23,540,N20,VIIRS,h,2.0NRT,301.17,6.51,Day,VIIRS_NOAA20_NRT,,,2026,4,23,Spring,0°-30°N
-35.61294,138.39856,341.3,0.38,0.59,2026-04-23,525,N20,VIIRS,n,2.0NRT,300.33,5.09,Day,VIIRS_NOAA20_NRT,,,2026,4,23,Spring,60°S-30°S
-19.60061,122.22881,347.28,0.38,0.36,2026-04-23,531,N20,VIIRS,l,2.0NRT,321.27,18.28,Day,VIIRS_NOAA20_NRT,,,2026,4,23,Spring,30°S-0°
-26.96586,147.85593,328.96,0.35,0.57,2026-04-23,1444,N,VIIRS,n,2.0NRT,285.49,2.62,Night,VIIRS_SNPP_NRT,,,2026,4,23,Spring,30°S-0°
38.85006,54.23642,341.5,0.45,0.63,2026-04-24,833,N,VIIRS,l,2.0NRT,314.29,4.51,Day,VIIRS_SNPP_NRT,,,2026,4,24,Spring,30°N-60°N
48.98768,53.74899,329.2,0.41,0.37,2026-04-21,900,N21,VIIRS,n,2.0NRT,300.47,2.13,Day,VIIRS_NOAA21_NRT,,,2026,4,21,Spring,30°N-60°N
29.33698,71.95213,347.02,0.47,0.4,2026-04-21,805,N20,VIIRS,l,2.0NRT,317.44,19.97,Day,VIIRS_NOAA20_NRT,,,2026,4,21,Spring,0°-30°N
-15.2739,134.26933,331.77,0.38,0.36,2026-04-23,440,N21,VIIRS,l,2.0NRT,303.07,3.99,Day,VIIRS_NOAA21_NRT,,,2026,4,23,Spring,30°S-0°
25.01793,83.72529,318.77,0.37,0.58,2026-04-24,2053,N,VIIRS,n,2.0NRT,293.35,2.64,Night,VIIRS_SNPP_NRT,,,2026,4,24,Spring,0°-30°N
24.97015,76.19022,311.27,0.4,0.44,2026-04-22,2059,N21,VIIRS,n,2.0NRT,292.06,2.13,Night,VIIRS_NOAA21_NRT,,,2026,4,22,Spring,0°-30°N
22.69889,85.36507,339.39,0.56,0.52,2026-04-25,807,N,VIIRS,n,2.0NRT,308.75,1.66,Day,VIIRS_SNPP_NRT,,,2026,4,25,Spring,0°-30°N
19.60348,94.22775,305.55,0.4,0.37,2026-04-23,1934,N,VIIRS,n,2.0NRT,292.33,0.32,Night,VIIRS_SNPP_NRT,,,2026,4,23,Spring,0°-30°N
23.52731,79.0881,327.06,0.39,0.36,2026-04-21,2029,N20,VIIRS,n,2.0NRT,293.81,1.87,Night,VIIRS_NOAA20_NRT,,,2026,4,21,Spring,0°-30°N
-14.62532,126.98629,337.64,0.39,0.36,2026-04-24,514,N20,VIIRS,n,2.0NRT,306.06,4.38,Day,VIIRS_NOAA20_NRT,,,2026,4,24,Spring,30°S-0°
23.27689,81.01371,313.84,0.4,0.37,2026-04-22,2012,N20,VIIRS,n,2.0NRT,297.24,1.63,Night,VIIRS_NOAA20_NRT,,,2026,4,22,Spring,0°-30°N
10.27291,104.97573,333.17,0.39,0.36,2026-04-21,618,N20,VIIRS,l,2.0NRT,304.31,4.74,Day,VIIRS_NOAA20_NRT,,,2026,4,21,Spring,0°-30°N
9.74036,29.97999,349.4,0.65,0.73,2026-04-21,1210,N21,VIIRS,n,2.0NRT,287.75,35.5,Day,VIIRS_NOAA21_NRT,,,2026,4,21,Spring,0°-30°N
31.20946,48.98016,,4.22,1.9,2026-04-23,109,Aqua,MODIS,60,6.1NRT,,66.82,Night,MODIS_NRT,304.37,285.74,2026,4,23,Spring,30°N-60°N
23.49772,93.93476,340.98,0.5,0.66,2026-04-22,744,N20,VIIRS,n,2.0NRT,296.32,7.06,Day,VIIRS_NOAA20_NRT,,,2026,4,22,Spring,0°-30°N
23.71284,92.14944,353.94,0.4,0.6,2026-04-21,622,N20,VIIRS,n,2.0NRT,291.37,30.63,Day,VIIRS_NOAA20_NRT,,,2026,4,21,Spring,0°-30°N
27.26583,81.38752,346.91,0.45,0.39,2026-04-24,756,N21,VIIRS,n,2.0NRT,316.3,8.56,Day,VIIRS_NOAA21_NRT,,,2026,4,24,Spring,0°-30°N
-15.44952,46.81096,348.71,0.57,0.43,2026-04-21,1053,N,VIIRS,n,2.0NRT,305.91,8.79,Day,VIIRS_SNPP_NRT,,,2026,4,21,Spring,30°S-0°
19.5598,98.4919,342.73,0.39,0.44,2026-04-21,620,N20,VIIRS,n,2.0NRT,304.15,4.52,Day,VIIRS_NOAA20_NRT,,,2026,4,21,Spring,0°-30°N
-23.59501,46.36882,336.93,0.48,0.48,2026-04-23,1013,N,VIIRS,n,2.0NRT,300.24,4.99,Day,VIIRS_SNPP_NRT,,,2026,4,23,Spring,30°S-0°
23.88622,81.84478,337.59,0.35,0.56,2026-04-24,828,N,VIIRS,n,2.0NRT,304.97,4.31,Day,VIIRS_SNPP_NRT,,,2026,4,24,Spring,0°-30°N
51.83806,-3.92761,338.59,0.44,0.39,2026-04-25,1323,N,VIIRS,n,2.0NRT,297.36,18.78,Day,VIIRS_SNPP_NRT,,,2026,4,25,Spring,30°N-60°N
43.74287,127.45081,344.41,0.45,0.39,2026-04-23,408,N20,VIIRS,n,2.0NRT,298.32,9.33,Day,VIIRS_NOAA20_NRT,,,2026,4,23,Spring,30°N-60°N
9.67722,-12.83171,336.07,0.41,0.37,2026-04-21,1427,N,VIIRS,n,2.0NRT,302.7,1.75,Day,VIIRS_SNPP_NRT,,,2026,4,21,Spring,0°-30°N
45.23365,-96.25135,349.54,0.43,0.38,2026-04-24,1902,N20,VIIRS,n,2.0NRT,292.42,8.34,Day,VIIRS_NOAA20_NRT,,,2026,4,24,Spring,30°N-60°N
14.27005,108.44108,337.69,0.51,0.66,2026-04-22,648,N21,VIIRS,n,2.0NRT,301.61,61.26,Day,VIIRS_NOAA21_NRT,,,2026,4,22,Spring,0°-30°N
-24.00056,131.55571,302.29,0.44,0.38,2026-04-22,1641,N,VIIRS,n,2.0NRT,289.03,0.93,Night,VIIRS_SNPP_NRT,,,2026,4,22,Spring,30°S-0°
28.94533,81.03616,330.26,0.46,0.39,2026-04-24,756,N21,VIIRS,l,2.0NRT,304.66,3.07,Day,VIIRS_NOAA21_NRT,,,2026,4,24,Spring,0°-30°N
-11.09025,-46.82215,343.99,0.53,0.42,2026-04-23,1705,N,VIIRS,n,2.0NRT,304.58,11.89,Day,VIIRS_SNPP_NRT,,,2026,4,23,Spring,30°S-0°
15.07298,78.20049,343.91,0.49,0.4,2026-04-24,826,N,VIIRS,n,2.0NRT,312.21,8.21,Day,VIIRS_SNPP_NRT,,,2026,4,24,Spring,0°-30°N
19.95016,84.05687,334.26,0.39,0.36,2026-04-22,741,N20,VIIRS,l,2.0NRT,308.99,4.89,Day,VIIRS_NOAA20_NRT,,,2026,4,22,Spring,0°-30°N
18.04146,-93.06822,338.83,0.38,0.59,2026-04-23,1853,N,VIIRS,n,2.0NRT,295.88,4.32,Day,VIIRS_SNPP_NRT,,,2026,4,23,Spring,0°-30°N
15.427,78.7414,336.66,0.49,0.49,2026-04-21,739,N,VIIRS,n,2.0NRT,304.7,7.24,Day,VIIRS_SNPP_NRT,,,2026,4,21,Spring,0°-30°N
17.72287,-90.63433,333.14,0.49,0.65,2026-04-23,2002,N21,VIIRS,n,2.0NRT,300.4,4.16,Day,VIIRS_NOAA21_NRT,,,2026,4,23,Spring,0°-30°N
21.18537,95.58458,,1.01,1.01,2026-04-23,243,Terra,MODIS,77,6.1NRT,,12.67,Day,MODIS_NRT,328.87,308.73,2026,4,23,Spring,0°-30°N
43.97131,126.69487,328.73,0.37,0.58,2026-04-22,516,N21,VIIRS,n,2.0NRT,287.8,2.51,Day,VIIRS_NOAA21_NRT,,,2026,4,22,Spring,30°N-60°N
36.99586,41.56261,298.3,0.53,0.42,2026-04-23,2252,N,VIIRS,n,2.0NRT,282.25,0.55,Night,VIIRS_SNPP_NRT,,,2026,4,23,Spring,30°N-60°N
10.22997,38.97209,336.17,0.33,0.55,2026-04-22,1013,N21,VIIRS,l,2.0NRT,309.29,4.73,Day,VIIRS_NOAA21_NRT,,,2026,4,22,Spring,0°-30°N
49.09135,32.68832,334.28,0.53,0.5,2026-04-21,952,N20,VIIRS,n,2.0NRT,290.56,3.22,Day,VIIRS_NOAA20_NRT,,,2026,4,21,Spring,30°N-60°N
31.63765,-104.0389,295.15,0.4,0.44,2026-04-22,907,N21,VIIRS,n,2.0NRT,284.51,0.36,Night,VIIRS_NOAA21_NRT,,,2026,4,22,Spring,30°N-60°N
41.13848,122.99879,295.04,0.66,0.73,2026-04-23,1853,N21,VIIRS,n,2.0NRT,284.44,2.28,Night,VIIRS_NOAA21_NRT,,,2026,4,23,Spring,30°N-60°N
8.05019,123.21559,335.02,0.34,0.56,2026-04-21,436,N20,VIIRS,n,2.0NRT,294.49,2.76,Day,VIIRS_NOAA20_NRT,,,2026,4,21,Spring,0°-30°N
16.59336,-90.44205,341.39,0.4,0.37,2026-04-25,1923,N21,VIIRS,n,2.0NRT,309.54,8.51,Day,VIIRS_NOAA21_NRT,,,2026,4,25,Spring,0°-30°N
23.16266,77.52809,299.33,0.46,0.64,2026-04-22,1951,N,VIIRS,n,2.0NRT,285.64,1.08,Night,VIIRS_SNPP_NRT,,,2026,4,22,Spring,0°-30°N
24.83296,94.74023,319.3,0.39,0.36,2026-04-22,1919,N21,VIIRS,n,2.0NRT,290.15,2.19,Night,VIIRS_NOAA21_NRT,,,2026,4,22,Spring,0°-30°N
8.95604,-12.00902,340.34,0.39,0.36,2026-04-23,1405,N20,VIIRS,l,2.0NRT,308.82,24.06,Day,VIIRS_NOAA20_NRT,,,2026,4,23,Spring,0°-30°N
25.25908,83.84957,348.25,0.39,0.36,2026-04-21,744,N,VIIRS,l,2.0NRT,320.0,7.39,Day,VIIRS_SNPP_NRT,,,2026,4,21,Spring,0°-30°N
45.37638,128.14072,,2.57,1.54,2026-04-24,134,Terra,MODIS,33,6.1NRT,,11.38,Day,MODIS_NRT,301.66,287.76,2026,4,24,Spring,30°N-60°N
30.40677,73.89647,340.77,0.45,0.39,2026-04-24,758,N21,VIIRS,l,2.0NRT,310.9,3.01,Day,VIIRS_NOAA21_NRT,,,2026,4,24,Spring,30°N-60°N
14.9914,-4.62772,335.85,0.73,0.76,2026-04-21,1246,N,VIIRS,n,2.0NRT,301.66,3.55,Day,VIIRS_SNPP_NRT,,,2026,4,21,Spring,0°-30°N
22.80169,76.2757,319.97,0.46,0.39,2026-04-24,2023,N21,VIIRS,n,2.0NRT,298.98,3.79,Night,VIIRS_NOAA21_NRT,,,2026,4,24,Spring,0°-30°N
17.11683,-90.95846,307.69,0.41,0.45,2026-04-24,726,N,VIIRS,n,2.0NRT,293.04,1.13,Night,VIIRS_SNPP_NRT,,,2026,4,24,Spring,0°-30°N
23.75109,96.35248,336.3,0.38,0.36,2026-04-25,646,N20,VIIRS,n,2.0NRT,304.25,2.05,Day,VIIRS_NOAA20_NRT,,,2026,4,25,Spring,0°-30°N
-7.55792,24.50506,335.55,0.45,0.39,2026-04-25,1142,N20,VIIRS,n,2.0NRT,286.35,7.84,Day,VIIRS_NOAA20_NRT,,,2026,4,25,Spring,30°S-0°
25.26944,84.03162,346.8,0.49,0.49,2026-04-21,805,N20,VIIRS,l,2.0NRT,318.57,20.36,Day,VIIRS_NOAA20_NRT,,,2026,4,21,Spring,0°-30°N
-38.36615,-68.67728,296.17,0.4,0.6,2026-04-21,444,N21,VIIRS,n,2.0NRT,275.82,1.04,Night,VIIRS_NOAA21_NRT,,,2026,4,21,Spring,60°S-30°S
20.73734,79.23846,345.16,0.56,0.43,2026-04-21,741,N,VIIRS,n,2.0NRT,313.76,9.5,Day,VIIRS_SNPP_NRT,,,2026,4,21,Spring,0°-30°N
43.90728,127.37102,335.64,0.57,0.69,2026-04-23,315,N21,VIIRS,n,2.0NRT,291.84,6.89,Day,VIIRS_NOAA21_NRT,,,2026,4,23,Spring,30°N-60°N
18.01946,-90.69577,335.7,0.54,0.68,2026-04-24,1836,N,VIIRS,n,2.0NRT,301.9,2.58,Day,VIIRS_SNPP_NRT,,,2026,4,24,Spring,0°-30°N
22.23487,91.84676,336.16,0.55,0.43,2026-04-25,646,N20,VIIRS,n,2.0NRT,301.6,5.89,Day,VIIRS_NOAA20_NRT,,,2026,4,25,Spring,0°-30°N
11.12223,27.22222,306.83,0.4,0.37,2026-04-24,2350,N21,VIIRS,n,2.0NRT,295.79,2.49,Night,VIIRS_NOAA21_NRT,,,2026,4,24,Spring,0°-30°N
16.46133,95.95134,347.39,0.39,0.36,2026-04-22,650,N21,VIIRS,l,2.0NRT,309.36,20.72,Day,VIIRS_NOAA21_NRT,,,2026,4,22,Spring,0°-30°N
21.523,94.72932,325.34,0.57,0.43,2026-04-23,1902,N21,VIIRS,n,2.0NRT,295.96,8.0,Night,VIIRS_NOAA21_NRT,,,2026,4,23,Spring,0°-30°N
-32.72198,117.85613,336.12,0.74,0.76,2026-04-22,453,N21,VIIRS,n,2.0NRT,298.98,43.32,Day,VIIRS_NOAA21_NRT,,,2026,4,22,Spring,60°S-30°S
19.61748,97.58491,339.02,0.44,0.46,2026-04-21,620,N20,VIIRS,n,2.0NRT,306.73,3.38,Day,VIIRS_NOAA20_NRT,,,2026,4,21,Spring,0°-30°N
32.17224,7.06138,303.98,0.5,0.66,2026-04-24,37,N,VIIRS,n,2.0NRT,287.36,0.84,Night,VIIRS_SNPP_NRT,,,2026,4,24,Spring,30°N-60°N
37.34285,-103.63501,301.96,0.43,0.38,2026-04-25,902,N20,VIIRS,n,2.0NRT,279.0,1.68,Night,VIIRS_NOAA20_NRT,,,2026,4,25,Spring,30°N-60°N
20.14816,78.54092,345.99,0.44,0.46,2026-04-25,735,N21,VIIRS,l,2.0NRT,320.51,14.63,Day,VIIRS_NOAA21_NRT,,,2026,4,25,Spring,0°-30°N
21.7634,84.02,316.51,0.45,0.39,2026-04-23,1953,N20,VIIRS,n,2.0NRT,298.75,2.97,Night,VIIRS_NOAA20_NRT,,,2026,4,23,Spring,0°-30°N
8.82171,-68.47319,,1.03,1.01,2026-04-25,1953,Aqua,MODIS,32,6.1NRT,,5.22,Day,MODIS_NRT,314.47,290.26,2026,4,25,Spring,0°-30°N
38.59119,65.75385,334.18,0.45,0.39,2026-04-24,852,N20,VIIRS,l,2.0NRT,308.45,2.44,Day,VIIRS_NOAA20_NRT,,,2026,4,24,Spring,30°N-60°N
17.92134,95.36867,349.17,0.42,0.45,2026-04-22,722,N,VIIRS,n,2.0NRT,306.35,3.21,Day,VIIRS_SNPP_NRT,,,2026,4,22,Spring,0°-30°N
18.41388,-101.7554,342.35,0.42,0.37,2026-04-24,2017,N,VIIRS,n,2.0NRT,311.22,6.85,Day,VIIRS_SNPP_NRT,,,2026,4,24,Spring,0°-30°N
27.36347,83.69724,344.8,0.41,0.37,2026-04-23,726,N20,VIIRS,l,2.0NRT,314.85,11.18,Day,VIIRS_NOAA20_NRT,,,2026,4,23,Spring,0°-30°N
25.63971,79.15722,343.58,0.42,0.38,2026-04-25,809,N,VIIRS,n,2.0NRT,317.79,20.48,Day,VIIRS_SNPP_NRT,,,2026,4,25,Spring,0°-30°N
24.07642,97.28944,303.52,0.56,0.51,2026-04-24,1843,N21,VIIRS,n,2.0NRT,291.75,1.86,Night,VIIRS_NOAA21_NRT,,,2026,4,24,Spring,0°-30°N
31.79567,-103.92711,326.74,0.49,0.49,2026-04-23,922,N,VIIRS,n,2.0NRT,287.72,2.24,Night,VIIRS_SNPP_NRT,,,2026,4,23,Spring,30°N-60°N
14.74623,-85.36791,367.0,0.58,0.69,2026-04-25,1815,N,VIIRS,h,2.0NRT,292.1,12.98,Day,VIIRS_SNPP_NRT,,,2026,4,25,Spring,0°-30°N
24.56233,94.77437,333.31,0.46,0.47,2026-04-22,724,N,VIIRS,l,2.0NRT,306.16,2.71,Day,VIIRS_SNPP_NRT,,,2026,4,22,Spring,0°-30°N
60.14906,109.10976,331.7,0.52,0.67,2026-04-23,2101,N,VIIRS,n,2.0NRT,260.01,14.84,Night,VIIRS_SNPP_NRT,,,2026,4,23,Spring,60°N-90°N
-14.50091,127.19466,330.67,0.4,0.37,2026-04-24,514,N20,VIIRS,l,2.0NRT,302.78,3.34,Day,VIIRS_NOAA20_NRT,,,2026,4,24,Spring,30°S-0°
17.88276,-91.30482,346.99,0.43,0.46,2026-04-24,1945,N21,VIIRS,n,2.0NRT,309.17,22.7,Day,VIIRS_NOAA21_NRT,,,2026,4,24,Spring,0°-30°N
9.06433,-12.67207,342.3,0.63,0.54,2026-04-25,1450,N,VIIRS,n,2.0NRT,300.73,19.27,Day,VIIRS_SNPP_NRT,,,2026,4,25,Spring,0°-30°N
-24.97928,151.50096,309.92,0.48,0.65,2026-04-23,1550,N21,VIIRS,n,2.0NRT,284.98,1.72,Night,VIIRS_NOAA21_NRT,,,2026,4,23,Spring,30°S-0°
6.50483,116.73057,330.43,0.39,0.36,2026-04-23,538,N20,VIIRS,n,2.0NRT,298.32,2.81,Day,VIIRS_NOAA20_NRT,,,2026,4,23,Spring,0°-30°N
23.87254,77.56903,306.8,0.38,0.59,2026-04-23,1951,N20,VIIRS,n,2.0NRT,294.68,1.56,Night,VIIRS_NOAA20_NRT,,,2026,4,23,Spring,0°-30°N
-7.87004,24.94287,335.45,0.51,0.41,2026-04-24,1142,N,VIIRS,n,2.0NRT,281.73,6.49,Day,VIIRS_SNPP_NRT,,,2026,4,24,Spring,30°S-0°
20.91772,101.90398,328.52,0.54,0.68,2026-04-22,542,N,VIIRS,n,2.0NRT,292.6,5.28,Day,VIIRS_SNPP_NRT,,,2026,4,22,Spring,0°-30°N
53.93138,32.67893,328.92,0.39,0.44,2026-04-21,954,N20,VIIRS,n,2.0NRT,286.66,1.95,Day,VIIRS_NOAA20_NRT,,,2026,4,21,Spring,30°N-60°N
9.7905,-12.93085,346.99,0.4,0.37,2026-04-23,1408,N20,VIIRS,l,2.0NRT,311.24,19.58,Day,VIIRS_NOAA20_NRT,,,2026,4,23,Spring,0°-30°N
28.61842,80.35902,343.36,0.63,0.54,2026-04-24,828,N,VIIRS,n,2.0NRT,309.69,7.87,Day,VIIRS_SNPP_NRT,,,2026,4,24,Spring,0°-30°N
-6.2869,19.08939,330.46,0.41,0.37,2026-04-21,1206,N21,VIIRS,n,2.0NRT,293.8,11.19,Day,VIIRS_NOAA21_NRT,,,2026,4,21,Spring,30°S-0°
15.21098,98.13022,303.5,0.37,0.58,2026-04-21,1940,N21,VIIRS,n,2.0NRT,291.56,1.39,Night,VIIRS_NOAA21_NRT,,,2026,4,21,Spring,0°-30°N
37.3047,-107.16101,367.0,0.41,0.45,2026-04-23,2040,N,VIIRS,h,2.0NRT,301.52,20.67,Day,VIIRS_SNPP_NRT,,,2026,4,23,Spring,30°N-60°N
13.02845,-14.15355,350.85,0.44,0.38,2026-04-22,1425,N20,VIIRS,n,2.0NRT,314.1,23.87,Day,VIIRS_NOAA20_NRT,,,2026,4,22,Spring,0°-30°N
10.91975,32.3418,348.29,0.44,0.39,2026-04-21,1121,N20,VIIRS,n,2.0NRT,311.66,13.6,Day,VIIRS_NOAA20_NRT,,,2026,4,21,Spring,0°-30°N
25.05245,76.57551,339.79,0.7,0.75,2026-04-24,707,N20,VIIRS,l,2.0NRT,314.56,16.19,Day,VIIRS_NOAA20_NRT,,,2026,4,24,Spring,0°-30°N
-30.2568,148.50839,297.28,0.68,0.74,2026-04-22,1611,N21,VIIRS,n,2.0NRT,285.64,2.38,Night,VIIRS_NOAA21_NRT,,,2026,4,22,Spring,60°S-30°S
-23.19739,46.51086,336.84,0.43,0.38,2026-04-21,1051,N,VIIRS,n,2.0NRT,299.88,3.52,Day,VIIRS_SNPP_NRT,,,2026,4,21,Spring,30°S-0°
58.09541,106.54298,330.8,0.51,0.66,2026-04-22,2049,N21,VIIRS,n,2.0NRT,263.39,6.18,Night,VIIRS_NOAA21_NRT,,,2026,4,22,Spring,30°N-60°N
32.15164,-101.96133,297.05,0.38,0.59,2026-04-24,922,N20,VIIRS,n,2.0NRT,286.19,0.4,Night,VIIRS_NOAA20_NRT,,,2026,4,24,Spring,30°N-60°N
45.52991,-113.9682,351.64,0.51,0.41,2026-04-21,2049,N21,VIIRS,n,2.0NRT,306.26,15.35,Day,VIIRS_NOAA21_NRT,,,2026,4,21,Spring,30°N-60°N
22.67633,93.69891,367.0,0.37,0.58,2026-04-21,741,N,VIIRS,h,2.0NRT,299.95,17.79,Day,VIIRS_SNPP_NRT,,,2026,4,21,Spring,0°-30°N
27.00578,83.6031,340.56,0.42,0.38,2026-04-23,726,N20,VIIRS,l,2.0NRT,314.02,7.28,Day,VIIRS_NOAA20_NRT,,,2026,4,23,Spring,0°-30°N
-15.60229,126.31794,336.66,0.38,0.59,2026-04-22,550,N20,VIIRS,n,2.0NRT,301.3,4.21,Day,VIIRS_NOAA20_NRT,,,2026,4,22,Spring,30°S-0°
25.73325,83.11839,337.27,0.68,0.74,2026-04-22,835,N21,VIIRS,n,2.0NRT,303.8,7.01,Day,VIIRS_NOAA21_NRT,,,2026,4,22,Spring,0°-30°N
26.54096,83.16741,347.57,0.5,0.41,2026-04-22,726,N,VIIRS,n,2.0NRT,319.23,12.54,Day,VIIRS_SNPP_NRT,,,2026,4,22,Spring,0°-30°N
43.91339,127.38908,339.51,0.49,0.65,2026-04-23,527,N,VIIRS,n,2.0NRT,291.2,5.49,Day,VIIRS_SNPP_NRT,,,2026,4,23,Spring,30°N-60°N
-15.2326,126.25147,304.4,0.54,0.42,2026-04-22,1639,N,VIIRS,n,2.0NRT,290.05,0.46,Night,VIIRS_SNPP_NRT,,,2026,4,22,Spring,30°S-0°
31.12926,-89.50258,346.22,0.45,0.39,2026-04-23,1917,N20,VIIRS,n,2.0NRT,301.04,9.82,Day,VIIRS_NOAA20_NRT,,,2026,4,23,Spring,30°N-60°N
27.34617,82.95213,342.54,0.54,0.42,2026-04-24,756,N21,VIIRS,n,2.0NRT,311.1,9.5,Day,VIIRS_NOAA21_NRT,,,2026,4,24,Spring,0°-30°N
-14.32144,130.37166,337.42,0.55,0.42,2026-04-24,514,N20,VIIRS,n,2.0NRT,299.29,5.64,Day,VIIRS_NOAA20_NRT,,,2026,4,24,Spring,30°S-0°
-19.59125,122.20095,347.7,0.38,0.36,2026-04-23,531,N20,VIIRS,n,2.0NRT,318.02,5.37,Day,VIIRS_NOAA20_NRT,,,2026,4,23,Spring,30°S-0°
27.46725,84.75439,303.45,0.39,0.36,2026-04-22,2010,N20,VIIRS,n,2.0NRT,292.86,0.5,Night,VIIRS_NOAA20_NRT,,,2026,4,22,Spring,0°-30°N
29.68779,6.6985,304.54,0.65,0.73,2026-04-23,22,N21,VIIRS,n,2.0NRT,288.98,2.11,Night,VIIRS_NOAA21_NRT,,,2026,4,23,Spring,0°-30°N
51.70241,61.68937,343.61,0.36,0.57,2026-04-22,932,N20,VIIRS,n,2.0NRT,293.63,2.85,Day,VIIRS_NOAA20_NRT,,,2026,4,22,Spring,30°N-60°N
13.03881,106.62299,331.3,0.38,0.59,2026-04-22,540,N,VIIRS,n,2.0NRT,300.46,5.17,Day,VIIRS_SNPP_NRT,,,2026,4,22,Spring,0°-30°N
-8.35377,25.19098,335.65,0.39,0.36,2026-04-22,1147,N21,VIIRS,n,2.0NRT,299.09,3.6,Day,VIIRS_NOAA21_NRT,,,2026,4,22,Spring,30°S-0°
17.1234,-91.07077,,1.6,1.25,2026-04-24,2057,Aqua,MODIS,84,6.1NRT,,45.86,Day,MODIS_NRT,332.57,303.88,2026,4,24,Spring,0°-30°N
22.32517,97.31098,351.4,0.63,0.54,2026-04-22,724,N,VIIRS,n,2.0NRT,302.26,12.29,Day,VIIRS_SNPP_NRT,,,2026,4,22,Spring,0°-30°N
22.3592,79.78926,342.56,0.5,0.41,2026-04-21,744,N,VIIRS,l,2.0NRT,316.41,7.09,Day,VIIRS_SNPP_NRT,,,2026,4,21,Spring,0°-30°N
24.88478,76.58209,309.28,0.55,0.68,2026-04-22,1951,N,VIIRS,n,2.0NRT,291.06,1.29,Night,VIIRS_SNPP_NRT,,,2026,4,22,Spring,0°-30°N
17.41436,82.60603,330.99,0.44,0.38,2026-04-25,733,N21,VIIRS,l,2.0NRT,300.05,4.11,Day,VIIRS_NOAA21_NRT,,,2026,4,25,Spring,0°-30°N
32.59628,47.54546,344.06,0.47,0.64,2026-04-22,907,N,VIIRS,n,2.0NRT,302.88,4.58,Day,VIIRS_SNPP_NRT,,,2026,4,22,Spring,30°N-60°N
27.48325,84.40633,309.79,0.39,0.44,2026-04-22,1949,N,VIIRS,n,2.0NRT,295.65,2.73,Night,VIIRS_SNPP_NRT,,,2026,4,22,Spring,0°-30°N
-37.49416,140.26826,342.36,0.42,0.38,2026-04-21,421,N20,VIIRS,n,2.0NRT,300.41,21.38,Day,VIIRS_NOAA20_NRT,,,2026,4,21,Spring,60°S-30°S
19.28545,100.50658,331.96,0.36,0.57,2026-04-21,709,N21,VIIRS,n,2.0NRT,296.61,2.61,Day,VIIRS_NOAA21_NRT,,,2026,4,21,Spring,0°-30°N
52.10805,82.33649,350.13,0.39,0.44,2026-04-25,744,N21,VIIRS,n,2.0NRT,310.92,10.31,Day,VIIRS_NOAA21_NRT,,,2026,4,25,Spring,30°N-60°N
18.42664,-101.14822,335.05,0.42,0.45,2026-04-22,2021,N21,VIIRS,l,2.0NRT,308.4,5.87,Day,VIIRS_NOAA21_NRT,,,2026,4,22,Spring,0°-30°N
13.37422,37.85779,348.84,0.43,0.38,2026-04-21,1104,N,VIIRS,n,2.0NRT,316.05,14.64,Day,VIIRS_SNPP_NRT,,,2026,4,21,Spring,0°-30°N
21.603,70.22504,300.59,0.39,0.44,2026-04-21,2121,N21,VIIRS,n,2.0NRT,290.39,0.54,Night,VIIRS_NOAA21_NRT,,,2026,4,21,Spring,0°-30°N
21.95489,77.23018,353.22,0.46,0.64,2026-04-22,724,N,VIIRS,n,2.0NRT,306.85,6.48,Day,VIIRS_SNPP_NRT,,,2026,4,22,Spring,0°-30°N
9.16409,-65.52592,344.15,0.45,0.47,2026-04-21,1809,N20,VIIRS,n,2.0NRT,299.96,4.17,Day,VIIRS_NOAA20_NRT,,,2026,4,21,Spring,0°-30°N
12.20275,28.53074,334.7,0.39,0.36,2026-04-22,2337,N20,VIIRS,n,2.0NRT,293.16,4.41,Night,VIIRS_NOAA20_NRT,,,2026,4,22,Spring,0°-30°N
8.74372,-12.55334,336.79,0.58,0.52,2026-04-23,1348,N,VIIRS,n,2.0NRT,297.21,8.45,Day,VIIRS_SNPP_NRT,,,2026,4,23,Spring,0°-30°N
12.37718,25.54849,367.0,0.43,0.62,2026-04-25,1056,N21,VIIRS,h,2.0NRT,321.2,26.34,Day,VIIRS_NOAA21_NRT,,,2026,4,25,Spring,0°-30°N
6.32077,6.11949,,1.03,1.02,2026-04-25,1457,Aqua,MODIS,68,6.1NRT,,9.19,Day,MODIS_NRT,316.45,288.42,2026,4,25,Spring,0°-30°N
13.76882,78.63755,341.45,0.5,0.41,2026-04-24,824,N,VIIRS,l,2.0NRT,313.46,7.48,Day,VIIRS_SNPP_NRT,,,2026,4,24,Spring,0°-30°N
10.5109,6.54045,343.61,0.4,0.45,2026-04-23,1314,N21,VIIRS,n,2.0NRT,312.88,6.62,Day,VIIRS_NOAA21_NRT,,,2026,4,23,Spring,0°-30°N
14.75563,104.40705,350.44,0.51,0.49,2026-04-25,553,N21,VIIRS,n,2.0NRT,295.24,21.25,Day,VIIRS_NOAA21_NRT,,,2026,4,25,Spring,0°-30°N
39.81183,98.29298,318.08,0.48,0.4,2026-04-22,1947,N,VIIRS,n,2.0NRT,283.67,2.29,Night,VIIRS_SNPP_NRT,,,2026,4,22,Spring,30°N-60°N
47.86451,33.43125,367.0,0.55,0.68,2026-04-23,2250,N,VIIRS,h,2.0NRT,274.75,8.87,Night,VIIRS_SNPP_NRT,,,2026,4,23,Spring,30°N-60°N
18.95771,97.86806,339.62,0.45,0.39,2026-04-23,631,N21,VIIRS,n,2.0NRT,306.75,7.24,Day,VIIRS_NOAA21_NRT,,,2026,4,23,Spring,0°-30°N
28.15605,81.96141,330.26,0.47,0.4,2026-04-23,726,N20,VIIRS,n,2.0NRT,305.16,1.57,Day,VIIRS_NOAA20_NRT,,,2026,4,23,Spring,0°-30°N
14.15403,122.80679,331.96,0.54,0.42,2026-04-23,449,N21,VIIRS,n,2.0NRT,300.84,7.41,Day,VIIRS_NOAA21_NRT,,,2026,4,23,Spring,0°-30°N
25.40143,83.97245,355.06,0.76,0.77,2026-04-23,633,N21,VIIRS,n,2.0NRT,309.92,24.9,Day,VIIRS_NOAA21_NRT,,,2026,4,23,Spring,0°-30°N
28.78786,81.53489,312.97,0.77,0.77,2026-04-22,1917,N21,VIIRS,n,2.0NRT,290.39,3.38,Night,VIIRS_NOAA21_NRT,,,2026,4,22,Spring,0°-30°N
8.81965,16.16944,336.08,0.41,0.61,2026-04-24,1255,N21,VIIRS,n,2.0NRT,297.41,2.36,Day,VIIRS_NOAA21_NRT,,,2026,4,24,Spring,0°-30°N
15.95737,-92.54336,339.41,0.43,0.46,2026-04-21,1949,N20,VIIRS,n,2.0NRT,297.49,8.57,Day,VIIRS_NOAA20_NRT,,,2026,4,21,Spring,0°-30°N
25.57585,84.06097,344.05,0.39,0.44,2026-04-24,756,N21,VIIRS,n,2.0NRT,316.39,7.46,Day,VIIRS_NOAA21_NRT,,,2026,4,24,Spring,0°-30°N
10.02952,33.29437,340.38,0.49,0.4,2026-04-25,1128,N,VIIRS,n,2.0NRT,307.92,16.26,Day,VIIRS_SNPP_NRT,,,2026,4,25,Spring,0°-30°N
12.34047,-85.7474,345.41,0.5,0.41,2026-04-23,1851,N,VIIRS,n,2.0NRT,299.4,12.65,Day,VIIRS_SNPP_NRT,,,2026,4,23,Spring,0°-30°N
-20.46354,-45.57364,305.17,0.49,0.48,2026-04-25,353,N,VIIRS,n,2.0NRT,289.56,1.28,Night,VIIRS_SNPP_NRT,,,2026,4,25,Spring,30°S-0°
14.89883,100.1976,332.6,0.38,0.36,2026-04-24,644,N,VIIRS,l,2.0NRT,303.94,1.96,Day,VIIRS_SNPP_NRT,,,2026,4,24,Spring,0°-30°N
22.98248,93.33774,339.69,0.4,0.37,2026-04-24,705,N20,VIIRS,n,2.0NRT,305.89,3.21,Day,VIIRS_NOAA20_NRT,,,2026,4,24,Spring,0°-30°N
1.39401,18.36613,334.28,0.55,0.51,2026-04-22,1242,N20,VIIRS,n,2.0NRT,270.9,5.43,Day,VIIRS_NOAA20_NRT,,,2026,4,22,Spring,0°-30°N
-33.79327,116.07305,310.45,0.39,0.36,2026-04-21,1724,N20,VIIRS,n,2.0NRT,278.95,1.14,Night,VIIRS_NOAA20_NRT,,,2026,4,21,Spring,60°S-30°S
35.88406,50.08511,331.64,0.38,0.36,2026-04-24,941,N21,VIIRS,l,2.0NRT,305.22,2.98,Day,VIIRS_NOAA21_NRT,,,2026,4,24,Spring,30°N-60°N
19.09027,-90.57185,330.18,0.66,0.73,2026-04-24,2017,N,VIIRS,l,2.0NRT,304.4,6.8,Day,VIIRS_SNPP_NRT,,,2026,4,24,Spring,0°-30°N
24.88284,81.17913,367.0,0.32,0.55,2026-04-24,828,N,VIIRS,h,2.0NRT,320.24,8.13,Day,VIIRS_SNPP_NRT,,,2026,4,24,Spring,0°-30°N
17.17828,99.82519,310.11,0.44,0.39,2026-04-24,1917,N,VIIRS,n,2.0NRT,291.42,0.83,Night,VIIRS_SNPP_NRT,,,2026,4,24,Spring,0°-30°N
9.65161,-63.6373,318.71,0.33,0.55,2026-04-24,514,N21,VIIRS,n,2.0NRT,277.19,2.98,Night,VIIRS_NOAA21_NRT,,,2026,4,24,Spring,0°-30°N
24.91798,78.83,367.0,0.57,0.69,2026-04-24,848,N20,VIIRS,h,2.0NRT,315.51,12.63,Day,VIIRS_NOAA20_NRT,,,2026,4,24,Spring,0°-30°N
-23.25948,144.19577,300.71,0.39,0.36,2026-04-21,1539,N20,VIIRS,n,2.0NRT,290.19,0.7,Night,VIIRS_NOAA20_NRT,,,2026,4,21,Spring,30°S-0°
20.01993,100.17149,331.45,0.35,0.57,2026-04-21,709,N21,VIIRS,n,2.0NRT,297.43,18.47,Day,VIIRS_NOAA21_NRT,,,2026,4,21,Spring,0°-30°N
33.81403,-118.23746,298.18,0.54,0.68,2026-04-23,848,N21,VIIRS,n,2.0NRT,286.64,2.07,Night,VIIRS_NOAA21_NRT,,,2026,4,23,Spring,30°N-60°N
38.20254,-98.43655,,1.78,1.31,2026-04-24,2101,Aqua,MODIS,82,6.1NRT,,46.43,Day,MODIS_NRT,328.89,306.34,2026,4,24,Spring,30°N-60°N
18.70918,98.78215,308.32,0.35,0.56,2026-04-21,1940,N21,VIIRS,n,2.0NRT,292.01,1.56,Night,VIIRS_NOAA21_NRT,,,2026,4,21,Spring,0°-30°N
-2.58081,121.37356,346.29,0.32,0.55,2026-04-23,1758,N,VIIRS,n,2.0NRT,290.48,29.97,Night,VIIRS_SNPP_NRT,,,2026,4,23,Spring,30°S-0°
11.88781,-11.86659,333.36,0.39,0.59,2026-04-25,1450,N,VIIRS,l,2.0NRT,303.91,6.34,Day,VIIRS_SNPP_NRT,,,2026,4,25,Spring,0°-30°N
10.01363,124.24883,339.98,0.44,0.38,2026-04-23,521,N,VIIRS,n,2.0NRT,299.1,2.71,Day,VIIRS_SNPP_NRT,,,2026,4,23,Spring,0°-30°N
15.329,-4.33552,351.38,0.39,0.44,2026-04-21,1353,N21,VIIRS,n,2.0NRT,320.03,15.83,Day,VIIRS_NOAA21_NRT,,,2026,4,21,Spring,0°-30°N
53.18932,83.77215,332.03,0.39,0.36,2026-04-22,659,N21,VIIRS,n,2.0NRT,294.42,12.13,Day,VIIRS_NOAA21_NRT,,,2026,4,22,Spring,30°N-60°N
-22.70643,-43.82449,331.51,0.52,0.42,2026-04-23,1700,N,VIIRS,n,2.0NRT,300.7,3.96,Day,VIIRS_SNPP_NRT,,,2026,4,23,Spring,30°S-0°
23.58252,95.20821,332.3,0.47,0.4,2026-04-24,705,N20,VIIRS,l,2.0NRT,307.06,1.95,Day,VIIRS_NOAA20_NRT,,,2026,4,24,Spring,0°-30°N
32.52334,48.22186,297.51,0.44,0.46,2026-04-21,2210,N20,VIIRS,n,2.0NRT,285.84,0.33,Night,VIIRS_NOAA20_NRT,,,2026,4,21,Spring,30°N-60°N
46.459,49.63516,331.87,0.35,0.57,2026-04-22,1019,N21,VIIRS,l,2.0NRT,305.73,3.56,Day,VIIRS_NOAA21_NRT,,,2026,4,22,Spring,30°N-60°N
62.38635,76.63714,319.61,0.45,0.39,2026-04-24,2153,N21,VIIRS,n,2.0NRT,269.7,2.64,Night,VIIRS_NOAA21_NRT,,,2026,4,24,Spring,60°N-90°N
23.6331,84.52291,309.08,0.35,0.57,2026-04-23,2042,N21,VIIRS,n,2.0NRT,297.62,3.42,Night,VIIRS_NOAA21_NRT,,,2026,4,23,Spring,0°-30°N
27.56125,82.83392,348.97,0.43,0.46,2026-04-21,712,N21,VIIRS,n,2.0NRT,318.85,8.44,Day,VIIRS_NOAA21_NRT,,,2026,4,21,Spring,0°-30°N
16.98448,95.8549,345.62,0.42,0.37,2026-04-25,644,N20,VIIRS,l,2.0NRT,307.26,9.37,Day,VIIRS_NOAA20_NRT,,,2026,4,25,Spring,0°-30°N
13.99457,108.03002,296.46,0.57,0.69,2026-04-25,1737,N20,VIIRS,n,2.0NRT,267.13,0.75,Night,VIIRS_NOAA20_NRT,,,2026,4,25,Spring,0°-30°N
8.22194,-62.80283,339.23,0.54,0.42,2026-04-21,1715,N21,VIIRS,n,2.0NRT,297.25,28.46,Day,VIIRS_NOAA21_NRT,,,2026,4,21,Spring,0°-30°N
27.68978,83.62585,308.89,0.51,0.41,2026-04-21,2029,N20,VIIRS,n,2.0NRT,295.96,3.18,Night,VIIRS_NOAA20_NRT,,,2026,4,21,Spring,0°-30°N
15.47072,78.29205,336.26,0.5,0.49,2026-04-22,830,N21,VIIRS,l,2.0NRT,310.38,11.34,Day,VIIRS_NOAA21_NRT,,,2026,4,22,Spring,0°-30°N
39.46645,52.72977,301.42,0.39,0.44,2026-04-24,2252,N20,VIIRS,n,2.0NRT,283.93,0.5,Night,VIIRS_NOAA20_NRT,,,2026,4,24,Spring,30°N-60°N
10.40607,77.11759,338.73,0.39,0.44,2026-04-24,752,N21,VIIRS,n,2.0NRT,299.29,5.62,Day,VIIRS_NOAA21_NRT,,,2026,4,24,Spring,0°-30°N
20.85282,101.68858,337.87,0.46,0.39,2026-04-24,646,N,VIIRS,n,2.0NRT,305.68,3.69,Day,VIIRS_SNPP_NRT,,,2026,4,24,Spring,0°-30°N
-15.3296,131.50613,340.37,0.43,0.62,2026-04-22,410,N20,VIIRS,n,2.0NRT,294.72,9.26,Day,VIIRS_NOAA20_NRT,,,2026,4,22,Spring,30°S-0°
24.06863,78.03347,314.42,0.36,0.57,2026-04-23,1951,N20,VIIRS,n,2.0NRT,292.34,0.77,Night,VIIRS_NOAA20_NRT,,,2026,4,23,Spring,0°-30°N
-7.39691,23.87204,352.34,0.54,0.42,2026-04-22,1219,N,VIIRS,n,2.0NRT,297.5,48.45,Day,VIIRS_SNPP_NRT,,,2026,4,22,Spring,30°S-0°
12.10481,31.99968,336.98,0.53,0.67,2026-04-24,1026,N20,VIIRS,n,2.0NRT,304.46,15.71,Day,VIIRS_NOAA20_NRT,,,2026,4,24,Spring,0°-30°N
41.406,1.99794,301.0,0.47,0.4,2026-04-24,213,N,VIIRS,n,2.0NRT,284.7,1.09,Night,VIIRS_SNPP_NRT,,,2026,4,24,Spring,30°N-60°N
25.33146,78.29915,,1.0,1.0,2026-04-22,949,Aqua,MODIS,68,6.1NRT,,11.74,Day,MODIS_NRT,332.52,319.71,2026,4,22,Spring,0°-30°N
12.8903,-86.48633,330.8,0.39,0.44,2026-04-21,1930,N,VIIRS,n,2.0NRT,297.29,5.24,Day,VIIRS_SNPP_NRT,,,2026,4,21,Spring,0°-30°N
33.07062,112.14793,340.09,0.41,0.37,2026-04-24,527,N20,VIIRS,n,2.0NRT,301.1,5.11,Day,VIIRS_NOAA20_NRT,,,2026,4,24,Spring,30°N-60°N
-12.53572,-48.26825,,1.18,1.08,2026-04-23,1832,Aqua,MODIS,29,6.1NRT,,5.97,Day,MODIS_NRT,312.08,300.1,2026,4,23,Spring,30°S-0°
-4.2469,104.06843,332.64,0.44,0.39,2026-04-22,644,N21,VIIRS,n,2.0NRT,292.94,5.49,Day,VIIRS_NOAA21_NRT,,,2026,4,22,Spring,30°S-0°
-5.05451,24.38272,,1.35,1.15,2026-04-21,1359,Aqua,MODIS,73,6.1NRT,,21.42,Day,MODIS_NRT,321.46,293.92,2026,4,21,Spring,30°S-0°
13.93549,108.72019,350.33,0.41,0.61,2026-04-25,644,N20,VIIRS,n,2.0NRT,290.05,7.43,Day,VIIRS_NOAA20_NRT,,,2026,4,25,Spring,0°-30°N
13.29202,78.83448,339.42,0.39,0.36,2026-04-21,801,N20,VIIRS,l,2.0NRT,312.55,3.04,Day,VIIRS_NOAA20_NRT,,,2026,4,21,Spring,0°-30°N
24.5401,94.81641,332.64,0.38,0.36,2026-04-22,652,N21,VIIRS,l,2.0NRT,306.49,2.84,Day,VIIRS_NOAA21_NRT,,,2026,4,22,Spring,0°-30°N
43.68128,95.03413,295.0,0.69,0.74,2026-04-22,2053,N21,VIIRS,n,2.0NRT,283.89,6.66,Night,VIIRS_NOAA21_NRT,,,2026,4,22,Spring,30°N-60°N
30.74939,-82.79848,356.16,0.4,0.44,2026-04-21,1813,N20,VIIRS,n,2.0NRT,312.15,13.99,Day,VIIRS_NOAA20_NRT,,,2026,4,21,Spring,30°N-60°N
24.29326,80.90549,324.27,0.41,0.37,2026-04-22,2012,N20,VIIRS,n,2.0NRT,293.91,2.29,Night,VIIRS_NOAA20_NRT,,,2026,4,22,Spring,0°-30°N
25.3632,83.89021,349.13,0.49,0.49,2026-04-24,705,N20,VIIRS,n,2.0NRT,318.47,12.13,Day,VIIRS_NOAA20_NRT,,,2026,4,24,Spring,0°-30°N
-14.77491,125.35755,336.44,0.56,0.69,2026-04-24,601,N21,VIIRS,n,2.0NRT,299.39,7.58,Day,VIIRS_NOAA21_NRT,,,2026,4,24,Spring,30°S-0°
13.76156,-86.69917,336.01,0.46,0.39,2026-04-24,1853,N20,VIIRS,l,2.0NRT,305.79,5.94,Day,VIIRS_NOAA20_NRT,,,2026,4,24,Spring,0°-30°N
53.16833,83.2058,325.7,0.51,0.49,2026-04-22,752,N20,VIIRS,n,2.0NRT,284.82,3.16,Day,VIIRS_NOAA20_NRT,,,2026,4,22,Spring,30°N-60°N
30.14848,75.32246,341.49,0.44,0.46,2026-04-25,737,N21,VIIRS,l,2.0NRT,311.89,5.21,Day,VIIRS_NOAA21_NRT,,,2026,4,25,Spring,30°N-60°N
45.245,128.69641,328.61,0.34,0.56,2026-04-24,510,N,VIIRS,n,2.0NRT,295.99,3.06,Day,VIIRS_SNPP_NRT,,,2026,4,24,Spring,30°N-60°N
8.73214,-11.75466,346.9,0.35,0.57,2026-04-21,1444,N20,VIIRS,n,2.0NRT,288.99,3.88,Day,VIIRS_NOAA20_NRT,,,2026,4,21,Spring,0°-30°N
17.13481,96.76587,330.9,0.53,0.5,2026-04-25,625,N,VIIRS,n,2.0NRT,300.43,2.5,Day,VIIRS_SNPP_NRT,,,2026,4,25,Spring,0°-30°N
25.16612,76.95896,342.27,0.69,0.75,2026-04-22,907,N,VIIRS,l,2.0NRT,314.62,9.61,Day,VIIRS_SNPP_NRT,,,2026,4,22,Spring,0°-30°N
37.07307,111.79907,296.06,0.46,0.47,2026-04-23,1856,N21,VIIRS,n,2.0NRT,284.25,1.53,Night,VIIRS_NOAA21_NRT,,,2026,4,23,Spring,30°N-60°N
18.5154,-102.32176,344.41,0.46,0.47,2026-04-23,2036,N,VIIRS,n,2.0NRT,307.54,10.46,Day,VIIRS_SNPP_NRT,,,2026,4,23,Spring,0°-30°N
-14.62579,125.15646,349.24,0.53,0.5,2026-04-25,544,N21,VIIRS,n,2.0NRT,311.9,33.02,Day,VIIRS_NOAA21_NRT,,,2026,4,25,Spring,30°S-0°
-6.36777,25.14117,,1.08,1.04,2026-04-23,1338,Aqua,MODIS,69,6.1NRT,,9.46,Day,MODIS_NRT,313.89,288.08,2026,4,23,Spring,30°S-0°
25.62815,79.96056,348.42,0.44,0.39,2026-04-21,744,N,VIIRS,l,2.0NRT,320.83,20.22,Day,VIIRS_SNPP_NRT,,,2026,4,21,Spring,0°-30°N
14.52507,100.26681,367.0,0.39,0.59,2026-04-22,722,N,VIIRS,h,2.0NRT,298.94,11.88,Day,VIIRS_SNPP_NRT,,,2026,4,22,Spring,0°-30°N
45.00129,48.47998,338.05,0.59,0.53,2026-04-22,1019,N21,VIIRS,n,2.0NRT,283.68,11.7,Day,VIIRS_NOAA21_NRT,,,2026,4,22,Spring,30°N-60°N
20.0427,83.9164,305.43,0.43,0.46,2026-04-21,1940,N21,VIIRS,n,2.0NRT,293.91,1.6,Night,VIIRS_NOAA21_NRT,,,2026,4,21,Spring,0°-30°N
8.68268,28.70045,367.0,0.48,0.48,2026-04-22,1151,N21,VIIRS,h,2.0NRT,299.56,13.41,Day,VIIRS_NOAA21_NRT,,,2026,4,22,Spring,0°-30°N
18.67268,101.97674,343.67,0.48,0.48,2026-04-22,601,N20,VIIRS,n,2.0NRT,295.04,11.47,Day,VIIRS_NOAA20_NRT,,,2026,4,22,Spring,0°-30°N
23.10192,83.3108,340.08,0.56,0.43,2026-04-22,724,N,VIIRS,l,2.0NRT,313.56,10.99,Day,VIIRS_SNPP_NRT,,,2026,4,22,Spring,0°-30°N
42.01406,123.21679,337.13,0.36,0.57,2026-04-21,353,N21,VIIRS,n,2.0NRT,303.35,2.49,Day,VIIRS_NOAA21_NRT,,,2026,4,21,Spring,30°N-60°N
-18.08472,124.01229,367.0,0.43,0.38,2026-04-24,512,N20,VIIRS,h,2.0NRT,314.12,11.03,Day,VIIRS_NOAA20_NRT,,,2026,4,24,Spring,30°S-0°
17.73124,73.64341,330.11,0.49,0.49,2026-04-24,754,N21,VIIRS,l,2.0NRT,303.8,4.54,Day,VIIRS_NOAA21_NRT,,,2026,4,24,Spring,0°-30°N
30.25579,78.76494,309.05,0.39,0.36,2026-04-21,2027,N20,VIIRS,n,2.0NRT,290.89,1.18,Night,VIIRS_NOAA20_NRT,,,2026,4,21,Spring,30°N-60°N
23.60682,80.54717,341.95,0.53,0.5,2026-04-22,724,N,VIIRS,l,2.0NRT,314.7,5.08,Day,VIIRS_SNPP_NRT,,,2026,4,22,Spring,0°-30°N
11.03914,-11.44207,330.2,0.38,0.58,2026-04-25,1329,N20,VIIRS,l,2.0NRT,301.3,2.42,Day,VIIRS_NOAA20_NRT,,,2026,4,25,Spring,0°-30°N
20.24349,97.85311,345.29,0.41,0.45,2026-04-21,620,N20,VIIRS,n,2.0NRT,312.54,10.89,Day,VIIRS_NOAA20_NRT,,,2026,4,21,Spring,0°-30°N
52.6303,66.25352,351.39,0.36,0.57,2026-04-23,913,N20,VIIRS,n,2.0NRT,297.18,5.38,Day,VIIRS_NOAA20_NRT,,,2026,4,23,Spring,30°N-60°N
23.41184,97.0523,298.69,0.46,0.39,2026-04-23,1900,N21,VIIRS,n,2.0NRT,284.04,0.19,Night,VIIRS_NOAA21_NRT,,,2026,4,23,Spring,0°-30°N
24.63932,85.95027,345.31,0.5,0.41,2026-04-22,744,N20,VIIRS,n,2.0NRT,314.22,5.68,Day,VIIRS_NOAA20_NRT,,,2026,4,22,Spring,0°-30°N
17.18595,-91.14075,339.16,0.4,0.37,2026-04-21,1932,N,VIIRS,n,2.0NRT,297.78,12.06,Day,VIIRS_SNPP_NRT,,,2026,4,21,Spring,0°-30°N
23.84969,78.23667,300.83,0.43,0.62,2026-04-22,1951,N,VIIRS,n,2.0NRT,289.4,0.51,Night,VIIRS_SNPP_NRT,,,2026,4,22,Spring,0°-30°N
-4.92153,11.37916,306.95,0.55,0.43,2026-04-21,20,N20,VIIRS,n,2.0NRT,284.55,1.14,Night,VIIRS_NOAA20_NRT,,,2026,4,21,Spring,30°S-0°
50.05749,-110.73046,320.2,0.4,0.37,2026-04-21,922,N21,VIIRS,n,2.0NRT,280.87,2.18,Night,VIIRS_NOAA21_NRT,,,2026,4,21,Spring,30°N-60°N
-3.53761,126.72005,341.32,0.38,0.36,2026-04-22,501,N21,VIIRS,n,2.0NRT,295.77,4.79,Day,VIIRS_NOAA21_NRT,,,2026,4,22,Spring,30°S-0°
20.31361,102.86404,302.98,0.4,0.37,2026-04-24,1841,N21,VIIRS,n,2.0NRT,290.91,0.8,Night,VIIRS_NOAA21_NRT,,,2026,4,24,Spring,0°-30°N
12.93524,-83.58278,332.52,0.55,0.43,2026-04-23,1910,N20,VIIRS,n,2.0NRT,296.23,6.02,Day,VIIRS_NOAA20_NRT,,,2026,4,23,Spring,0°-30°N
31.95348,11.14433,296.2,0.41,0.37,2026-04-23,113,N20,VIIRS,n,2.0NRT,283.58,0.9,Night,VIIRS_NOAA20_NRT,,,2026,4,23,Spring,30°N-60°N
23.83543,53.65998,344.18,0.43,0.62,2026-04-21,852,N21,VIIRS,n,2.0NRT,305.99,5.17,Day,VIIRS_NOAA21_NRT,,,2026,4,21,Spring,0°-30°N
28.52163,76.4964,346.29,0.41,0.45,2026-04-25,737,N21,VIIRS,n,2.0NRT,314.7,15.65,Day,VIIRS_NOAA21_NRT,,,2026,4,25,Spring,0°-30°N
3.19821,113.70518,345.2,0.47,0.4,2026-04-23,538,N20,VIIRS,n,2.0NRT,294.94,10.74,Day,VIIRS_NOAA20_NRT,,,2026,4,23,Spring,0°-30°N
-14.13704,126.47293,367.0,0.41,0.45,2026-04-24,453,N,VIIRS,h,2.0NRT,305.2,16.21,Day,VIIRS_SNPP_NRT,,,2026,4,24,Spring,30°S-0°
29.91346,121.87908,296.23,0.41,0.37,2026-04-25,1732,N20,VIIRS,n,2.0NRT,286.22,0.58,Night,VIIRS_NOAA20_NRT,,,2026,4,25,Spring,0°-30°N
25.33685,83.8373,346.78,0.78,0.78,2026-04-23,633,N21,VIIRS,n,2.0NRT,310.67,14.37,Day,VIIRS_NOAA21_NRT,,,2026,4,23,Spring,0°-30°N
44.56237,-98.20118,340.39,0.57,0.43,2026-04-24,1951,N21,VIIRS,n,2.0NRT,304.17,15.65,Day,VIIRS_NOAA21_NRT,,,2026,4,24,Spring,30°N-60°N
25.32784,83.47054,,1.11,1.05,2026-04-23,1514,Terra,MODIS,66,6.1NRT,,6.23,Night,MODIS_NRT,308.58,298.17,2026,4,23,Spring,0°-30°N
-6.83244,22.38037,334.4,0.46,0.39,2026-04-22,1219,N,VIIRS,n,2.0NRT,296.85,5.4,Day,VIIRS_SNPP_NRT,,,2026,4,22,Spring,30°S-0°
-38.2385,-72.07079,327.21,0.39,0.59,2026-04-25,1800,N,VIIRS,n,2.0NRT,284.87,4.08,Day,VIIRS_SNPP_NRT,,,2026,4,25,Spring,60°S-30°S
25.52756,75.58963,345.33,0.5,0.49,2026-04-21,744,N,VIIRS,n,2.0NRT,314.07,7.4,Day,VIIRS_SNPP_NRT,,,2026,4,21,Spring,0°-30°N
25.22656,84.14858,316.9,0.37,0.58,2026-04-23,1932,N,VIIRS,n,2.0NRT,293.93,1.25,Night,VIIRS_SNPP_NRT,,,2026,4,23,Spring,0°-30°N
31.4081,48.64672,352.02,0.47,0.48,2026-04-21,928,N,VIIRS,n,2.0NRT,297.53,6.67,Day,VIIRS_SNPP_NRT,,,2026,4,21,Spring,30°N-60°N
-17.90021,126.57658,308.32,0.42,0.45,2026-04-24,1711,N21,VIIRS,n,2.0NRT,293.59,0.9,Night,VIIRS_NOAA21_NRT,,,2026,4,24,Spring,30°S-0°
53.24276,83.88374,327.78,0.58,0.7,2026-04-21,540,N21,VIIRS,n,2.0NRT,280.14,12.98,Day,VIIRS_NOAA21_NRT,,,2026,4,21,Spring,30°N-60°N
19.83141,84.01524,330.29,0.62,0.54,2026-04-24,703,N20,VIIRS,l,2.0NRT,304.23,5.87,Day,VIIRS_NOAA20_NRT,,,2026,4,24,Spring,0°-30°N
21.31464,-104.05391,330.33,0.39,0.36,2026-04-25,845,N,VIIRS,n,2.0NRT,284.52,4.59,Night,VIIRS_SNPP_NRT,,,2026,4,25,Spring,0°-30°N
-4.05992,18.56059,340.17,0.5,0.49,2026-04-22,1147,N21,VIIRS,n,2.0NRT,282.3,19.14,Day,VIIRS_NOAA21_NRT,,,2026,4,22,Spring,30°S-0°
46.18726,129.21762,328.3,0.54,0.42,2026-04-24,438,N21,VIIRS,n,2.0NRT,294.1,3.87,Day,VIIRS_NOAA21_NRT,,,2026,4,24,Spring,30°N-60°N
24.50356,77.52834,347.37,0.42,0.45,2026-04-25,735,N21,VIIRS,l,2.0NRT,320.93,17.14,Day,VIIRS_NOAA21_NRT,,,2026,4,25,Spring,0°-30°N
56.1609,34.55021,335.68,0.46,0.39,2026-04-21,954,N20,VIIRS,n,2.0NRT,287.35,5.25,Day,VIIRS_NOAA20_NRT,,,2026,4,21,Spring,30°N-60°N
-15.47841,125.923,335.62,0.56,0.43,2026-04-25,453,N20,VIIRS,n,2.0NRT,301.48,11.53,Day,VIIRS_NOAA20_NRT,,,2026,4,25,Spring,30°S-0°
20.83412,74.60871,344.38,0.38,0.59,2026-04-25,735,N21,VIIRS,l,2.0NRT,316.11,9.26,Day,VIIRS_NOAA21_NRT,,,2026,4,25,Spring,0°-30°N
40.01403,68.44273,297.43,0.47,0.64,2026-04-23,2218,N21,VIIRS,n,2.0NRT,283.54,1.12,Night,VIIRS_NOAA21_NRT,,,2026,4,23,Spring,30°N-60°N
39.52964,53.40662,312.15,0.37,0.58,2026-04-23,2309,N20,VIIRS,n,2.0NRT,285.41,0.76,Night,VIIRS_NOAA20_NRT,,,2026,4,23,Spring,30°N-60°N
-15.56121,126.44938,340.12,0.39,0.44,2026-04-23,531,N20,VIIRS,n,2.0NRT,301.42,7.47,Day,VIIRS_NOAA20_NRT,,,2026,4,23,Spring,30°S-0°
17.92028,-88.32441,307.15,0.38,0.59,2026-04-24,652,N21,VIIRS,n,2.0NRT,292.3,1.29,Night,VIIRS_NOAA21_NRT,,,2026,4,24,Spring,0°-30°N
49.39022,-101.75938,307.39,0.59,0.7,2026-04-21,1013,N20,VIIRS,n,2.0NRT,270.8,1.56,Night,VIIRS_NOAA20_NRT,,,2026,4,21,Spring,30°N-60°N
-17.06187,128.19032,346.12,0.38,0.36,2026-04-23,512,N,VIIRS,n,2.0NRT,301.51,3.54,Day,VIIRS_SNPP_NRT,,,2026,4,23,Spring,30°S-0°
23.88397,109.58174,299.06,0.42,0.61,2026-04-24,1915,N,VIIRS,n,2.0NRT,287.74,0.56,Night,VIIRS_SNPP_NRT,,,2026,4,24,Spring,0°-30°N
22.8555,79.5173,344.85,0.52,0.5,2026-04-23,726,N20,VIIRS,l,2.0NRT,318.87,16.96,Day,VIIRS_NOAA20_NRT,,,2026,4,23,Spring,0°-30°N
-5.54618,25.25059,352.48,0.4,0.37,2026-04-23,1202,N,VIIRS,n,2.0NRT,296.34,10.29,Day,VIIRS_SNPP_NRT,,,2026,4,23,Spring,30°S-0°
11.96638,123.21019,337.79,0.48,0.4,2026-04-24,521,N20,VIIRS,n,2.0NRT,304.6,5.01,Day,VIIRS_NOAA20_NRT,,,2026,4,24,Spring,0°-30°N
23.83488,78.14584,303.12,0.35,0.57,2026-04-23,1951,N20,VIIRS,n,2.0NRT,291.89,0.25,Night,VIIRS_NOAA20_NRT,,,2026,4,23,Spring,0°-30°N
9.32137,31.66304,367.0,0.46,0.39,2026-04-22,1102,N20,VIIRS,h,2.0NRT,313.27,8.94,Day,VIIRS_NOAA20_NRT,,,2026,4,22,Spring,0°-30°N
16.74942,3.40186,367.0,0.41,0.61,2026-04-23,1348,N,VIIRS,h,2.0NRT,320.19,12.93,Day,VIIRS_SNPP_NRT,,,2026,4,23,Spring,0°-30°N
-19.51565,134.46831,367.0,0.33,0.55,2026-04-21,516,N21,VIIRS,h,2.0NRT,306.97,12.83,Day,VIIRS_NOAA21_NRT,,,2026,4,21,Spring,30°S-0°
29.13509,80.4952,343.11,0.52,0.41,2026-04-21,805,N20,VIIRS,n,2.0NRT,309.63,8.35,Day,VIIRS_NOAA20_NRT,,,2026,4,21,Spring,0°-30°N
16.49464,-93.09836,,1.42,1.18,2026-04-25,1531,Terra,MODIS,75,6.1NRT,,18.95,Day,MODIS_NRT,320.52,298.08,2026,4,25,Spring,0°-30°N
28.4137,81.55287,345.05,0.48,0.4,2026-04-23,726,N20,VIIRS,n,2.0NRT,308.04,9.33,Day,VIIRS_NOAA20_NRT,,,2026,4,23,Spring,0°-30°N
47.86134,84.62592,328.07,0.51,0.41,2026-04-22,2004,N20,VIIRS,n,2.0NRT,297.29,41.0,Night,VIIRS_NOAA20_NRT,,,2026,4,22,Spring,30°N-60°N
19.68918,73.0882,335.19,0.43,0.46,2026-04-24,845,N20,VIIRS,l,2.0NRT,309.72,5.73,Day,VIIRS_NOAA20_NRT,,,2026,4,24,Spring,0°-30°N
13.71875,106.18482,343.3,0.39,0.44,2026-04-21,1851,N20,VIIRS,n,2.0NRT,294.31,3.77,Night,VIIRS_NOAA20_NRT,,,2026,4,21,Spring,0°-30°N
-14.81404,126.02627,367.0,0.45,0.63,2026-04-25,434,N,VIIRS,h,2.0NRT,302.32,8.99,Day,VIIRS_SNPP_NRT,,,2026,4,25,Spring,30°S-0°
9.4821,-11.95147,350.92,0.35,0.57,2026-04-21,1444,N20,VIIRS,n,2.0NRT,298.2,53.37,Day,VIIRS_NOAA20_NRT,,,2026,4,21,Spring,0°-30°N
23.4081,77.65388,347.34,0.37,0.58,2026-04-23,845,N,VIIRS,n,2.0NRT,311.47,7.25,Day,VIIRS_SNPP_NRT,,,2026,4,23,Spring,0°-30°N
24.90804,83.85839,354.87,0.48,0.64,2026-04-24,828,N,VIIRS,n,2.0NRT,315.85,9.94,Day,VIIRS_SNPP_NRT,,,2026,4,24,Spring,0°-30°N
11.71196,-14.26639,367.0,0.43,0.38,2026-04-23,1408,N20,VIIRS,l,2.0NRT,325.18,42.18,Day,VIIRS_NOAA20_NRT,,,2026,4,23,Spring,0°-30°N
59.64702,6.36404,316.75,0.43,0.38,2026-04-23,228,N,VIIRS,n,2.0NRT,276.79,1.24,Night,VIIRS_SNPP_NRT,,,2026,4,23,Spring,30°N-60°N
44.03016,123.35931,341.59,0.39,0.36,2026-04-21,446,N20,VIIRS,n,2.0NRT,301.75,5.11,Day,VIIRS_NOAA20_NRT,,,2026,4,21,Spring,30°N-60°N
28.60478,80.84179,,1.13,1.06,2026-04-24,928,Aqua,MODIS,59,6.1NRT,,6.72,Day,MODIS_NRT,321.06,308.27,2026,4,24,Spring,0°-30°N
21.46767,84.40674,342.29,0.38,0.36,2026-04-25,735,N21,VIIRS,n,2.0NRT,311.2,3.33,Day,VIIRS_NOAA21_NRT,,,2026,4,25,Spring,0°-30°N
12.73477,104.64208,345.17,0.35,0.57,2026-04-23,701,N,VIIRS,n,2.0NRT,297.76,4.56,Day,VIIRS_SNPP_NRT,,,2026,4,23,Spring,0°-30°N
9.70232,-65.12673,299.97,0.58,0.52,2026-04-23,622,N20,VIIRS,n,2.0NRT,287.75,2.1,Night,VIIRS_NOAA20_NRT,,,2026,4,23,Spring,0°-30°N
53.04544,10.1009,334.35,0.34,0.56,2026-04-22,1255,N20,VIIRS,n,2.0NRT,295.52,4.72,Day,VIIRS_NOAA20_NRT,,,2026,4,22,Spring,30°N-60°N
8.47665,-9.98217,334.76,0.33,0.55,2026-04-25,1327,N20,VIIRS,n,2.0NRT,295.54,7.16,Day,VIIRS_NOAA20_NRT,,,2026,4,25,Spring,0°-30°N
8.1108,-81.62395,336.23,0.42,0.38,2026-04-21,1856,N21,VIIRS,n,2.0NRT,304.77,5.68,Day,VIIRS_NOAA21_NRT,,,2026,4,21,Spring,0°-30°N
14.76814,-83.57801,313.7,0.35,0.56,2026-04-25,633,N21,VIIRS,n,2.0NRT,292.77,1.03,Night,VIIRS_NOAA21_NRT,,,2026,4,25,Spring,0°-30°N
23.71639,80.04985,341.46,0.41,0.61,2026-04-22,833,N21,VIIRS,n,2.0NRT,312.75,3.06,Day,VIIRS_NOAA21_NRT,,,2026,4,22,Spring,0°-30°N
42.626,128.11462,332.01,0.45,0.39,2026-04-23,408,N20,VIIRS,n,2.0NRT,297.53,2.73,Day,VIIRS_NOAA20_NRT,,,2026,4,23,Spring,30°N-60°N
46.38884,114.00706,330.03,0.5,0.41,2026-04-21,536,N21,VIIRS,n,2.0NRT,298.39,11.36,Day,VIIRS_NOAA21_NRT,,,2026,4,21,Spring,30°N-60°N
19.24238,-90.24338,333.08,0.48,0.64,2026-04-24,1836,N,VIIRS,n,2.0NRT,302.41,5.33,Day,VIIRS_SNPP_NRT,,,2026,4,24,Spring,0°-30°N
20.54144,95.9789,322.17,0.6,0.7,2026-04-21,1830,N,VIIRS,n,2.0NRT,291.3,3.75,Night,VIIRS_SNPP_NRT,,,2026,4,21,Spring,0°-30°N
18.31207,80.65192,336.41,0.51,0.41,2026-04-21,741,N,VIIRS,n,2.0NRT,301.79,3.1,Day,VIIRS_SNPP_NRT,,,2026,4,21,Spring,0°-30°N
18.07886,95.82133,367.0,0.45,0.63,2026-04-21,739,N,VIIRS,h,2.0NRT,302.83,12.3,Day,VIIRS_SNPP_NRT,,,2026,4,21,Spring,0°-30°N
44.46387,127.90592,,1.0,1.0,2026-04-24,616,Aqua,MODIS,38,6.1NRT,,10.18,Day,MODIS_NRT,316.79,296.61,2026,4,24,Spring,30°N-60°N
10.80665,30.02564,346.59,0.4,0.44,2026-04-24,1147,N,VIIRS,l,2.0NRT,319.26,11.19,Day,VIIRS_SNPP_NRT,,,2026,4,24,Spring,0°-30°N
18.48435,-96.21047,346.5,0.39,0.36,2026-04-24,1945,N21,VIIRS,n,2.0NRT,311.41,8.22,Day,VIIRS_NOAA21_NRT,,,2026,4,24,Spring,0°-30°N
10.58546,106.18387,331.96,0.44,0.46,2026-04-21,557,N,VIIRS,n,2.0NRT,299.65,3.69,Day,VIIRS_SNPP_NRT,,,2026,4,21,Spring,0°-30°N
23.92137,96.41331,347.27,0.4,0.37,2026-04-22,652,N21,VIIRS,n,2.0NRT,314.41,5.74,Day,VIIRS_NOAA21_NRT,,,2026,4,22,Spring,0°-30°N
21.15372,83.23905,348.62,0.39,0.36,2026-04-25,735,N21,VIIRS,l,2.0NRT,317.85,8.83,Day,VIIRS_NOAA21_NRT,,,2026,4,25,Spring,0°-30°N
18.47651,73.62697,333.06,0.74,0.76,2026-04-25,915,N21,VIIRS,n,2.0NRT,290.33,5.15,Day,VIIRS_NOAA21_NRT,,,2026,4,25,Spring,0°-30°N
22.05187,79.13373,306.15,0.71,0.75,2026-04-23,1934,N,VIIRS,n,2.0NRT,290.44,1.73,Night,VIIRS_SNPP_NRT,,,2026,4,23,Spring,0°-30°N
40.97517,128.26588,320.08,0.53,0.42,2026-04-21,1702,N20,VIIRS,n,2.0NRT,278.79,2.23,Night,VIIRS_NOAA20_NRT,,,2026,4,21,Spring,30°N-60°N
-16.20436,126.66055,333.2,0.56,0.51,2026-04-23,440,N21,VIIRS,n,2.0NRT,301.78,8.13,Day,VIIRS_NOAA21_NRT,,,2026,4,23,Spring,30°S-0°
16.52681,-94.99689,,1.22,1.1,2026-04-22,1512,Terra,MODIS,54,6.1NRT,,8.29,Day,MODIS_NRT,315.87,299.03,2026,4,22,Spring,0°-30°N
9.63956,36.66743,344.65,0.42,0.37,2026-04-22,1102,N20,VIIRS,n,2.0NRT,307.89,9.74,Day,VIIRS_NOAA20_NRT,,,2026,4,22,Spring,0°-30°N
11.27165,-13.84504,332.44,0.43,0.62,2026-04-22,1333,N21,VIIRS,n,2.0NRT,294.69,29.27,Day,VIIRS_NOAA21_NRT,,,2026,4,22,Spring,0°-30°N
-5.0486,25.29132,339.29,0.38,0.36,2026-04-22,1147,N21,VIIRS,n,2.0NRT,297.84,11.22,Day,VIIRS_NOAA21_NRT,,,2026,4,22,Spring,30°S-0°
21.69147,99.01247,333.88,0.32,0.55,2026-04-22,601,N20,VIIRS,n,2.0NRT,293.47,3.08,Day,VIIRS_NOAA20_NRT,,,2026,4,22,Spring,0°-30°N
0.52213,117.24505,334.05,0.44,0.39,2026-04-25,548,N21,VIIRS,n,2.0NRT,299.82,4.81,Day,VIIRS_NOAA21_NRT,,,2026,4,25,Spring,0°-30°N
23.74521,84.20455,341.82,0.39,0.36,2026-04-25,735,N21,VIIRS,n,2.0NRT,315.34,3.2,Day,VIIRS_NOAA21_NRT,,,2026,4,25,Spring,0°-30°N
23.83332,53.6259,355.8,0.44,0.62,2026-04-21,852,N21,VIIRS,l,2.0NRT,321.67,57.2,Day,VIIRS_NOAA21_NRT,,,2026,4,21,Spring,0°-30°N
32.59036,6.65681,346.3,0.49,0.49,2026-04-23,1212,N,VIIRS,n,2.0NRT,309.43,3.73,Day,VIIRS_SNPP_NRT,,,2026,4,23,Spring,30°N-60°N
23.13064,75.29276,311.51,0.52,0.5,2026-04-22,2012,N20,VIIRS,n,2.0NRT,291.56,1.58,Night,VIIRS_NOAA20_NRT,,,2026,4,22,Spring,0°-30°N
-33.73312,150.00914,296.73,0.39,0.44,2026-04-23,1444,N,VIIRS,n,2.0NRT,277.9,1.62,Night,VIIRS_SNPP_NRT,,,2026,4,23,Spring,60°S-30°S
27.81882,81.82518,346.68,0.39,0.44,2026-04-21,805,N20,VIIRS,n,2.0NRT,314.6,11.69,Day,VIIRS_NOAA20_NRT,,,2026,4,21,Spring,0°-30°N
16.13161,-91.79241,346.8,0.38,0.36,2026-04-25,1923,N21,VIIRS,n,2.0NRT,312.78,6.96,Day,VIIRS_NOAA21_NRT,,,2026,4,25,Spring,0°-30°N
6.1948,-1.39063,329.69,0.54,0.42,2026-04-24,1346,N20,VIIRS,n,2.0NRT,294.09,3.06,Day,VIIRS_NOAA20_NRT,,,2026,4,24,Spring,0°-30°N
10.52283,37.22774,339.39,0.44,0.39,2026-04-22,1102,N20,VIIRS,n,2.0NRT,306.5,9.26,Day,VIIRS_NOAA20_NRT,,,2026,4,22,Spring,0°-30°N
-21.61187,44.41622,331.61,0.43,0.38,2026-04-22,1053,N20,VIIRS,l,2.0NRT,305.18,0.92,Day,VIIRS_NOAA20_NRT,,,2026,4,22,Spring,30°S-0°
23.59083,78.14835,346.83,0.4,0.6,2026-04-23,845,N,VIIRS,n,2.0NRT,313.75,6.56,Day,VIIRS_SNPP_NRT,,,2026,4,23,Spring,0°-30°N
-15.21305,129.49014,317.4,0.36,0.57,2026-04-25,1601,N20,VIIRS,n,2.0NRT,294.32,3.69,Night,VIIRS_NOAA20_NRT,,,2026,4,25,Spring,30°S-0°
9.38105,30.64384,349.41,0.33,0.56,2026-04-22,1151,N21,VIIRS,n,2.0NRT,297.09,5.13,Day,VIIRS_NOAA21_NRT,,,2026,4,22,Spring,0°-30°N
21.09113,80.19219,342.35,0.42,0.38,2026-04-25,807,N,VIIRS,l,2.0NRT,317.0,8.22,Day,VIIRS_SNPP_NRT,,,2026,4,25,Spring,0°-30°N
35.87955,4.44593,304.47,0.57,0.69,2026-04-24,234,N20,VIIRS,n,2.0NRT,285.32,1.13,Night,VIIRS_NOAA20_NRT,,,2026,4,24,Spring,30°N-60°N
-5.07798,24.35281,343.23,0.39,0.36,2026-04-22,1147,N21,VIIRS,n,2.0NRT,297.76,6.72,Day,VIIRS_NOAA21_NRT,,,2026,4,22,Spring,30°S-0°
-6.88816,22.42611,334.91,0.48,0.4,2026-04-22,1149,N21,VIIRS,n,2.0NRT,295.45,5.57,Day,VIIRS_NOAA21_NRT,,,2026,4,22,Spring,30°S-0°
50.49065,19.45649,303.32,0.48,0.4,2026-04-25,30,N20,VIIRS,n,2.0NRT,277.37,1.78,Night,VIIRS_NOAA20_NRT,,,2026,4,25,Spring,30°N-60°N
45.353,127.10012,342.48,0.46,0.47,2026-04-23,457,N21,VIIRS,n,2.0NRT,301.48,19.2,Day,VIIRS_NOAA21_NRT,,,2026,4,23,Spring,30°N-60°N
22.03346,72.57057,346.03,0.37,0.58,2026-04-22,744,N20,VIIRS,n,2.0NRT,312.35,10.25,Day,VIIRS_NOAA20_NRT,,,2026,4,22,Spring,0°-30°N
-6.64666,21.81425,329.9,0.51,0.41,2026-04-22,1149,N21,VIIRS,n,2.0NRT,296.27,3.24,Day,VIIRS_NOAA21_NRT,,,2026,4,22,Spring,30°S-0°
8.98473,-62.80671,313.06,0.34,0.56,2026-04-22,625,N,VIIRS,n,2.0NRT,277.15,0.96,Night,VIIRS_SNPP_NRT,,,2026,4,22,Spring,0°-30°N
13.94144,78.20898,340.71,0.48,0.64,2026-04-23,722,N20,VIIRS,n,2.0NRT,295.68,4.2,Day,VIIRS_NOAA20_NRT,,,2026,4,23,Spring,0°-30°N
23.78653,78.09457,315.22,0.4,0.37,2026-04-24,2021,N21,VIIRS,n,2.0NRT,293.78,1.5,Night,VIIRS_NOAA21_NRT,,,2026,4,24,Spring,0°-30°N
-14.60855,125.11939,341.21,0.41,0.45,2026-04-25,453,N20,VIIRS,n,2.0NRT,302.67,28.51,Day,VIIRS_NOAA20_NRT,,,2026,4,25,Spring,30°S-0°
21.92891,80.68761,351.58,0.39,0.37,2026-04-24,754,N21,VIIRS,n,2.0NRT,319.54,11.5,Day,VIIRS_NOAA21_NRT,,,2026,4,24,Spring,0°-30°N
-28.26159,114.81234,342.29,0.41,0.6,2026-04-22,527,N,VIIRS,n,2.0NRT,306.78,3.01,Day,VIIRS_SNPP_NRT,,,2026,4,22,Spring,30°S-0°
10.47148,-12.5405,332.05,0.36,0.58,2026-04-22,1333,N21,VIIRS,n,2.0NRT,298.84,25.83,Day,VIIRS_NOAA21_NRT,,,2026,4,22,Spring,0°-30°N
22.69432,93.1002,345.38,0.53,0.42,2026-04-22,724,N,VIIRS,n,2.0NRT,297.03,11.46,Day,VIIRS_SNPP_NRT,,,2026,4,22,Spring,0°-30°N
38.69822,-90.13679,304.8,0.6,0.71,2026-04-21,654,N20,VIIRS,n,2.0NRT,285.12,1.4,Night,VIIRS_NOAA20_NRT,,,2026,4,21,Spring,30°N-60°N
6.31552,-9.89953,332.11,0.5,0.41,2026-04-25,1416,N21,VIIRS,n,2.0NRT,277.42,8.92,Day,VIIRS_NOAA21_NRT,,,2026,4,25,Spring,0°-30°N
-36.92819,147.48296,320.23,0.45,0.47,2026-04-23,1446,N,VIIRS,n,2.0NRT,280.33,3.08,Night,VIIRS_SNPP_NRT,,,2026,4,23,Spring,60°S-30°S
24.88784,78.03277,367.0,0.56,0.43,2026-04-21,744,N,VIIRS,l,2.0NRT,325.11,15.44,Day,VIIRS_SNPP_NRT,,,2026,4,21,Spring,0°-30°N
7.19477,-62.2784,339.91,0.42,0.45,2026-04-24,1709,N20,VIIRS,n,2.0NRT,293.0,3.19,Day,VIIRS_NOAA20_NRT,,,2026,4,24,Spring,0°-30°N
26.37341,83.90276,345.01,0.5,0.49,2026-04-21,805,N20,VIIRS,n,2.0NRT,314.92,6.1,Day,VIIRS_NOAA20_NRT,,,2026,4,21,Spring,0°-30°N
27.40706,85.81597,303.4,0.41,0.6,2026-04-22,1917,N21,VIIRS,n,2.0NRT,289.23,0.9,Night,VIIRS_NOAA21_NRT,,,2026,4,22,Spring,0°-30°N
-5.36882,25.18485,330.91,0.68,0.74,2026-04-22,1058,N20,VIIRS,n,2.0NRT,282.52,4.3,Day,VIIRS_NOAA20_NRT,,,2026,4,22,Spring,30°S-0°
42.76811,125.17947,332.88,0.44,0.39,2026-04-25,417,N21,VIIRS,n,2.0NRT,296.75,4.16,Day,VIIRS_NOAA21_NRT,,,2026,4,25,Spring,30°N-60°N
-37.10992,141.96086,341.14,0.5,0.49,2026-04-23,506,N,VIIRS,n,2.0NRT,301.32,22.31,Day,VIIRS_SNPP_NRT,,,2026,4,23,Spring,60°S-30°S
-33.85165,121.02568,340.12,0.52,0.5,2026-04-21,514,N21,VIIRS,n,2.0NRT,299.51,12.1,Day,VIIRS_NOAA21_NRT,,,2026,4,21,Spring,60°S-30°S
-18.88378,123.87378,,1.07,1.03,2026-04-22,35,Terra,MODIS,74,6.1NRT,,15.29,Day,MODIS_NRT,324.51,304.34,2026,4,22,Spring,30°S-0°
19.61304,80.95586,354.64,0.34,0.56,2026-04-25,826,N20,VIIRS,n,2.0NRT,274.23,15.97,Day,VIIRS_NOAA20_NRT,,,2026,4,25,Spring,0°-30°N
23.08212,76.47746,367.0,0.39,0.36,2026-04-25,807,N,VIIRS,l,2.0NRT,326.88,1.97,Day,VIIRS_SNPP_NRT,,,2026,4,25,Spring,0°-30°N
28.8215,22.25912,325.87,0.4,0.37,2026-04-25,16,N,VIIRS,n,2.0NRT,286.65,1.3,Night,VIIRS_SNPP_NRT,,,2026,4,25,Spring,0°-30°N
-16.51399,35.22206,337.98,0.42,0.61,2026-04-24,1157,N20,VIIRS,n,2.0NRT,295.05,5.25,Day,VIIRS_NOAA20_NRT,,,2026,4,24,Spring,30°S-0°
-33.78402,117.36063,298.38,0.55,0.51,2026-04-25,1749,N20,VIIRS,n,2.0NRT,277.75,0.72,Night,VIIRS_NOAA20_NRT,,,2026,4,25,Spring,60°S-30°S
22.84954,-105.71612,341.34,0.4,0.44,2026-04-21,1953,N20,VIIRS,n,2.0NRT,300.94,25.59,Day,VIIRS_NOAA20_NRT,,,2026,4,21,Spring,0°-30°N
22.90068,83.34871,309.85,0.39,0.36,2026-04-21,2010,N,VIIRS,n,2.0NRT,295.17,1.66,Night,VIIRS_SNPP_NRT,,,2026,4,21,Spring,0°-30°N
28.38179,81.51597,308.98,0.49,0.4,2026-04-21,2010,N,VIIRS,n,2.0NRT,295.77,3.16,Night,VIIRS_SNPP_NRT,,,2026,4,21,Spring,0°-30°N
25.95816,84.2528,348.62,0.57,0.43,2026-04-21,712,N21,VIIRS,n,2.0NRT,318.1,15.76,Day,VIIRS_NOAA21_NRT,,,2026,4,21,Spring,0°-30°N
25.54372,79.19483,309.69,0.4,0.44,2026-04-21,2010,N,VIIRS,n,2.0NRT,295.92,1.28,Night,VIIRS_SNPP_NRT,,,2026,4,21,Spring,0°-30°N
20.55599,79.27319,335.68,0.49,0.65,2026-04-21,709,N21,VIIRS,n,2.0NRT,304.32,7.41,Day,VIIRS_NOAA21_NRT,,,2026,4,21,Spring,0°-30°N
16.47781,80.78828,335.41,0.48,0.48,2026-04-24,826,N,VIIRS,n,2.0NRT,303.35,4.94,Day,VIIRS_SNPP_NRT,,,2026,4,24,Spring,0°-30°N
-27.10024,149.47861,301.83,0.6,0.71,2026-04-25,1605,N20,VIIRS,n,2.0NRT,283.6,0.72,Night,VIIRS_NOAA20_NRT,,,2026,4,25,Spring,30°S-0°
12.51929,31.74008,347.07,0.43,0.38,2026-04-21,1121,N20,VIIRS,n,2.0NRT,316.15,30.18,Day,VIIRS_NOAA20_NRT,,,2026,4,21,Spring,0°-30°N
27.45448,82.59998,306.32,0.43,0.62,2026-04-22,2059,N21,VIIRS,n,2.0NRT,292.47,1.32,Night,VIIRS_NOAA21_NRT,,,2026,4,22,Spring,0°-30°N
24.22801,82.43989,341.57,0.38,0.59,2026-04-24,828,N,VIIRS,n,2.0NRT,311.17,8.27,Day,VIIRS_SNPP_NRT,,,2026,4,24,Spring,0°-30°N
-6.84011,23.17968,331.11,0.44,0.38,2026-04-22,1149,N21,VIIRS,n,2.0NRT,295.64,7.28,Day,VIIRS_NOAA21_NRT,,,2026,4,22,Spring,30°S-0°
-14.68945,125.52162,330.48,0.55,0.51,2026-04-25,544,N21,VIIRS,l,2.0NRT,303.12,25.74,Day,VIIRS_NOAA21_NRT,,,2026,4,25,Spring,30°S-0°
24.00761,81.54702,347.75,0.39,0.36,2026-04-22,744,N20,VIIRS,n,2.0NRT,320.98,4.88,Day,VIIRS_NOAA20_NRT,,,2026,4,22,Spring,0°-30°N
43.87842,127.58001,341.7,0.5,0.41,2026-04-22,408,N,VIIRS,n,2.0NRT,293.33,4.97,Day,VIIRS_SNPP_NRT,,,2026,4,22,Spring,30°N-60°N
20.02807,83.62057,345.8,0.39,0.36,2026-04-22,741,N20,VIIRS,n,2.0NRT,313.0,4.06,Day,VIIRS_NOAA20_NRT,,,2026,4,22,Spring,0°-30°N
-22.26428,44.67993,336.64,0.4,0.6,2026-04-23,1123,N21,VIIRS,n,2.0NRT,300.61,7.99,Day,VIIRS_NOAA21_NRT,,,2026,4,23,Spring,30°S-0°
41.64558,-99.98647,312.17,0.45,0.39,2026-04-24,1949,N21,VIIRS,l,2.0NRT,315.32,132.71,Day,VIIRS_NOAA21_NRT,,,2026,4,24,Spring,30°N-60°N
29.36458,75.16218,336.18,0.47,0.48,2026-04-25,737,N21,VIIRS,l,2.0NRT,309.36,3.83,Day,VIIRS_NOAA21_NRT,,,2026,4,25,Spring,0°-30°N
12.06221,-13.00736,338.13,0.53,0.67,2026-04-23,1457,N21,VIIRS,n,2.0NRT,275.99,7.01,Day,VIIRS_NOAA21_NRT,,,2026,4,23,Spring,0°-30°N
-16.15976,127.30668,302.21,0.44,0.46,2026-04-24,1709,N21,VIIRS,n,2.0NRT,291.86,0.76,Night,VIIRS_NOAA21_NRT,,,2026,4,24,Spring,30°S-0°
7.51444,125.44292,336.76,0.46,0.39,2026-04-23,521,N,VIIRS,n,2.0NRT,301.63,2.27,Day,VIIRS_SNPP_NRT,,,2026,4,23,Spring,0°-30°N
44.85988,128.54469,339.96,0.33,0.55,2026-04-24,510,N,VIIRS,n,2.0NRT,295.38,2.16,Day,VIIRS_SNPP_NRT,,,2026,4,24,Spring,30°N-60°N
52.58133,12.75848,,1.58,1.24,2026-04-22,1314,Aqua,MODIS,62,6.1NRT,,15.53,Day,MODIS_NRT,307.66,290.35,2026,4,22,Spring,30°N-60°N
18.12927,-91.29053,342.22,0.59,0.7,2026-04-24,1836,N,VIIRS,n,2.0NRT,302.09,7.53,Day,VIIRS_SNPP_NRT,,,2026,4,24,Spring,0°-30°N
12.73157,121.03741,354.43,0.39,0.59,2026-04-21,438,N20,VIIRS,n,2.0NRT,299.91,8.25,Day,VIIRS_NOAA20_NRT,,,2026,4,21,Spring,0°-30°N
15.67564,100.73785,320.34,0.43,0.38,2026-04-24,1843,N21,VIIRS,n,2.0NRT,284.79,2.46,Night,VIIRS_NOAA21_NRT,,,2026,4,24,Spring,0°-30°N
-8.65059,24.71313,355.73,0.45,0.39,2026-04-25,1142,N20,VIIRS,n,2.0NRT,300.98,16.23,Day,VIIRS_NOAA20_NRT,,,2026,4,25,Spring,30°S-0°
4.65971,103.37852,335.3,0.61,0.71,2026-04-22,1923,N21,VIIRS,n,2.0NRT,292.04,8.09,Night,VIIRS_NOAA21_NRT,,,2026,4,22,Spring,0°-30°N
18.2007,-90.47275,336.23,0.39,0.36,2026-04-23,1913,N20,VIIRS,l,2.0NRT,305.82,41.42,Day,VIIRS_NOAA20_NRT,,,2026,4,23,Spring,0°-30°N
25.00349,87.65891,,1.0,1.0,2026-04-21,911,Aqua,MODIS,65,6.1NRT,,8.34,Day,MODIS_NRT,323.74,309.4,2026,4,21,Spring,0°-30°N
2.80398,111.67738,339.36,0.36,0.57,2026-04-24,640,N,VIIRS,n,2.0NRT,291.94,5.19,Day,VIIRS_SNPP_NRT,,,2026,4,24,Spring,0°-30°N
23.68908,69.44778,347.77,0.45,0.63,2026-04-21,924,N,VIIRS,n,2.0NRT,320.91,12.48,Day,VIIRS_SNPP_NRT,,,2026,4,21,Spring,0°-30°N
-17.32581,126.9958,332.19,0.39,0.6,2026-04-22,550,N20,VIIRS,l,2.0NRT,306.89,3.53,Day,VIIRS_NOAA20_NRT,,,2026,4,22,Spring,30°S-0°
6.9223,-66.14709,350.99,0.39,0.59,2026-04-24,1709,N20,VIIRS,n,2.0NRT,292.38,10.43,Day,VIIRS_NOAA20_NRT,,,2026,4,24,Spring,0°-30°N
-20.73233,45.38353,338.61,0.48,0.48,2026-04-24,1106,N21,VIIRS,l,2.0NRT,308.99,4.08,Day,VIIRS_NOAA21_NRT,,,2026,4,24,Spring,30°S-0°
27.73742,9.1801,328.72,0.32,0.54,2026-04-24,143,N21,VIIRS,n,2.0NRT,290.31,2.44,Night,VIIRS_NOAA21_NRT,,,2026,4,24,Spring,0°-30°N
43.80602,127.21844,334.77,0.38,0.36,2026-04-22,425,N20,VIIRS,n,2.0NRT,293.09,5.2,Day,VIIRS_NOAA20_NRT,,,2026,4,22,Spring,30°N-60°N
20.46912,80.39059,330.63,0.4,0.6,2026-04-22,833,N21,VIIRS,l,2.0NRT,303.15,1.44,Day,VIIRS_NOAA21_NRT,,,2026,4,22,Spring,0°-30°N
23.14903,97.47507,337.84,0.43,0.38,2026-04-22,652,N21,VIIRS,n,2.0NRT,308.5,4.51,Day,VIIRS_NOAA21_NRT,,,2026,4,22,Spring,0°-30°N
9.65502,-63.53619,315.11,0.48,0.48,2026-04-25,527,N,VIIRS,n,2.0NRT,280.93,1.67,Night,VIIRS_SNPP_NRT,,,2026,4,25,Spring,0°-30°N
26.96341,86.76874,304.01,0.4,0.37,2026-04-21,2010,N,VIIRS,n,2.0NRT,293.69,0.52,Night,VIIRS_SNPP_NRT,,,2026,4,21,Spring,0°-30°N
7.0317,-8.0743,331.49,0.32,0.55,2026-04-24,1327,N,VIIRS,n,2.0NRT,274.85,2.37,Day,VIIRS_SNPP_NRT,,,2026,4,24,Spring,0°-30°N
22.2267,85.17953,340.97,0.53,0.5,2026-04-21,803,N20,VIIRS,n,2.0NRT,306.27,5.25,Day,VIIRS_NOAA20_NRT,,,2026,4,21,Spring,0°-30°N
22.44182,94.39822,310.29,0.4,0.44,2026-04-22,1951,N,VIIRS,n,2.0NRT,292.0,0.98,Night,VIIRS_SNPP_NRT,,,2026,4,22,Spring,0°-30°N
-25.2632,-49.2821,307.9,0.53,0.42,2026-04-22,451,N,VIIRS,n,2.0NRT,285.75,1.69,Night,VIIRS_SNPP_NRT,,,2026,4,22,Spring,30°S-0°
23.31893,77.9351,367.0,0.43,0.62,2026-04-24,2114,N20,VIIRS,h,2.0NRT,293.71,6.06,Night,VIIRS_NOAA20_NRT,,,2026,4,24,Spring,0°-30°N
-17.92174,126.02745,367.0,0.53,0.67,2026-04-24,601,N21,VIIRS,h,2.0NRT,304.59,14.45,Day,VIIRS_NOAA21_NRT,,,2026,4,24,Spring,30°S-0°
17.22384,121.46878,331.13,0.53,0.42,2026-04-21,527,N21,VIIRS,l,2.0NRT,302.15,2.63,Day,VIIRS_NOAA21_NRT,,,2026,4,21,Spring,0°-30°N
4.82778,103.41292,316.14,0.79,0.78,2026-04-23,1938,N,VIIRS,n,2.0NRT,288.29,3.81,Night,VIIRS_SNPP_NRT,,,2026,4,23,Spring,0°-30°N
17.47442,121.50282,332.28,0.53,0.42,2026-04-21,527,N21,VIIRS,n,2.0NRT,301.11,10.69,Day,VIIRS_NOAA21_NRT,,,2026,4,21,Spring,0°-30°N
45.00753,128.25014,338.31,0.48,0.4,2026-04-24,438,N21,VIIRS,n,2.0NRT,296.12,6.13,Day,VIIRS_NOAA21_NRT,,,2026,4,24,Spring,30°N-60°N
19.35452,80.83193,339.7,0.43,0.38,2026-04-21,803,N20,VIIRS,n,2.0NRT,305.47,3.27,Day,VIIRS_NOAA20_NRT,,,2026,4,21,Spring,0°-30°N
54.65773,33.12521,356.53,0.43,0.62,2026-04-22,915,N,VIIRS,l,2.0NRT,286.7,5.66,Day,VIIRS_SNPP_NRT,,,2026,4,22,Spring,30°N-60°N
13.32532,14.1117,330.28,0.52,0.41,2026-04-21,1244,N,VIIRS,n,2.0NRT,286.15,3.22,Day,VIIRS_SNPP_NRT,,,2026,4,21,Spring,0°-30°N
-36.35906,146.82352,302.67,0.44,0.46,2026-04-21,1544,N20,VIIRS,n,2.0NRT,284.12,0.96,Night,VIIRS_NOAA20_NRT,,,2026,4,21,Spring,60°S-30°S
54.19773,66.60879,347.6,0.46,0.47,2026-04-22,733,N,VIIRS,n,2.0NRT,275.44,6.46,Day,VIIRS_SNPP_NRT,,,2026,4,22,Spring,30°N-60°N
21.67451,81.38893,,1.33,1.14,2026-04-24,926,Aqua,MODIS,77,6.1NRT,,16.36,Day,MODIS_NRT,331.65,315.02,2026,4,24,Spring,0°-30°N
29.56704,74.78643,336.38,0.58,0.52,2026-04-23,848,N,VIIRS,l,2.0NRT,310.52,4.06,Day,VIIRS_SNPP_NRT,,,2026,4,23,Spring,0°-30°N
35.57483,51.51258,307.93,0.49,0.4,2026-04-21,2208,N20,VIIRS,n,2.0NRT,285.84,1.53,Night,VIIRS_NOAA20_NRT,,,2026,4,21,Spring,30°N-60°N
28.49351,82.11639,310.32,0.36,0.57,2026-04-21,1938,N21,VIIRS,n,2.0NRT,291.82,1.62,Night,VIIRS_NOAA21_NRT,,,2026,4,21,Spring,0°-30°N
14.47418,-90.88129,295.28,0.38,0.59,2026-04-25,707,N,VIIRS,n,2.0NRT,267.57,4.68,Night,VIIRS_SNPP_NRT,,,2026,4,25,Spring,0°-30°N
11.83262,-13.02809,344.91,0.42,0.37,2026-04-21,1427,N,VIIRS,l,2.0NRT,315.37,43.24,Day,VIIRS_SNPP_NRT,,,2026,4,21,Spring,0°-30°N
25.41371,84.04752,350.31,0.39,0.36,2026-04-21,744,N,VIIRS,n,2.0NRT,318.91,7.89,Day,VIIRS_SNPP_NRT,,,2026,4,21,Spring,0°-30°N
10.2498,-71.29417,330.69,0.41,0.45,2026-04-24,1832,N,VIIRS,n,2.0NRT,293.14,1.99,Day,VIIRS_SNPP_NRT,,,2026,4,24,Spring,0°-30°N
46.83154,74.94689,296.37,0.32,0.55,2026-04-24,2017,N21,VIIRS,n,2.0NRT,283.4,0.86,Night,VIIRS_NOAA21_NRT,,,2026,4,24,Spring,30°N-60°N
43.30126,126.60936,325.12,0.64,0.72,2026-04-23,315,N21,VIIRS,n,2.0NRT,291.26,5.74,Day,VIIRS_NOAA21_NRT,,,2026,4,23,Spring,30°N-60°N
18.21256,82.38117,333.46,0.49,0.4,2026-04-25,807,N,VIIRS,l,2.0NRT,308.29,2.94,Day,VIIRS_SNPP_NRT,,,2026,4,25,Spring,0°-30°N
28.52603,76.80759,345.24,0.59,0.52,2026-04-23,726,N20,VIIRS,n,2.0NRT,315.07,13.85,Day,VIIRS_NOAA20_NRT,,,2026,4,23,Spring,0°-30°N
9.67638,-63.47563,344.97,0.32,0.55,2026-04-24,514,N21,VIIRS,n,2.0NRT,285.72,14.78,Night,VIIRS_NOAA21_NRT,,,2026,4,24,Spring,0°-30°N
22.3746,87.2787,300.66,0.57,0.52,2026-04-22,1919,N21,VIIRS,n,2.0NRT,284.29,1.83,Night,VIIRS_NOAA21_NRT,,,2026,4,22,Spring,0°-30°N
-32.06163,148.00311,336.66,0.49,0.48,2026-04-24,328,N20,VIIRS,n,2.0NRT,305.37,1.79,Day,VIIRS_NOAA20_NRT,,,2026,4,24,Spring,60°S-30°S
59.80545,109.42257,325.76,0.4,0.37,2026-04-24,1904,N,VIIRS,n,2.0NRT,270.48,5.6,Night,VIIRS_SNPP_NRT,,,2026,4,24,Spring,30°N-60°N
-35.48109,144.50885,351.85,0.45,0.63,2026-04-24,506,N20,VIIRS,n,2.0NRT,288.23,16.5,Day,VIIRS_NOAA20_NRT,,,2026,4,24,Spring,60°S-30°S
10.04164,-64.53564,332.22,0.54,0.51,2026-04-21,1809,N20,VIIRS,n,2.0NRT,295.35,5.02,Day,VIIRS_NOAA20_NRT,,,2026,4,21,Spring,0°-30°N
24.78792,94.42696,351.9,0.44,0.62,2026-04-21,744,N,VIIRS,n,2.0NRT,298.14,52.86,Day,VIIRS_SNPP_NRT,,,2026,4,21,Spring,0°-30°N
13.71674,106.17722,349.24,0.39,0.36,2026-04-21,1832,N,VIIRS,n,2.0NRT,295.36,5.91,Night,VIIRS_SNPP_NRT,,,2026,4,21,Spring,0°-30°N
-37.55902,-72.57558,325.57,0.46,0.47,2026-04-22,1917,N20,VIIRS,n,2.0NRT,290.29,1.83,Day,VIIRS_NOAA20_NRT,,,2026,4,22,Spring,60°S-30°S
25.183,86.44817,342.26,0.54,0.42,2026-04-22,744,N20,VIIRS,n,2.0NRT,311.54,5.45,Day,VIIRS_NOAA20_NRT,,,2026,4,22,Spring,0°-30°N
9.6602,-10.98428,331.8,0.48,0.4,2026-04-25,1418,N21,VIIRS,l,2.0NRT,304.82,3.06,Day,VIIRS_NOAA21_NRT,,,2026,4,25,Spring,0°-30°N
12.65221,-11.53233,311.69,0.4,0.6,2026-04-23,300,N20,VIIRS,n,2.0NRT,292.54,0.93,Night,VIIRS_NOAA20_NRT,,,2026,4,23,Spring,0°-30°N
11.67175,29.32952,315.86,0.6,0.53,2026-04-21,2303,N21,VIIRS,n,2.0NRT,280.67,2.22,Night,VIIRS_NOAA21_NRT,,,2026,4,21,Spring,0°-30°N
19.40057,-155.30145,311.59,0.41,0.61,2026-04-23,1249,N,VIIRS,n,2.0NRT,283.44,1.81,Night,VIIRS_SNPP_NRT,,,2026,4,23,Spring,0°-30°N
8.68034,-78.51309,334.84,0.43,0.38,2026-04-23,1851,N,VIIRS,n,2.0NRT,301.3,4.28,Day,VIIRS_SNPP_NRT,,,2026,4,23,Spring,0°-30°N
-15.59024,125.84356,303.72,0.56,0.43,2026-04-22,1639,N,VIIRS,n,2.0NRT,292.57,0.85,Night,VIIRS_SNPP_NRT,,,2026,4,22,Spring,30°S-0°
-16.42668,-54.91713,323.09,0.56,0.52,2026-04-23,432,N,VIIRS,n,2.0NRT,280.13,2.88,Night,VIIRS_SNPP_NRT,,,2026,4,23,Spring,30°S-0°
21.50018,84.36707,318.31,0.39,0.36,2026-04-21,2012,N,VIIRS,n,2.0NRT,298.37,2.03,Night,VIIRS_SNPP_NRT,,,2026,4,21,Spring,0°-30°N
26.42372,83.9818,345.29,0.39,0.36,2026-04-21,744,N,VIIRS,l,2.0NRT,318.0,4.24,Day,VIIRS_SNPP_NRT,,,2026,4,21,Spring,0°-30°N
-20.21835,147.29448,301.46,0.46,0.39,2026-04-21,1537,N20,VIIRS,n,2.0NRT,288.41,0.59,Night,VIIRS_NOAA20_NRT,,,2026,4,21,Spring,30°S-0°
12.23829,123.44936,338.09,0.49,0.4,2026-04-24,521,N20,VIIRS,n,2.0NRT,299.47,1.54,Day,VIIRS_NOAA20_NRT,,,2026,4,24,Spring,0°-30°N
27.74969,82.47587,,1.5,1.21,2026-04-22,949,Aqua,MODIS,43,6.1NRT,,15.23,Day,MODIS_NRT,324.27,308.01,2026,4,22,Spring,0°-30°N
24.56184,94.89339,337.67,0.38,0.36,2026-04-22,652,N21,VIIRS,l,2.0NRT,308.69,4.03,Day,VIIRS_NOAA21_NRT,,,2026,4,22,Spring,0°-30°N
24.81409,95.35156,331.28,0.39,0.36,2026-04-22,652,N21,VIIRS,l,2.0NRT,305.97,2.02,Day,VIIRS_NOAA21_NRT,,,2026,4,22,Spring,0°-30°N
-18.24271,125.34371,347.78,0.4,0.37,2026-04-24,512,N20,VIIRS,l,2.0NRT,322.59,11.85,Day,VIIRS_NOAA20_NRT,,,2026,4,24,Spring,30°S-0°
22.93244,94.05079,344.92,0.48,0.4,2026-04-21,709,N21,VIIRS,n,2.0NRT,303.48,7.72,Day,VIIRS_NOAA21_NRT,,,2026,4,21,Spring,0°-30°N
23.4954,77.73685,,1.46,1.2,2026-04-22,340,Terra,MODIS,74,6.1NRT,,25.3,Day,MODIS_NRT,331.78,313.67,2026,4,22,Spring,0°-30°N
25.7662,81.72249,367.0,0.33,0.55,2026-04-24,705,N20,VIIRS,h,2.0NRT,320.29,13.73,Day,VIIRS_NOAA20_NRT,,,2026,4,24,Spring,0°-30°N
14.45034,98.60389,336.66,0.46,0.47,2026-04-21,620,N20,VIIRS,n,2.0NRT,295.99,1.97,Day,VIIRS_NOAA20_NRT,,,2026,4,21,Spring,0°-30°N
21.12391,99.20346,333.41,0.51,0.66,2026-04-23,724,N20,VIIRS,n,2.0NRT,293.49,6.19,Day,VIIRS_NOAA20_NRT,,,2026,4,23,Spring,0°-30°N
20.29644,-89.35197,333.96,0.33,0.55,2026-04-25,1836,N20,VIIRS,n,2.0NRT,301.47,5.71,Day,VIIRS_NOAA20_NRT,,,2026,4,25,Spring,0°-30°N
-37.42013,-69.35751,331.78,0.57,0.52,2026-04-21,1754,N20,VIIRS,n,2.0NRT,299.93,3.2,Day,VIIRS_NOAA20_NRT,,,2026,4,21,Spring,60°S-30°S
23.63843,84.20509,345.78,0.39,0.36,2026-04-21,744,N,VIIRS,n,2.0NRT,314.8,5.21,Day,VIIRS_SNPP_NRT,,,2026,4,21,Spring,0°-30°N
50.24882,81.97852,353.85,0.56,0.52,2026-04-21,629,N20,VIIRS,n,2.0NRT,296.84,21.12,Day,VIIRS_NOAA20_NRT,,,2026,4,21,Spring,30°N-60°N
11.34158,-13.78402,349.61,0.39,0.36,2026-04-25,1418,N21,VIIRS,n,2.0NRT,316.83,68.59,Day,VIIRS_NOAA21_NRT,,,2026,4,25,Spring,0°-30°N
22.2389,81.15881,344.27,0.52,0.5,2026-04-22,724,N,VIIRS,l,2.0NRT,316.47,5.29,Day,VIIRS_SNPP_NRT,,,2026,4,22,Spring,0°-30°N
-21.30787,44.31147,340.67,0.6,0.53,2026-04-23,1015,N,VIIRS,n,2.0NRT,302.39,6.84,Day,VIIRS_SNPP_NRT,,,2026,4,23,Spring,30°S-0°
12.7495,104.612,340.55,0.52,0.41,2026-04-24,642,N,VIIRS,n,2.0NRT,299.3,7.32,Day,VIIRS_SNPP_NRT,,,2026,4,24,Spring,0°-30°N
27.80422,82.83963,305.69,0.47,0.4,2026-04-21,2029,N20,VIIRS,n,2.0NRT,295.35,1.3,Night,VIIRS_NOAA20_NRT,,,2026,4,21,Spring,0°-30°N
24.70878,80.95021,345.49,0.4,0.44,2026-04-23,726,N20,VIIRS,l,2.0NRT,318.62,5.55,Day,VIIRS_NOAA20_NRT,,,2026,4,23,Spring,0°-30°N
22.16657,83.1123,351.64,0.39,0.36,2026-04-25,735,N21,VIIRS,n,2.0NRT,321.1,13.19,Day,VIIRS_NOAA21_NRT,,,2026,4,25,Spring,0°-30°N
-20.9314,45.91848,333.66,0.47,0.48,2026-04-23,1015,N,VIIRS,n,2.0NRT,302.06,2.69,Day,VIIRS_SNPP_NRT,,,2026,4,23,Spring,30°S-0°
27.18339,85.34727,309.52,0.38,0.36,2026-04-21,2010,N,VIIRS,n,2.0NRT,296.67,1.61,Night,VIIRS_SNPP_NRT,,,2026,4,21,Spring,0°-30°N
9.02713,-12.22274,335.02,0.34,0.56,2026-04-25,1450,N,VIIRS,n,2.0NRT,300.73,2.1,Day,VIIRS_SNPP_NRT,,,2026,4,25,Spring,0°-30°N
30.7622,-82.69655,,1.31,1.13,2026-04-21,1429,Terra,MODIS,54,6.1NRT,,15.62,Day,MODIS_NRT,316.62,296.44,2026,4,21,Spring,30°N-60°N
24.58669,78.12066,351.65,0.64,0.72,2026-04-21,852,N21,VIIRS,n,2.0NRT,313.81,36.18,Day,VIIRS_NOAA21_NRT,,,2026,4,21,Spring,0°-30°N
40.86496,69.54034,300.61,0.59,0.7,2026-04-24,2231,N,VIIRS,n,2.0NRT,283.88,1.29,Night,VIIRS_SNPP_NRT,,,2026,4,24,Spring,30°N-60°N
21.89559,81.76518,337.59,0.32,0.55,2026-04-21,709,N21,VIIRS,n,2.0NRT,305.51,4.27,Day,VIIRS_NOAA21_NRT,,,2026,4,21,Spring,0°-30°N
19.84251,-89.71642,343.04,0.35,0.57,2026-04-25,1836,N20,VIIRS,n,2.0NRT,298.74,5.18,Day,VIIRS_NOAA20_NRT,,,2026,4,25,Spring,0°-30°N
11.9968,-12.61048,357.5,0.43,0.38,2026-04-21,1427,N,VIIRS,n,2.0NRT,307.27,28.19,Day,VIIRS_SNPP_NRT,,,2026,4,21,Spring,0°-30°N
-15.82763,124.57297,343.11,0.57,0.52,2026-04-24,453,N,VIIRS,n,2.0NRT,301.93,8.22,Day,VIIRS_SNPP_NRT,,,2026,4,24,Spring,30°S-0°
9.97015,31.62016,356.23,0.54,0.42,2026-04-21,1102,N,VIIRS,n,2.0NRT,298.45,24.87,Day,VIIRS_SNPP_NRT,,,2026,4,21,Spring,0°-30°N
25.26073,79.49437,351.12,0.46,0.64,2026-04-24,705,N20,VIIRS,n,2.0NRT,318.89,12.33,Day,VIIRS_NOAA20_NRT,,,2026,4,24,Spring,0°-30°N
54.90554,22.45214,349.22,0.33,0.55,2026-04-23,1006,N21,VIIRS,n,2.0NRT,288.6,4.92,Day,VIIRS_NOAA21_NRT,,,2026,4,23,Spring,30°N-60°N
27.76173,77.60011,353.46,0.32,0.55,2026-04-22,835,N21,VIIRS,n,2.0NRT,313.99,4.79,Day,VIIRS_NOAA21_NRT,,,2026,4,22,Spring,0°-30°N
-36.56304,143.8038,337.44,0.39,0.36,2026-04-21,421,N20,VIIRS,n,2.0NRT,302.92,3.28,Day,VIIRS_NOAA20_NRT,,,2026,4,21,Spring,60°S-30°S
12.65268,36.85703,334.89,0.4,0.37,2026-04-21,1102,N,VIIRS,l,2.0NRT,307.37,7.1,Day,VIIRS_SNPP_NRT,,,2026,4,21,Spring,0°-30°N
31.25229,49.1735,346.97,0.59,0.53,2026-04-23,1030,N,VIIRS,n,2.0NRT,320.23,22.72,Day,VIIRS_SNPP_NRT,,,2026,4,23,Spring,30°N-60°N
-30.98305,29.83306,329.43,0.45,0.39,2026-04-25,1136,N20,VIIRS,n,2.0NRT,299.82,2.9,Day,VIIRS_NOAA20_NRT,,,2026,4,25,Spring,60°S-30°S
11.40948,-13.44833,354.39,0.59,0.53,2026-04-23,1348,N,VIIRS,n,2.0NRT,279.62,16.56,Day,VIIRS_SNPP_NRT,,,2026,4,23,Spring,0°-30°N
24.13279,96.4719,340.92,0.62,0.54,2026-04-23,1951,N20,VIIRS,n,2.0NRT,283.41,9.52,Night,VIIRS_NOAA20_NRT,,,2026,4,23,Spring,0°-30°N
-0.53246,28.86186,333.04,0.55,0.43,2026-04-22,1149,N21,VIIRS,n,2.0NRT,293.75,7.23,Day,VIIRS_NOAA21_NRT,,,2026,4,22,Spring,30°S-0°
43.5775,127.36208,367.0,0.49,0.65,2026-04-23,527,N,VIIRS,h,2.0NRT,292.95,12.28,Day,VIIRS_SNPP_NRT,,,2026,4,23,Spring,30°N-60°N
49.82762,125.53299,326.98,0.42,0.38,2026-04-23,410,N20,VIIRS,n,2.0NRT,289.58,2.11,Day,VIIRS_NOAA20_NRT,,,2026,4,23,Spring,30°N-60°N
11.40625,-12.5192,352.67,0.44,0.62,2026-04-25,1329,N20,VIIRS,n,2.0NRT,305.02,70.26,Day,VIIRS_NOAA20_NRT,,,2026,4,25,Spring,0°-30°N
32.27782,-101.4071,303.84,0.55,0.43,2026-04-24,902,N,VIIRS,n,2.0NRT,291.14,1.35,Night,VIIRS_SNPP_NRT,,,2026,4,24,Spring,30°N-60°N
11.80057,31.95923,350.34,0.5,0.41,2026-04-25,1056,N21,VIIRS,l,2.0NRT,321.85,5.78,Day,VIIRS_NOAA21_NRT,,,2026,4,25,Spring,0°-30°N
8.84167,32.81525,355.56,0.36,0.58,2026-04-25,1147,N20,VIIRS,n,2.0NRT,296.48,6.73,Day,VIIRS_NOAA20_NRT,,,2026,4,25,Spring,0°-30°N
-6.73763,25.35056,331.35,0.4,0.37,2026-04-23,1202,N,VIIRS,n,2.0NRT,286.88,3.58,Day,VIIRS_SNPP_NRT,,,2026,4,23,Spring,30°S-0°
-15.6268,127.69372,342.45,0.4,0.37,2026-04-22,457,N21,VIIRS,n,2.0NRT,304.81,5.89,Day,VIIRS_NOAA21_NRT,,,2026,4,22,Spring,30°S-0°
12.02971,-13.46075,330.94,0.39,0.6,2026-04-22,1333,N21,VIIRS,l,2.0NRT,304.47,3.41,Day,VIIRS_NOAA21_NRT,,,2026,4,22,Spring,0°-30°N
42.66626,128.06447,343.62,0.54,0.51,2026-04-23,347,N,VIIRS,n,2.0NRT,301.08,7.57,Day,VIIRS_SNPP_NRT,,,2026,4,23,Spring,30°N-60°N
7.57712,33.77709,347.45,0.46,0.47,2026-04-23,1043,N20,VIIRS,n,2.0NRT,297.98,22.99,Day,VIIRS_NOAA20_NRT,,,2026,4,23,Spring,0°-30°N
45.02666,131.99409,329.71,0.53,0.67,2026-04-24,258,N21,VIIRS,n,2.0NRT,291.09,4.75,Day,VIIRS_NOAA21_NRT,,,2026,4,24,Spring,30°N-60°N
30.49621,47.31203,342.81,0.46,0.39,2026-04-25,1013,N20,VIIRS,n,2.0NRT,301.27,4.16,Day,VIIRS_NOAA20_NRT,,,2026,4,25,Spring,30°N-60°N
22.38522,79.97921,304.91,0.42,0.38,2026-04-21,2029,N20,VIIRS,n,2.0NRT,285.74,0.82,Night,VIIRS_NOAA20_NRT,,,2026,4,21,Spring,0°-30°N
11.34626,-13.7726,335.38,0.57,0.52,2026-04-25,1450,N,VIIRS,n,2.0NRT,306.57,12.46,Day,VIIRS_SNPP_NRT,,,2026,4,25,Spring,0°-30°N
26.74561,83.5867,351.01,0.4,0.44,2026-04-21,712,N21,VIIRS,n,2.0NRT,315.82,4.86,Day,VIIRS_NOAA21_NRT,,,2026,4,21,Spring,0°-30°N
-15.48165,126.62355,334.01,0.39,0.36,2026-04-23,512,N,VIIRS,n,2.0NRT,302.0,3.13,Day,VIIRS_SNPP_NRT,,,2026,4,23,Spring,30°S-0°
-38.15746,-72.7622,345.13,0.4,0.44,2026-04-25,1819,N20,VIIRS,n,2.0NRT,303.68,56.85,Day,VIIRS_NOAA20_NRT,,,2026,4,25,Spring,60°S-30°S
18.69727,99.8707,310.8,0.4,0.45,2026-04-22,1919,N21,VIIRS,n,2.0NRT,291.91,2.62,Night,VIIRS_NOAA21_NRT,,,2026,4,22,Spring,0°-30°N
18.90625,-101.05518,367.0,0.49,0.65,2026-04-23,1913,N20,VIIRS,h,2.0NRT,302.39,33.93,Day,VIIRS_NOAA20_NRT,,,2026,4,23,Spring,0°-30°N
43.51324,127.29208,334.71,0.46,0.39,2026-04-23,408,N20,VIIRS,n,2.0NRT,295.27,3.01,Day,VIIRS_NOAA20_NRT,,,2026,4,23,Spring,30°N-60°N
5.98491,6.058,333.44,0.34,0.56,2026-04-22,1331,N21,VIIRS,n,2.0NRT,288.63,6.59,Day,VIIRS_NOAA21_NRT,,,2026,4,22,Spring,0°-30°N
23.46584,77.98643,348.68,0.39,0.36,2026-04-24,756,N21,VIIRS,l,2.0NRT,322.4,11.77,Day,VIIRS_NOAA21_NRT,,,2026,4,24,Spring,0°-30°N
26.11219,93.25809,348.42,0.48,0.48,2026-04-23,726,N20,VIIRS,n,2.0NRT,295.58,36.46,Day,VIIRS_NOAA20_NRT,,,2026,4,23,Spring,0°-30°N
20.35302,83.53976,347.77,0.39,0.36,2026-04-21,741,N,VIIRS,n,2.0NRT,309.64,3.37,Day,VIIRS_SNPP_NRT,,,2026,4,21,Spring,0°-30°N
38.70551,-98.08123,,2.23,1.45,2026-04-24,1624,Terra,MODIS,37,6.1NRT,,10.69,Day,MODIS_NRT,306.63,295.44,2026,4,24,Spring,30°N-60°N
-20.14328,30.93341,343.92,0.42,0.45,2026-04-21,1115,N20,VIIRS,n,2.0NRT,298.55,8.7,Day,VIIRS_NOAA20_NRT,,,2026,4,21,Spring,30°S-0°
9.99436,-11.26509,350.27,0.45,0.47,2026-04-23,1348,N,VIIRS,n,2.0NRT,303.12,7.84,Day,VIIRS_SNPP_NRT,,,2026,4,23,Spring,0°-30°N
-16.14725,46.16683,339.77,0.42,0.61,2026-04-25,1119,N,VIIRS,n,2.0NRT,297.61,2.73,Day,VIIRS_SNPP_NRT,,,2026,4,25,Spring,30°S-0°
30.93382,27.55438,311.09,0.47,0.64,2026-04-23,54,N,VIIRS,n,2.0NRT,284.54,1.25,Night,VIIRS_SNPP_NRT,,,2026,4,23,Spring,30°N-60°N
7.58279,33.78461,351.39,0.46,0.47,2026-04-23,1043,N20,VIIRS,n,2.0NRT,292.27,9.32,Day,VIIRS_NOAA20_NRT,,,2026,4,23,Spring,0°-30°N
24.79002,83.70148,,1.65,1.26,2026-04-22,949,Aqua,MODIS,62,6.1NRT,,17.95,Day,MODIS_NRT,327.38,312.06,2026,4,22,Spring,0°-30°N
12.17743,123.76602,331.06,0.43,0.38,2026-04-23,521,N,VIIRS,l,2.0NRT,305.13,2.01,Day,VIIRS_SNPP_NRT,,,2026,4,23,Spring,0°-30°N
-12.28049,-44.61993,317.31,0.54,0.42,2026-04-21,434,N21,VIIRS,n,2.0NRT,290.9,3.6,Night,VIIRS_NOAA21_NRT,,,2026,4,21,Spring,30°S-0°
15.79774,78.20574,343.75,0.43,0.46,2026-04-22,741,N20,VIIRS,l,2.0NRT,315.86,8.85,Day,VIIRS_NOAA20_NRT,,,2026,4,22,Spring,0°-30°N
-5.56246,22.9012,333.36,0.42,0.38,2026-04-21,1206,N21,VIIRS,n,2.0NRT,301.78,3.9,Day,VIIRS_NOAA21_NRT,,,2026,4,21,Spring,30°S-0°
10.58698,103.82834,337.71,0.39,0.36,2026-04-23,627,N21,VIIRS,n,2.0NRT,307.67,6.95,Day,VIIRS_NOAA21_NRT,,,2026,4,23,Spring,0°-30°N
50.29061,124.81976,327.17,0.42,0.45,2026-04-23,457,N21,VIIRS,n,2.0NRT,288.91,2.58,Day,VIIRS_NOAA21_NRT,,,2026,4,23,Spring,30°N-60°N
23.69281,94.26723,339.52,0.39,0.36,2026-04-22,652,N21,VIIRS,n,2.0NRT,307.02,5.13,Day,VIIRS_NOAA21_NRT,,,2026,4,22,Spring,0°-30°N
19.13058,95.51991,335.4,0.47,0.39,2026-04-24,644,N,VIIRS,l,2.0NRT,304.15,5.5,Day,VIIRS_SNPP_NRT,,,2026,4,24,Spring,0°-30°N
24.18441,95.97707,334.0,0.54,0.51,2026-04-22,724,N,VIIRS,n,2.0NRT,303.37,4.7,Day,VIIRS_SNPP_NRT,,,2026,4,22,Spring,0°-30°N
15.33695,-4.33665,367.0,0.39,0.44,2026-04-21,1353,N21,VIIRS,h,2.0NRT,316.24,13.27,Day,VIIRS_NOAA21_NRT,,,2026,4,21,Spring,0°-30°N
11.43775,-13.00154,367.0,0.64,0.54,2026-04-21,1446,N20,VIIRS,h,2.0NRT,302.31,32.95,Day,VIIRS_NOAA20_NRT,,,2026,4,21,Spring,0°-30°N
-14.61303,125.15883,333.91,0.54,0.68,2026-04-24,601,N21,VIIRS,n,2.0NRT,296.95,10.44,Day,VIIRS_NOAA21_NRT,,,2026,4,24,Spring,30°S-0°
8.25398,-67.1889,334.18,0.35,0.56,2026-04-21,1715,N21,VIIRS,n,2.0NRT,289.63,4.95,Day,VIIRS_NOAA21_NRT,,,2026,4,21,Spring,0°-30°N
52.5964,84.79379,335.79,0.38,0.36,2026-04-22,659,N21,VIIRS,n,2.0NRT,300.38,4.76,Day,VIIRS_NOAA21_NRT,,,2026,4,22,Spring,30°N-60°N
-32.72287,147.94308,341.52,0.41,0.45,2026-04-25,429,N,VIIRS,n,2.0NRT,302.31,6.93,Day,VIIRS_SNPP_NRT,,,2026,4,25,Spring,60°S-30°S
8.85994,-81.76529,332.79,0.51,0.41,2026-04-25,1834,N20,VIIRS,n,2.0NRT,288.46,4.64,Day,VIIRS_NOAA20_NRT,,,2026,4,25,Spring,0°-30°N
17.77957,73.53667,338.41,0.57,0.43,2026-04-25,807,N,VIIRS,l,2.0NRT,309.43,7.51,Day,VIIRS_SNPP_NRT,,,2026,4,25,Spring,0°-30°N
6.93464,-67.28423,341.01,0.42,0.37,2026-04-24,1800,N21,VIIRS,n,2.0NRT,300.43,7.05,Day,VIIRS_NOAA21_NRT,,,2026,4,24,Spring,0°-30°N
20.73485,84.74041,339.32,0.44,0.62,2026-04-22,652,N21,VIIRS,n,2.0NRT,302.74,4.11,Day,VIIRS_NOAA21_NRT,,,2026,4,22,Spring,0°-30°N
-6.19817,24.50568,341.1,0.45,0.47,2026-04-23,1128,N21,VIIRS,n,2.0NRT,280.93,6.0,Day,VIIRS_NOAA21_NRT,,,2026,4,23,Spring,30°S-0°
23.398,99.51344,336.13,0.34,0.56,2026-04-21,601,N,VIIRS,n,2.0NRT,298.59,3.11,Day,VIIRS_SNPP_NRT,,,2026,4,21,Spring,0°-30°N
17.13556,-90.40209,336.62,0.41,0.37,2026-04-25,1923,N21,VIIRS,l,2.0NRT,310.85,9.91,Day,VIIRS_NOAA21_NRT,,,2026,4,25,Spring,0°-30°N
20.06837,-90.16142,,1.16,1.07,2026-04-22,2118,Aqua,MODIS,66,6.1NRT,,30.41,Day,MODIS_NRT,335.87,301.72,2026,4,22,Spring,0°-30°N
-4.74144,26.25385,330.35,0.39,0.36,2026-04-22,1147,N21,VIIRS,n,2.0NRT,294.13,6.55,Day,VIIRS_NOAA21_NRT,,,2026,4,22,Spring,30°S-0°
24.90113,83.33845,340.72,0.34,0.56,2026-04-23,813,N21,VIIRS,n,2.0NRT,315.45,5.59,Day,VIIRS_NOAA21_NRT,,,2026,4,23,Spring,0°-30°N
18.40022,-103.13133,350.52,0.41,0.45,2026-04-23,2036,N,VIIRS,n,2.0NRT,303.54,14.0,Day,VIIRS_SNPP_NRT,,,2026,4,23,Spring,0°-30°N
-19.38859,122.29982,348.54,0.36,0.57,2026-04-21,608,N20,VIIRS,n,2.0NRT,305.1,6.78,Day,VIIRS_NOAA20_NRT,,,2026,4,21,Spring,30°S-0°
22.86772,93.3147,344.13,0.36,0.57,2026-04-21,741,N,VIIRS,n,2.0NRT,286.64,68.59,Day,VIIRS_SNPP_NRT,,,2026,4,21,Spring,0°-30°N
15.52196,102.66043,343.81,0.53,0.42,2026-04-25,644,N20,VIIRS,n,2.0NRT,297.2,5.65,Day,VIIRS_NOAA20_NRT,,,2026,4,25,Spring,0°-30°N
-18.26064,124.9911,333.11,0.58,0.7,2026-04-25,434,N,VIIRS,n,2.0NRT,301.27,6.01,Day,VIIRS_SNPP_NRT,,,2026,4,25,Spring,30°S-0°
26.6732,87.08776,308.51,0.52,0.41,2026-04-21,1938,N21,VIIRS,n,2.0NRT,295.73,1.55,Night,VIIRS_NOAA21_NRT,,,2026,4,21,Spring,0°-30°N
-16.42049,127.36353,313.24,0.4,0.37,2026-04-25,1652,N21,VIIRS,n,2.0NRT,292.65,1.02,Night,VIIRS_NOAA21_NRT,,,2026,4,25,Spring,30°S-0°
20.51891,79.47123,347.47,0.45,0.47,2026-04-24,826,N,VIIRS,n,2.0NRT,315.98,12.03,Day,VIIRS_SNPP_NRT,,,2026,4,24,Spring,0°-30°N
14.88608,102.56136,349.53,0.35,0.57,2026-04-22,1921,N21,VIIRS,n,2.0NRT,288.21,7.93,Night,VIIRS_NOAA21_NRT,,,2026,4,22,Spring,0°-30°N
-36.21439,143.81453,367.0,0.47,0.64,2026-04-24,325,N20,VIIRS,h,2.0NRT,300.67,8.77,Day,VIIRS_NOAA20_NRT,,,2026,4,24,Spring,60°S-30°S
17.56141,82.32194,340.59,0.4,0.37,2026-04-22,741,N20,VIIRS,l,2.0NRT,304.38,3.7,Day,VIIRS_NOAA20_NRT,,,2026,4,22,Spring,0°-30°N
20.88994,-102.71219,298.05,0.32,0.54,2026-04-22,801,N,VIIRS,n,2.0NRT,283.74,0.85,Night,VIIRS_SNPP_NRT,,,2026,4,22,Spring,0°-30°N
28.11575,79.67092,350.85,0.44,0.62,2026-04-22,835,N21,VIIRS,n,2.0NRT,315.57,9.53,Day,VIIRS_NOAA21_NRT,,,2026,4,22,Spring,0°-30°N
-15.37284,125.84778,332.34,0.47,0.64,2026-04-25,434,N,VIIRS,n,2.0NRT,301.88,5.77,Day,VIIRS_SNPP_NRT,,,2026,4,25,Spring,30°S-0°
56.57979,30.10235,340.73,0.4,0.44,2026-04-21,954,N20,VIIRS,n,2.0NRT,288.02,6.32,Day,VIIRS_NOAA20_NRT,,,2026,4,21,Spring,30°N-60°N
-36.73793,146.14525,346.99,0.46,0.47,2026-04-22,345,N,VIIRS,n,2.0NRT,275.47,10.53,Day,VIIRS_SNPP_NRT,,,2026,4,22,Spring,60°S-30°S
26.43218,83.71573,345.8,0.42,0.38,2026-04-22,744,N20,VIIRS,n,2.0NRT,316.64,7.11,Day,VIIRS_NOAA20_NRT,,,2026,4,22,Spring,0°-30°N
18.69524,-91.08958,349.18,0.46,0.63,2026-04-25,1836,N20,VIIRS,n,2.0NRT,300.45,5.51,Day,VIIRS_NOAA20_NRT,,,2026,4,25,Spring,0°-30°N
44.60983,128.06239,342.48,0.53,0.67,2026-04-23,529,N,VIIRS,n,2.0NRT,290.58,6.77,Day,VIIRS_SNPP_NRT,,,2026,4,23,Spring,30°N-60°N
22.92272,70.10667,367.0,0.66,0.73,2026-04-25,735,N21,VIIRS,h,2.0NRT,309.27,18.37,Day,VIIRS_NOAA21_NRT,,,2026,4,25,Spring,0°-30°N
6.57452,-9.60971,331.47,0.52,0.41,2026-04-25,1416,N21,VIIRS,n,2.0NRT,295.77,2.56,Day,VIIRS_NOAA21_NRT,,,2026,4,25,Spring,0°-30°N
21.98434,93.30254,,1.03,1.02,2026-04-23,850,Aqua,MODIS,53,6.1NRT,,12.94,Day,MODIS_NRT,322.3,304.36,2026,4,23,Spring,0°-30°N
11.55797,-86.05511,330.9,0.39,0.36,2026-04-22,1910,N,VIIRS,n,2.0NRT,300.36,3.06,Day,VIIRS_SNPP_NRT,,,2026,4,22,Spring,0°-30°N
43.61649,127.15616,332.71,0.46,0.39,2026-04-23,408,N20,VIIRS,n,2.0NRT,296.77,3.09,Day,VIIRS_NOAA20_NRT,,,2026,4,23,Spring,30°N-60°N
25.52862,97.73092,276.29,0.46,0.47,2026-04-24,705,N20,VIIRS,l,2.0NRT,317.32,111.95,Day,VIIRS_NOAA20_NRT,,,2026,4,24,Spring,0°-30°N
9.1468,31.30644,330.82,0.37,0.58,2026-04-22,1151,N21,VIIRS,n,2.0NRT,300.13,20.93,Day,VIIRS_NOAA21_NRT,,,2026,4,22,Spring,0°-30°N
24.48425,94.82657,335.25,0.41,0.37,2026-04-23,705,N,VIIRS,n,2.0NRT,304.9,2.84,Day,VIIRS_SNPP_NRT,,,2026,4,23,Spring,0°-30°N
8.31909,-12.23977,334.47,0.42,0.37,2026-04-21,1425,N,VIIRS,n,2.0NRT,289.52,6.24,Day,VIIRS_SNPP_NRT,,,2026,4,21,Spring,0°-30°N
24.6736,94.89291,331.57,0.56,0.43,2026-04-21,709,N21,VIIRS,l,2.0NRT,306.5,5.11,Day,VIIRS_NOAA21_NRT,,,2026,4,21,Spring,0°-30°N
38.24839,106.55605,332.47,0.53,0.67,2026-04-25,650,N20,VIIRS,l,2.0NRT,304.26,5.2,Day,VIIRS_NOAA20_NRT,,,2026,4,25,Spring,30°N-60°N
9.74627,106.3345,333.47,0.47,0.4,2026-04-23,627,N21,VIIRS,l,2.0NRT,305.24,2.95,Day,VIIRS_NOAA21_NRT,,,2026,4,23,Spring,0°-30°N
-36.74055,146.1506,327.66,0.39,0.44,2026-04-23,345,N20,VIIRS,n,2.0NRT,295.49,3.42,Day,VIIRS_NOAA20_NRT,,,2026,4,23,Spring,60°S-30°S
48.7132,2.55006,332.18,0.47,0.47,2026-04-25,1157,N20,VIIRS,n,2.0NRT,292.93,2.9,Day,VIIRS_NOAA20_NRT,,,2026,4,25,Spring,30°N-60°N
22.69885,93.0968,334.3,0.53,0.42,2026-04-22,724,N,VIIRS,n,2.0NRT,297.74,6.31,Day,VIIRS_SNPP_NRT,,,2026,4,22,Spring,0°-30°N
28.93725,81.06345,303.37,0.4,0.37,2026-04-21,2027,N20,VIIRS,n,2.0NRT,292.11,0.61,Night,VIIRS_NOAA20_NRT,,,2026,4,21,Spring,0°-30°N
17.44387,81.45164,309.22,0.44,0.46,2026-04-22,1953,N,VIIRS,n,2.0NRT,295.05,1.87,Night,VIIRS_SNPP_NRT,,,2026,4,22,Spring,0°-30°N
18.83357,73.68758,352.82,0.47,0.48,2026-04-24,754,N21,VIIRS,n,2.0NRT,306.88,10.3,Day,VIIRS_NOAA21_NRT,,,2026,4,24,Spring,0°-30°N
-12.58492,-45.47185,,1.28,1.12,2026-04-23,18,Terra,MODIS,89,6.1NRT,,17.92,Night,MODIS_NRT,314.12,292.31,2026,4,23,Spring,30°S-0°
22.51591,80.00561,307.09,0.63,0.54,2026-04-22,1951,N,VIIRS,n,2.0NRT,286.98,2.58,Night,VIIRS_SNPP_NRT,,,2026,4,22,Spring,0°-30°N
9.9812,-12.26197,332.18,0.43,0.38,2026-04-22,1405,N,VIIRS,l,2.0NRT,305.17,3.81,Day,VIIRS_SNPP_NRT,,,2026,4,22,Spring,0°-30°N
10.98119,-10.4851,340.9,0.39,0.44,2026-04-23,1348,N,VIIRS,l,2.0NRT,314.47,4.69,Day,VIIRS_SNPP_NRT,,,2026,4,23,Spring,0°-30°N
30.7704,-82.79352,296.77,0.52,0.67,2026-04-21,818,N,VIIRS,n,2.0NRT,281.28,3.45,Night,VIIRS_SNPP_NRT,,,2026,4,21,Spring,30°N-60°N
9.13044,-65.29319,336.24,0.49,0.65,2026-04-24,1832,N,VIIRS,n,2.0NRT,289.72,4.91,Day,VIIRS_SNPP_NRT,,,2026,4,24,Spring,0°-30°N
23.40533,78.04094,318.93,0.55,0.42,2026-04-24,2055,N,VIIRS,n,2.0NRT,293.04,2.55,Night,VIIRS_SNPP_NRT,,,2026,4,24,Spring,0°-30°N
24.68593,76.43446,343.45,0.46,0.47,2026-04-21,744,N,VIIRS,l,2.0NRT,315.04,8.05,Day,VIIRS_SNPP_NRT,,,2026,4,21,Spring,0°-30°N
16.99871,73.769,335.57,0.39,0.36,2026-04-25,826,N20,VIIRS,n,2.0NRT,307.48,1.65,Day,VIIRS_NOAA20_NRT,,,2026,4,25,Spring,0°-30°N
35.44588,129.34514,302.43,0.43,0.62,2026-04-23,1626,N20,VIIRS,n,2.0NRT,276.38,1.01,Night,VIIRS_NOAA20_NRT,,,2026,4,23,Spring,30°N-60°N
-31.90728,117.08223,367.0,0.53,0.67,2026-04-21,654,N21,VIIRS,h,2.0NRT,301.68,22.21,Day,VIIRS_NOAA21_NRT,,,2026,4,21,Spring,60°S-30°S
19.33264,-102.98875,367.0,0.55,0.68,2026-04-23,2055,N20,VIIRS,h,2.0NRT,297.76,17.95,Day,VIIRS_NOAA20_NRT,,,2026,4,23,Spring,0°-30°N
31.21042,48.95822,,2.73,1.58,2026-04-22,1754,Terra,MODIS,81,6.1NRT,,43.97,Night,MODIS_NRT,310.67,291.82,2026,4,22,Spring,30°N-60°N
55.61312,32.5619,,2.02,1.39,2026-04-22,1136,Aqua,MODIS,63,6.1NRT,,19.88,Day,MODIS_NRT,306.4,288.8,2026,4,22,Spring,30°N-60°N
20.13856,94.25315,316.27,0.4,0.37,2026-04-23,1934,N,VIIRS,n,2.0NRT,294.24,1.7,Night,VIIRS_SNPP_NRT,,,2026,4,23,Spring,0°-30°N
9.87491,-12.31919,336.07,0.5,0.41,2026-04-22,1425,N20,VIIRS,n,2.0NRT,299.44,7.7,Day,VIIRS_NOAA20_NRT,,,2026,4,22,Spring,0°-30°N
25.34683,83.87601,324.26,0.5,0.41,2026-04-23,1951,N20,VIIRS,n,2.0NRT,296.3,2.87,Night,VIIRS_NOAA20_NRT,,,2026,4,23,Spring,0°-30°N
16.0054,-89.435,333.86,0.48,0.48,2026-04-23,1853,N,VIIRS,n,2.0NRT,292.84,4.78,Day,VIIRS_SNPP_NRT,,,2026,4,23,Spring,0°-30°N
37.01219,-88.77199,300.38,0.33,0.55,2026-04-23,705,N21,VIIRS,n,2.0NRT,283.8,0.57,Night,VIIRS_NOAA21_NRT,,,2026,4,23,Spring,30°N-60°N
45.72935,85.30453,312.67,0.59,0.7,2026-04-22,1915,N21,VIIRS,n,2.0NRT,279.87,1.68,Night,VIIRS_NOAA21_NRT,,,2026,4,22,Spring,30°N-60°N
38.00799,-86.14437,296.67,0.45,0.63,2026-04-24,646,N21,VIIRS,n,2.0NRT,285.84,1.23,Night,VIIRS_NOAA21_NRT,,,2026,4,24,Spring,30°N-60°N
23.53356,77.36583,322.96,0.42,0.38,2026-04-23,2042,N21,VIIRS,n,2.0NRT,296.19,2.02,Night,VIIRS_NOAA21_NRT,,,2026,4,23,Spring,0°-30°N
12.5626,122.08466,367.0,0.44,0.63,2026-04-21,557,N,VIIRS,h,2.0NRT,296.91,13.89,Day,VIIRS_SNPP_NRT,,,2026,4,21,Spring,0°-30°N
54.20181,75.32694,298.02,0.39,0.36,2026-04-21,2112,N21,VIIRS,n,2.0NRT,271.92,0.56,Night,VIIRS_NOAA21_NRT,,,2026,4,21,Spring,30°N-60°N
24.99924,81.61645,367.0,0.35,0.56,2026-04-24,705,N20,VIIRS,h,2.0NRT,316.47,6.78,Day,VIIRS_NOAA20_NRT,,,2026,4,24,Spring,0°-30°N
25.68649,97.62656,367.0,0.45,0.63,2026-04-23,726,N20,VIIRS,h,2.0NRT,298.35,18.07,Day,VIIRS_NOAA20_NRT,,,2026,4,23,Spring,0°-30°N
8.61944,-66.39334,310.74,0.41,0.37,2026-04-24,605,N20,VIIRS,n,2.0NRT,291.32,2.65,Night,VIIRS_NOAA20_NRT,,,2026,4,24,Spring,0°-30°N
20.80419,85.25848,312.49,0.45,0.47,2026-04-24,1934,N20,VIIRS,n,2.0NRT,298.15,1.18,Night,VIIRS_NOAA20_NRT,,,2026,4,24,Spring,0°-30°N
-13.99694,-56.63133,335.94,0.47,0.4,2026-04-21,1743,N,VIIRS,n,2.0NRT,300.2,4.34,Day,VIIRS_SNPP_NRT,,,2026,4,21,Spring,30°S-0°
13.73034,106.20823,326.35,0.45,0.63,2026-04-23,1754,N,VIIRS,n,2.0NRT,290.97,3.66,Night,VIIRS_SNPP_NRT,,,2026,4,23,Spring,0°-30°N
19.01181,95.21801,335.4,0.42,0.61,2026-04-25,733,N21,VIIRS,l,2.0NRT,305.65,4.87,Day,VIIRS_NOAA21_NRT,,,2026,4,25,Spring,0°-30°N
20.16102,84.05871,303.08,0.33,0.55,2026-04-23,1934,N,VIIRS,n,2.0NRT,291.0,0.4,Night,VIIRS_SNPP_NRT,,,2026,4,23,Spring,0°-30°N
3.79023,113.72736,307.05,0.52,0.41,2026-04-25,1739,N20,VIIRS,n,2.0NRT,292.98,1.78,Night,VIIRS_NOAA20_NRT,,,2026,4,25,Spring,0°-30°N
-36.95327,147.502,322.81,0.39,0.36,2026-04-23,1505,N20,VIIRS,n,2.0NRT,282.06,2.29,Night,VIIRS_NOAA20_NRT,,,2026,4,23,Spring,60°S-30°S
9.54252,29.47491,341.2,0.56,0.51,2026-04-22,1151,N21,VIIRS,n,2.0NRT,306.15,5.86,Day,VIIRS_NOAA21_NRT,,,2026,4,22,Spring,0°-30°N
-16.01934,125.15699,339.2,0.54,0.68,2026-04-25,434,N,VIIRS,n,2.0NRT,302.27,8.07,Day,VIIRS_SNPP_NRT,,,2026,4,25,Spring,30°S-0°
19.93685,83.69826,333.87,0.66,0.73,2026-04-25,646,N20,VIIRS,n,2.0NRT,300.05,7.12,Day,VIIRS_NOAA20_NRT,,,2026,4,25,Spring,0°-30°N
30.06065,73.36077,343.57,0.51,0.66,2026-04-22,726,N,VIIRS,n,2.0NRT,299.39,5.53,Day,VIIRS_SNPP_NRT,,,2026,4,22,Spring,30°N-60°N
23.53054,77.63127,367.0,0.33,0.55,2026-04-23,726,N20,VIIRS,h,2.0NRT,311.98,12.77,Day,VIIRS_NOAA20_NRT,,,2026,4,23,Spring,0°-30°N
27.26057,82.57276,335.33,0.43,0.46,2026-04-25,809,N,VIIRS,l,2.0NRT,306.34,3.63,Day,VIIRS_SNPP_NRT,,,2026,4,25,Spring,0°-30°N
27.48835,83.93433,320.16,0.4,0.37,2026-04-21,2010,N,VIIRS,n,2.0NRT,296.46,2.45,Night,VIIRS_SNPP_NRT,,,2026,4,21,Spring,0°-30°N
9.04234,-79.21245,310.04,0.62,0.71,2026-04-23,605,N,VIIRS,n,2.0NRT,286.2,1.32,Night,VIIRS_SNPP_NRT,,,2026,4,23,Spring,0°-30°N
23.78623,76.89875,320.35,0.41,0.37,2026-04-23,2042,N21,VIIRS,n,2.0NRT,295.38,1.64,Night,VIIRS_NOAA21_NRT,,,2026,4,23,Spring,0°-30°N
10.1992,104.97221,341.79,0.42,0.38,2026-04-23,627,N21,VIIRS,n,2.0NRT,310.09,26.7,Day,VIIRS_NOAA21_NRT,,,2026,4,23,Spring,0°-30°N
27.2146,82.68589,305.2,0.39,0.36,2026-04-22,2010,N20,VIIRS,n,2.0NRT,293.76,0.89,Night,VIIRS_NOAA20_NRT,,,2026,4,22,Spring,0°-30°N
53.2744,33.62167,325.47,0.56,0.51,2026-04-22,934,N20,VIIRS,n,2.0NRT,290.97,4.08,Day,VIIRS_NOAA20_NRT,,,2026,4,22,Spring,30°N-60°N
26.07594,93.37625,331.77,0.4,0.44,2026-04-23,633,N21,VIIRS,n,2.0NRT,296.17,3.49,Day,VIIRS_NOAA21_NRT,,,2026,4,23,Spring,0°-30°N
42.40024,127.07852,326.72,0.62,0.54,2026-04-23,347,N,VIIRS,n,2.0NRT,299.03,4.13,Day,VIIRS_SNPP_NRT,,,2026,4,23,Spring,30°N-60°N
-3.8718,122.40456,329.86,0.34,0.56,2026-04-22,553,N20,VIIRS,n,2.0NRT,293.39,3.64,Day,VIIRS_NOAA20_NRT,,,2026,4,22,Spring,30°S-0°
27.64436,22.48167,345.46,0.55,0.51,2026-04-24,1210,N20,VIIRS,n,2.0NRT,313.96,11.79,Day,VIIRS_NOAA20_NRT,,,2026,4,24,Spring,0°-30°N
-22.92085,-43.75251,301.41,0.45,0.63,2026-04-23,453,N20,VIIRS,n,2.0NRT,290.67,1.64,Night,VIIRS_NOAA20_NRT,,,2026,4,23,Spring,30°S-0°
23.48964,78.24745,355.22,0.5,0.65,2026-04-21,712,N21,VIIRS,n,2.0NRT,312.58,14.13,Day,VIIRS_NOAA21_NRT,,,2026,4,21,Spring,0°-30°N
16.8907,95.34589,352.17,0.39,0.37,2026-04-22,650,N21,VIIRS,n,2.0NRT,313.47,24.83,Day,VIIRS_NOAA21_NRT,,,2026,4,22,Spring,0°-30°N
9.17246,-12.18865,338.03,0.42,0.38,2026-04-25,1418,N21,VIIRS,l,2.0NRT,312.96,24.29,Day,VIIRS_NOAA21_NRT,,,2026,4,25,Spring,0°-30°N
13.48093,37.30759,340.83,0.64,0.54,2026-04-21,1121,N20,VIIRS,n,2.0NRT,303.49,13.5,Day,VIIRS_NOAA20_NRT,,,2026,4,21,Spring,0°-30°N
19.24805,95.92139,337.38,0.38,0.36,2026-04-22,650,N21,VIIRS,n,2.0NRT,302.79,3.69,Day,VIIRS_NOAA21_NRT,,,2026,4,22,Spring,0°-30°N
17.29003,81.42487,,1.03,1.01,2026-04-22,949,Aqua,MODIS,46,6.1NRT,,7.09,Day,MODIS_NRT,318.66,301.1,2026,4,22,Spring,0°-30°N
10.29523,-11.71733,340.34,0.38,0.36,2026-04-23,1408,N20,VIIRS,n,2.0NRT,305.86,11.86,Day,VIIRS_NOAA20_NRT,,,2026,4,23,Spring,0°-30°N
43.80986,127.37144,336.79,0.55,0.51,2026-04-23,347,N,VIIRS,n,2.0NRT,296.5,7.89,Day,VIIRS_SNPP_NRT,,,2026,4,23,Spring,30°N-60°N
31.12328,29.81449,324.91,0.39,0.36,2026-04-21,2352,N20,VIIRS,n,2.0NRT,290.41,1.75,Night,VIIRS_NOAA20_NRT,,,2026,4,21,Spring,30°N-60°N
-13.73062,-75.9126,347.39,0.45,0.39,2026-04-21,1849,N21,VIIRS,n,2.0NRT,305.15,5.78,Day,VIIRS_NOAA21_NRT,,,2026,4,21,Spring,30°S-0°
9.78201,-13.20583,347.41,0.4,0.37,2026-04-21,1427,N,VIIRS,n,2.0NRT,312.96,26.76,Day,VIIRS_SNPP_NRT,,,2026,4,21,Spring,0°-30°N
-15.98986,124.98048,329.04,0.39,0.36,2026-04-25,1652,N21,VIIRS,n,2.0NRT,294.77,3.0,Night,VIIRS_NOAA21_NRT,,,2026,4,25,Spring,30°S-0°
29.27652,-82.63856,367.0,0.41,0.45,2026-04-21,1813,N20,VIIRS,l,2.0NRT,359.28,130.35,Day,VIIRS_NOAA20_NRT,,,2026,4,21,Spring,0°-30°N
24.85519,75.01839,367.0,0.45,0.63,2026-04-23,726,N20,VIIRS,h,2.0NRT,315.05,8.6,Day,VIIRS_NOAA20_NRT,,,2026,4,23,Spring,0°-30°N
51.35499,81.1606,346.02,0.32,0.55,2026-04-25,816,N,VIIRS,n,2.0NRT,302.35,3.13,Day,VIIRS_SNPP_NRT,,,2026,4,25,Spring,30°N-60°N
24.11122,77.4244,316.13,0.6,0.71,2026-04-22,2131,N,VIIRS,n,2.0NRT,290.91,1.49,Night,VIIRS_SNPP_NRT,,,2026,4,22,Spring,0°-30°N
14.41896,98.75055,341.17,0.47,0.64,2026-04-22,559,N20,VIIRS,n,2.0NRT,295.83,6.44,Day,VIIRS_NOAA20_NRT,,,2026,4,22,Spring,0°-30°N
18.49999,80.47485,338.64,0.41,0.37,2026-04-21,803,N20,VIIRS,n,2.0NRT,307.71,3.71,Day,VIIRS_NOAA20_NRT,,,2026,4,21,Spring,0°-30°N
-17.08438,124.42731,347.89,0.44,0.38,2026-04-23,531,N20,VIIRS,n,2.0NRT,305.56,24.78,Day,VIIRS_NOAA20_NRT,,,2026,4,23,Spring,30°S-0°
21.8322,73.48237,344.51,0.33,0.55,2026-04-22,744,N20,VIIRS,n,2.0NRT,313.47,5.56,Day,VIIRS_NOAA20_NRT,,,2026,4,22,Spring,0°-30°N
19.47682,73.41931,349.75,0.4,0.37,2026-04-25,826,N20,VIIRS,l,2.0NRT,320.69,17.32,Day,VIIRS_NOAA20_NRT,,,2026,4,25,Spring,0°-30°N
19.46448,-89.85043,,1.19,1.08,2026-04-22,2118,Aqua,MODIS,57,6.1NRT,,13.81,Day,MODIS_NRT,325.76,305.9,2026,4,22,Spring,0°-30°N
23.68088,86.39648,320.67,0.58,0.52,2026-04-21,2029,N20,VIIRS,n,2.0NRT,300.37,4.51,Night,VIIRS_NOAA20_NRT,,,2026,4,21,Spring,0°-30°N
17.64443,104.05414,322.09,0.44,0.38,2026-04-22,1832,N20,VIIRS,n,2.0NRT,295.42,2.33,Night,VIIRS_NOAA20_NRT,,,2026,4,22,Spring,0°-30°N
25.08824,84.20374,348.72,0.39,0.36,2026-04-25,735,N21,VIIRS,l,2.0NRT,321.23,20.55,Day,VIIRS_NOAA21_NRT,,,2026,4,25,Spring,0°-30°N
11.13419,27.21793,309.79,0.52,0.67,2026-04-24,2259,N20,VIIRS,n,2.0NRT,291.89,2.03,Night,VIIRS_NOAA20_NRT,,,2026,4,24,Spring,0°-30°N
20.5542,-104.73315,351.37,0.38,0.59,2026-04-23,924,N,VIIRS,n,2.0NRT,293.66,6.22,Night,VIIRS_SNPP_NRT,,,2026,4,23,Spring,0°-30°N
53.41204,83.75533,356.24,0.32,0.55,2026-04-21,610,N,VIIRS,l,2.0NRT,289.71,25.11,Day,VIIRS_SNPP_NRT,,,2026,4,21,Spring,30°N-60°N
13.05687,5.17146,309.62,0.4,0.44,2026-04-23,100,N,VIIRS,n,2.0NRT,293.0,1.9,Night,VIIRS_SNPP_NRT,,,2026,4,23,Spring,0°-30°N
27.3291,84.69398,316.98,0.57,0.43,2026-04-22,1949,N,VIIRS,n,2.0NRT,295.56,1.75,Night,VIIRS_SNPP_NRT,,,2026,4,22,Spring,0°-30°N
5.83533,-68.84921,319.58,0.4,0.37,2026-04-21,612,N21,VIIRS,n,2.0NRT,283.21,1.73,Night,VIIRS_NOAA21_NRT,,,2026,4,21,Spring,0°-30°N
-17.663,-54.27687,338.85,0.55,0.43,2026-04-21,1741,N,VIIRS,n,2.0NRT,297.61,4.91,Day,VIIRS_SNPP_NRT,,,2026,4,21,Spring,30°S-0°
23.59003,78.44176,304.8,0.47,0.39,2026-04-23,2042,N21,VIIRS,n,2.0NRT,294.33,1.0,Night,VIIRS_NOAA21_NRT,,,2026,4,23,Spring,0°-30°N
14.89897,98.62556,335.37,0.57,0.43,2026-04-24,703,N20,VIIRS,n,2.0NRT,302.33,3.63,Day,VIIRS_NOAA20_NRT,,,2026,4,24,Spring,0°-30°N
27.16322,83.71417,308.42,0.53,0.42,2026-04-21,2029,N20,VIIRS,n,2.0NRT,291.88,1.35,Night,VIIRS_NOAA20_NRT,,,2026,4,21,Spring,0°-30°N
15.86363,104.95026,310.87,0.47,0.4,2026-04-21,1851,N20,VIIRS,n,2.0NRT,293.53,1.24,Night,VIIRS_NOAA20_NRT,,,2026,4,21,Spring,0°-30°N
44.1039,127.04335,336.53,0.46,0.39,2026-04-23,408,N20,VIIRS,n,2.0NRT,295.5,5.29,Day,VIIRS_NOAA20_NRT,,,2026,4,23,Spring,30°N-60°N
42.50959,126.41425,330.11,0.33,0.55,2026-04-23,347,N,VIIRS,n,2.0NRT,296.73,2.95,Day,VIIRS_SNPP_NRT,,,2026,4,23,Spring,30°N-60°N
20.2765,98.14203,336.64,0.43,0.38,2026-04-22,650,N21,VIIRS,n,2.0NRT,305.4,6.25,Day,VIIRS_NOAA21_NRT,,,2026,4,22,Spring,0°-30°N
54.67849,67.83374,338.26,0.66,0.73,2026-04-22,934,N20,VIIRS,n,2.0NRT,293.14,8.91,Day,VIIRS_NOAA20_NRT,,,2026,4,22,Spring,30°N-60°N
9.79626,26.81908,353.61,0.39,0.59,2026-04-25,1056,N21,VIIRS,n,2.0NRT,298.85,10.98,Day,VIIRS_NOAA21_NRT,,,2026,4,25,Spring,0°-30°N
30.50198,74.17139,352.37,0.52,0.67,2026-04-22,907,N,VIIRS,n,2.0NRT,305.14,6.68,Day,VIIRS_SNPP_NRT,,,2026,4,22,Spring,30°N-60°N
20.55082,-104.72807,367.0,0.5,0.7,2026-04-25,1926,N21,VIIRS,h,2.0URT,309.69,21.66,Day,VIIRS_NOAA21_NRT,,,2026,4,25,Spring,0°-30°N
-23.61192,-51.31583,340.19,0.43,0.46,2026-04-21,1739,N,VIIRS,n,2.0NRT,299.58,8.54,Day,VIIRS_SNPP_NRT,,,2026,4,21,Spring,30°S-0°
29.60923,79.32133,303.95,0.47,0.64,2026-04-21,2118,N21,VIIRS,n,2.0NRT,287.42,1.37,Night,VIIRS_NOAA21_NRT,,,2026,4,21,Spring,0°-30°N
9.55322,-69.02628,337.54,0.42,0.38,2026-04-22,1749,N20,VIIRS,l,2.0NRT,300.36,4.81,Day,VIIRS_NOAA20_NRT,,,2026,4,22,Spring,0°-30°N
24.98833,83.69331,338.06,0.41,0.61,2026-04-22,652,N21,VIIRS,n,2.0NRT,309.98,7.28,Day,VIIRS_NOAA21_NRT,,,2026,4,22,Spring,0°-30°N
10.07548,-12.7538,345.97,0.41,0.37,2026-04-21,1427,N,VIIRS,n,2.0NRT,312.08,13.71,Day,VIIRS_SNPP_NRT,,,2026,4,21,Spring,0°-30°N
25.74949,78.53784,323.84,0.54,0.42,2026-04-22,2012,N20,VIIRS,n,2.0NRT,293.94,2.71,Night,VIIRS_NOAA20_NRT,,,2026,4,22,Spring,0°-30°N
33.53656,-86.75661,299.68,0.39,0.36,2026-04-24,739,N20,VIIRS,n,2.0NRT,288.96,2.17,Night,VIIRS_NOAA20_NRT,,,2026,4,24,Spring,30°N-60°N
7.96596,-12.11981,341.16,0.41,0.37,2026-04-25,1418,N21,VIIRS,n,2.0NRT,294.4,174.57,Day,VIIRS_NOAA21_NRT,,,2026,4,25,Spring,0°-30°N
22.37735,79.7035,341.36,0.38,0.59,2026-04-22,833,N21,VIIRS,l,2.0NRT,314.89,5.31,Day,VIIRS_NOAA21_NRT,,,2026,4,22,Spring,0°-30°N
-36.94041,147.47977,338.4,0.33,0.56,2026-04-25,449,N20,VIIRS,n,2.0NRT,293.49,4.16,Day,VIIRS_NOAA20_NRT,,,2026,4,25,Spring,60°S-30°S
-27.43645,-48.76,331.2,0.46,0.39,2026-04-22,1645,N21,VIIRS,n,2.0NRT,299.16,6.43,Day,VIIRS_NOAA21_NRT,,,2026,4,22,Spring,30°S-0°
25.60668,97.27419,353.05,0.43,0.46,2026-04-24,705,N20,VIIRS,n,2.0NRT,293.93,10.66,Day,VIIRS_NOAA20_NRT,,,2026,4,24,Spring,0°-30°N
16.87169,95.3511,331.42,0.52,0.67,2026-04-22,741,N20,VIIRS,n,2.0NRT,299.04,4.68,Day,VIIRS_NOAA20_NRT,,,2026,4,22,Spring,0°-30°N
42.90651,128.3595,329.54,0.55,0.68,2026-04-23,315,N21,VIIRS,n,2.0NRT,293.52,6.95,Day,VIIRS_NOAA21_NRT,,,2026,4,23,Spring,30°N-60°N
21.30043,57.79976,304.69,0.32,0.55,2026-04-23,2225,N21,VIIRS,n,2.0NRT,294.3,0.82,Night,VIIRS_NOAA21_NRT,,,2026,4,23,Spring,0°-30°N
28.48423,81.5468,337.77,0.48,0.4,2026-04-23,726,N20,VIIRS,n,2.0NRT,305.88,3.77,Day,VIIRS_NOAA20_NRT,,,2026,4,23,Spring,0°-30°N
23.85832,96.39268,333.08,0.42,0.45,2026-04-25,627,N,VIIRS,n,2.0NRT,302.14,2.65,Day,VIIRS_SNPP_NRT,,,2026,4,25,Spring,0°-30°N
60.94938,112.0198,324.62,0.45,0.39,2026-04-21,1838,N20,VIIRS,n,2.0NRT,257.83,2.66,Night,VIIRS_NOAA20_NRT,,,2026,4,21,Spring,60°N-90°N
52.39989,70.07605,335.34,0.4,0.37,2026-04-22,752,N20,VIIRS,n,2.0NRT,278.79,3.19,Day,VIIRS_NOAA20_NRT,,,2026,4,22,Spring,30°N-60°N
11.55437,-11.22871,367.0,0.42,0.45,2026-04-23,1348,N,VIIRS,h,2.0NRT,312.16,20.06,Day,VIIRS_SNPP_NRT,,,2026,4,23,Spring,0°-30°N
52.00546,84.51515,297.16,0.34,0.56,2026-04-22,1945,N,VIIRS,n,2.0NRT,272.5,1.62,Night,VIIRS_SNPP_NRT,,,2026,4,22,Spring,30°N-60°N
-15.378,125.82324,335.68,0.47,0.4,2026-04-22,459,N21,VIIRS,l,2.0NRT,307.74,6.47,Day,VIIRS_NOAA21_NRT,,,2026,4,22,Spring,30°S-0°
-15.54917,127.48555,323.01,0.4,0.37,2026-04-25,1652,N21,VIIRS,n,2.0NRT,295.38,1.52,Night,VIIRS_NOAA21_NRT,,,2026,4,25,Spring,30°S-0°
9.57622,26.69197,295.28,0.42,0.37,2026-04-22,2337,N20,VIIRS,n,2.0NRT,270.57,0.4,Night,VIIRS_NOAA20_NRT,,,2026,4,22,Spring,0°-30°N
8.43059,-12.69694,320.89,0.4,0.37,2026-04-25,1418,N21,VIIRS,l,2.0NRT,322.28,121.04,Day,VIIRS_NOAA21_NRT,,,2026,4,25,Spring,0°-30°N
23.54915,92.53033,347.53,0.49,0.65,2026-04-24,614,N21,VIIRS,n,2.0NRT,294.54,8.45,Day,VIIRS_NOAA21_NRT,,,2026,4,24,Spring,0°-30°N
-21.67934,46.13989,343.44,0.48,0.4,2026-04-21,1019,N21,VIIRS,n,2.0NRT,308.27,4.74,Day,VIIRS_NOAA21_NRT,,,2026,4,21,Spring,30°S-0°
25.48973,78.61948,367.0,0.42,0.61,2026-04-21,712,N21,VIIRS,h,2.0NRT,320.32,29.2,Day,VIIRS_NOAA21_NRT,,,2026,4,21,Spring,0°-30°N
24.81696,76.51913,318.84,0.41,0.61,2026-04-21,2121,N21,VIIRS,n,2.0NRT,291.37,2.97,Night,VIIRS_NOAA21_NRT,,,2026,4,21,Spring,0°-30°N
30.75108,48.27942,342.07,0.44,0.39,2026-04-23,2222,N21,VIIRS,n,2.0NRT,319.44,18.66,Night,VIIRS_NOAA21_NRT,,,2026,4,23,Spring,30°N-60°N
27.58619,22.40217,317.21,0.49,0.65,2026-04-21,2333,N,VIIRS,n,2.0NRT,286.13,1.57,Night,VIIRS_SNPP_NRT,,,2026,4,21,Spring,0°-30°N
51.03723,2.29158,331.69,0.43,0.38,2026-04-21,1255,N,VIIRS,n,2.0NRT,294.22,3.95,Day,VIIRS_SNPP_NRT,,,2026,4,21,Spring,30°N-60°N
-27.32224,30.67808,342.72,0.41,0.6,2026-04-21,1232,N,VIIRS,n,2.0NRT,290.89,4.96,Day,VIIRS_SNPP_NRT,,,2026,4,21,Spring,30°S-0°
13.30421,-83.60308,340.21,0.46,0.47,2026-04-24,1834,N,VIIRS,n,2.0NRT,294.22,5.6,Day,VIIRS_SNPP_NRT,,,2026,4,24,Spring,0°-30°N
19.2217,99.669,330.35,0.42,0.45,2026-04-24,612,N21,VIIRS,l,2.0NRT,302.75,4.2,Day,VIIRS_NOAA21_NRT,,,2026,4,24,Spring,0°-30°N
33.09496,-82.74473,367.0,0.39,0.59,2026-04-21,1756,N,VIIRS,h,2.0NRT,305.32,14.23,Day,VIIRS_SNPP_NRT,,,2026,4,21,Spring,30°N-60°N
-30.56898,148.16504,349.76,0.36,0.57,2026-04-22,315,N21,VIIRS,n,2.0NRT,304.17,5.86,Day,VIIRS_NOAA21_NRT,,,2026,4,22,Spring,60°S-30°S
-6.6715,25.66303,336.13,0.48,0.48,2026-04-22,1219,N,VIIRS,n,2.0NRT,297.02,8.85,Day,VIIRS_SNPP_NRT,,,2026,4,22,Spring,30°S-0°
9.1786,-67.52402,339.16,0.42,0.45,2026-04-23,1730,N20,VIIRS,n,2.0NRT,298.17,9.47,Day,VIIRS_NOAA20_NRT,,,2026,4,23,Spring,0°-30°N
31.32017,49.28299,305.48,0.68,0.74,2026-04-23,2131,N20,VIIRS,n,2.0NRT,277.31,4.55,Night,VIIRS_NOAA20_NRT,,,2026,4,23,Spring,30°N-60°N
29.07265,19.06051,367.0,0.43,0.62,2026-04-24,2344,N21,VIIRS,h,2.0NRT,294.15,17.1,Night,VIIRS_NOAA21_NRT,,,2026,4,24,Spring,0°-30°N
-36.40727,149.49545,332.97,0.42,0.61,2026-04-25,308,N20,VIIRS,n,2.0NRT,291.68,4.75,Day,VIIRS_NOAA20_NRT,,,2026,4,25,Spring,60°S-30°S
30.8759,5.64415,337.22,0.41,0.45,2026-04-21,100,N21,VIIRS,n,2.0NRT,290.37,4.22,Night,VIIRS_NOAA21_NRT,,,2026,4,21,Spring,30°N-60°N
23.54454,53.33089,304.1,0.32,0.54,2026-04-23,2133,N20,VIIRS,n,2.0NRT,282.47,5.78,Night,VIIRS_NOAA20_NRT,,,2026,4,23,Spring,0°-30°N
22.03981,93.76495,306.58,0.38,0.36,2026-04-23,1934,N,VIIRS,n,2.0NRT,294.04,0.99,Night,VIIRS_SNPP_NRT,,,2026,4,23,Spring,0°-30°N
28.39505,81.4713,309.78,0.49,0.4,2026-04-21,2010,N,VIIRS,n,2.0NRT,296.51,1.84,Night,VIIRS_SNPP_NRT,,,2026,4,21,Spring,0°-30°N
-16.10858,125.70678,317.28,0.38,0.36,2026-04-25,1652,N21,VIIRS,n,2.0NRT,293.71,1.22,Night,VIIRS_NOAA21_NRT,,,2026,4,25,Spring,30°S-0°
13.1767,-8.12102,346.51,0.39,0.36,2026-04-21,1355,N21,VIIRS,l,2.0NRT,319.49,15.06,Day,VIIRS_NOAA21_NRT,,,2026,4,21,Spring,0°-30°N
51.72493,72.13395,330.0,0.51,0.41,2026-04-22,731,N,VIIRS,n,2.0NRT,284.79,4.77,Day,VIIRS_SNPP_NRT,,,2026,4,22,Spring,30°N-60°N
24.17885,77.38644,304.82,0.39,0.6,2026-04-23,1951,N20,VIIRS,n,2.0NRT,292.4,0.22,Night,VIIRS_NOAA20_NRT,,,2026,4,23,Spring,0°-30°N
9.80646,-11.60237,337.38,0.38,0.36,2026-04-23,1405,N20,VIIRS,n,2.0NRT,304.01,18.67,Day,VIIRS_NOAA20_NRT,,,2026,4,23,Spring,0°-30°N
18.62764,-91.12009,349.09,0.46,0.64,2026-04-25,1836,N20,VIIRS,n,2.0NRT,301.8,6.86,Day,VIIRS_NOAA20_NRT,,,2026,4,25,Spring,0°-30°N
21.97326,80.53461,367.0,0.48,0.4,2026-04-25,735,N21,VIIRS,l,2.0NRT,325.09,89.52,Day,VIIRS_NOAA21_NRT,,,2026,4,25,Spring,0°-30°N
23.3986,77.39562,318.4,0.48,0.64,2026-04-22,1951,N,VIIRS,n,2.0NRT,290.96,2.51,Night,VIIRS_SNPP_NRT,,,2026,4,22,Spring,0°-30°N
23.20953,83.52351,352.2,0.69,0.74,2026-04-22,833,N21,VIIRS,n,2.0NRT,304.6,14.27,Day,VIIRS_NOAA21_NRT,,,2026,4,22,Spring,0°-30°N
44.32052,127.83087,348.27,0.46,0.39,2026-04-24,438,N21,VIIRS,n,2.0NRT,300.45,9.99,Day,VIIRS_NOAA21_NRT,,,2026,4,24,Spring,30°N-60°N
-14.87718,125.91282,338.62,0.38,0.36,2026-04-24,514,N20,VIIRS,n,2.0NRT,308.48,6.14,Day,VIIRS_NOAA20_NRT,,,2026,4,24,Spring,30°S-0°
9.12377,-64.19598,345.24,0.39,0.36,2026-04-21,1747,N,VIIRS,n,2.0NRT,306.62,9.36,Day,VIIRS_SNPP_NRT,,,2026,4,21,Spring,0°-30°N
-18.56396,-58.58655,367.0,0.58,0.7,2026-04-25,1643,N20,VIIRS,h,2.0NRT,291.67,21.93,Day,VIIRS_NOAA20_NRT,,,2026,4,25,Spring,30°S-0°
8.84957,-10.86178,345.46,0.38,0.36,2026-04-23,1405,N20,VIIRS,n,2.0NRT,300.82,6.76,Day,VIIRS_NOAA20_NRT,,,2026,4,23,Spring,0°-30°N
45.07149,133.34367,313.34,0.4,0.45,2026-04-23,1743,N,VIIRS,n,2.0NRT,267.78,1.07,Night,VIIRS_SNPP_NRT,,,2026,4,23,Spring,30°N-60°N
17.38185,81.31912,341.31,0.39,0.36,2026-04-24,754,N21,VIIRS,n,2.0NRT,306.21,3.43,Day,VIIRS_NOAA21_NRT,,,2026,4,24,Spring,0°-30°N
-21.49767,45.91766,330.5,0.48,0.48,2026-04-23,1015,N,VIIRS,l,2.0NRT,305.29,3.7,Day,VIIRS_SNPP_NRT,,,2026,4,23,Spring,30°S-0°
24.01249,78.02951,313.0,0.44,0.39,2026-04-23,2042,N21,VIIRS,n,2.0NRT,293.37,3.3,Night,VIIRS_NOAA21_NRT,,,2026,4,23,Spring,0°-30°N
18.42682,81.98714,334.43,0.4,0.37,2026-04-22,741,N20,VIIRS,l,2.0NRT,304.42,1.16,Day,VIIRS_NOAA20_NRT,,,2026,4,22,Spring,0°-30°N
27.54465,85.04853,300.98,0.6,0.71,2026-04-22,2057,N21,VIIRS,n,2.0NRT,289.34,1.07,Night,VIIRS_NOAA21_NRT,,,2026,4,22,Spring,0°-30°N
40.94173,-117.86079,296.0,0.39,0.36,2026-04-21,956,N,VIIRS,n,2.0NRT,278.04,0.57,Night,VIIRS_SNPP_NRT,,,2026,4,21,Spring,30°N-60°N
43.5075,122.20166,331.82,0.47,0.4,2026-04-22,425,N20,VIIRS,l,2.0NRT,303.18,2.15,Day,VIIRS_NOAA20_NRT,,,2026,4,22,Spring,30°N-60°N
31.16228,-87.98002,300.33,0.4,0.37,2026-04-21,746,N21,VIIRS,n,2.0NRT,285.05,0.78,Night,VIIRS_NOAA21_NRT,,,2026,4,21,Spring,30°N-60°N
24.97238,76.18562,307.44,0.49,0.65,2026-04-22,2131,N,VIIRS,n,2.0NRT,291.98,5.01,Night,VIIRS_SNPP_NRT,,,2026,4,22,Spring,0°-30°N
26.61974,83.84299,355.76,0.39,0.36,2026-04-21,744,N,VIIRS,n,2.0NRT,321.11,18.23,Day,VIIRS_SNPP_NRT,,,2026,4,21,Spring,0°-30°N
23.84257,78.0083,350.14,0.39,0.44,2026-04-21,744,N,VIIRS,n,2.0NRT,322.13,46.77,Day,VIIRS_SNPP_NRT,,,2026,4,21,Spring,0°-30°N
31.20849,48.95694,340.1,0.35,0.57,2026-04-24,1030,N20,VIIRS,n,2.0NRT,265.51,4.53,Day,VIIRS_NOAA20_NRT,,,2026,4,24,Spring,30°N-60°N
25.89924,82.95371,338.13,0.33,0.56,2026-04-23,813,N21,VIIRS,l,2.0NRT,311.78,2.27,Day,VIIRS_NOAA21_NRT,,,2026,4,23,Spring,0°-30°N
21.15918,94.05,367.0,0.45,0.63,2026-04-24,614,N21,VIIRS,h,2.0NRT,299.24,13.35,Day,VIIRS_NOAA21_NRT,,,2026,4,24,Spring,0°-30°N
-32.53442,147.89096,299.58,0.41,0.37,2026-04-23,1503,N20,VIIRS,n,2.0NRT,283.05,0.37,Night,VIIRS_NOAA20_NRT,,,2026,4,23,Spring,60°S-30°S
16.28267,78.8568,349.13,0.38,0.36,2026-04-25,805,N,VIIRS,n,2.0NRT,311.0,4.03,Day,VIIRS_SNPP_NRT,,,2026,4,25,Spring,0°-30°N
11.98478,-11.07471,341.2,0.72,0.75,2026-04-23,1457,N21,VIIRS,n,2.0NRT,300.66,16.43,Day,VIIRS_NOAA21_NRT,,,2026,4,23,Spring,0°-30°N
-15.90698,47.40483,351.07,0.39,0.44,2026-04-25,1047,N21,VIIRS,n,2.0NRT,303.68,14.7,Day,VIIRS_NOAA21_NRT,,,2026,4,25,Spring,30°S-0°
23.57444,78.21941,306.71,0.56,0.68,2026-04-21,2121,N21,VIIRS,n,2.0NRT,291.71,2.17,Night,VIIRS_NOAA21_NRT,,,2026,4,21,Spring,0°-30°N
27.90244,81.93362,335.12,0.49,0.4,2026-04-24,756,N21,VIIRS,l,2.0NRT,308.19,9.94,Day,VIIRS_NOAA21_NRT,,,2026,4,24,Spring,0°-30°N
13.73197,-86.08633,331.9,0.33,0.55,2026-04-24,1834,N,VIIRS,n,2.0NRT,295.9,4.37,Day,VIIRS_SNPP_NRT,,,2026,4,24,Spring,0°-30°N
-6.85237,23.19358,333.09,0.44,0.38,2026-04-22,1149,N21,VIIRS,n,2.0NRT,296.78,12.11,Day,VIIRS_NOAA21_NRT,,,2026,4,22,Spring,30°S-0°
26.40134,95.7142,330.51,0.46,0.39,2026-04-23,705,N,VIIRS,n,2.0NRT,294.87,6.0,Day,VIIRS_SNPP_NRT,,,2026,4,23,Spring,0°-30°N
18.92706,96.25468,344.16,0.63,0.72,2026-04-22,741,N20,VIIRS,n,2.0NRT,293.52,7.14,Day,VIIRS_NOAA20_NRT,,,2026,4,22,Spring,0°-30°N
54.78238,21.00721,328.35,0.42,0.37,2026-04-24,1125,N21,VIIRS,n,2.0NRT,291.29,2.08,Day,VIIRS_NOAA21_NRT,,,2026,4,24,Spring,30°N-60°N
32.35309,47.70017,,1.39,1.17,2026-04-22,1132,Aqua,MODIS,83,6.1NRT,,26.97,Day,MODIS_NRT,329.83,309.43,2026,4,22,Spring,30°N-60°N
18.03193,-93.92049,331.72,0.72,0.76,2026-04-25,1836,N20,VIIRS,n,2.0NRT,297.0,4.39,Day,VIIRS_NOAA20_NRT,,,2026,4,25,Spring,0°-30°N
-17.49095,129.40283,351.15,0.44,0.62,2026-04-21,550,N,VIIRS,n,2.0NRT,304.7,8.15,Day,VIIRS_SNPP_NRT,,,2026,4,21,Spring,30°S-0°
21.4854,80.76981,309.01,0.45,0.39,2026-04-21,2012,N,VIIRS,n,2.0NRT,294.3,1.87,Night,VIIRS_SNPP_NRT,,,2026,4,21,Spring,0°-30°N
4.6655,97.59962,339.07,0.48,0.48,2026-04-23,720,N20,VIIRS,n,2.0NRT,298.22,7.9,Day,VIIRS_NOAA20_NRT,,,2026,4,23,Spring,0°-30°N
27.68528,111.43408,301.95,0.39,0.36,2026-04-25,1821,N21,VIIRS,n,2.0NRT,280.9,0.61,Night,VIIRS_NOAA21_NRT,,,2026,4,25,Spring,0°-30°N
10.9749,-13.24044,331.68,0.46,0.39,2026-04-22,1425,N20,VIIRS,l,2.0NRT,305.56,6.02,Day,VIIRS_NOAA20_NRT,,,2026,4,22,Spring,0°-30°N
-15.32902,127.30939,335.76,0.44,0.46,2026-04-23,531,N20,VIIRS,n,2.0NRT,301.17,3.91,Day,VIIRS_NOAA20_NRT,,,2026,4,23,Spring,30°S-0°
18.69317,73.03987,317.27,0.64,0.54,2026-04-22,2014,N20,VIIRS,n,2.0NRT,294.85,2.22,Night,VIIRS_NOAA20_NRT,,,2026,4,22,Spring,0°-30°N
-0.43069,115.68961,356.88,0.57,0.52,2026-04-25,620,N,VIIRS,n,2.0NRT,297.03,30.28,Day,VIIRS_SNPP_NRT,,,2026,4,25,Spring,30°S-0°
22.86134,93.13865,355.0,0.35,0.56,2026-04-21,741,N,VIIRS,n,2.0NRT,305.84,184.64,Day,VIIRS_SNPP_NRT,,,2026,4,21,Spring,0°-30°N
13.17279,120.71761,334.24,0.4,0.37,2026-04-24,523,N20,VIIRS,n,2.0NRT,302.51,3.23,Day,VIIRS_NOAA20_NRT,,,2026,4,24,Spring,0°-30°N
14.11552,79.07697,,1.02,1.01,2026-04-22,342,Terra,MODIS,44,6.1NRT,,5.4,Day,MODIS_NRT,320.0,306.68,2026,4,22,Spring,0°-30°N
25.38864,-108.12643,340.13,0.48,0.4,2026-04-24,2038,N20,VIIRS,l,2.0NRT,314.83,6.59,Day,VIIRS_NOAA20_NRT,,,2026,4,24,Spring,0°-30°N
-22.51972,47.437,341.94,0.43,0.38,2026-04-21,1019,N21,VIIRS,n,2.0NRT,303.9,4.4,Day,VIIRS_NOAA21_NRT,,,2026,4,21,Spring,30°S-0°
24.22281,92.0723,333.23,0.41,0.37,2026-04-21,709,N21,VIIRS,n,2.0NRT,298.57,4.67,Day,VIIRS_NOAA21_NRT,,,2026,4,21,Spring,0°-30°N
-7.85474,24.39392,341.82,0.38,0.43,2026-04-22,1219,N,VIIRS,n,2.0NRT,294.56,5.72,Day,VIIRS_SNPP_NRT,,,2026,4,22,Spring,30°S-0°
27.78091,79.17181,350.93,0.4,0.37,2026-04-22,746,N20,VIIRS,l,2.0NRT,320.41,6.65,Day,VIIRS_NOAA20_NRT,,,2026,4,22,Spring,0°-30°N
43.87653,127.5807,346.75,0.39,0.36,2026-04-22,425,N20,VIIRS,n,2.0NRT,294.64,6.58,Day,VIIRS_NOAA20_NRT,,,2026,4,22,Spring,30°N-60°N
-27.47477,149.79961,297.48,0.53,0.5,2026-04-23,1444,N,VIIRS,n,2.0NRT,284.62,0.59,Night,VIIRS_SNPP_NRT,,,2026,4,23,Spring,30°S-0°
12.47364,31.28167,312.59,0.49,0.49,2026-04-21,2356,N20,VIIRS,n,2.0NRT,293.33,1.6,Night,VIIRS_NOAA20_NRT,,,2026,4,21,Spring,0°-30°N
-2.01287,121.4213,326.57,0.66,0.73,2026-04-21,434,N20,VIIRS,n,2.0NRT,284.79,8.07,Day,VIIRS_NOAA20_NRT,,,2026,4,21,Spring,30°S-0°
54.76951,82.31444,346.31,0.38,0.36,2026-04-23,714,N,VIIRS,n,2.0NRT,299.91,6.58,Day,VIIRS_SNPP_NRT,,,2026,4,23,Spring,30°N-60°N
31.85821,-100.85883,331.66,0.5,0.49,2026-04-23,1917,N20,VIIRS,n,2.0NRT,287.45,7.32,Day,VIIRS_NOAA20_NRT,,,2026,4,23,Spring,30°N-60°N
41.34992,123.73976,305.74,0.41,0.37,2026-04-22,1732,N21,VIIRS,n,2.0NRT,277.16,0.99,Night,VIIRS_NOAA21_NRT,,,2026,4,22,Spring,30°N-60°N
6.21207,-9.67432,338.88,0.41,0.45,2026-04-23,1346,N,VIIRS,n,2.0NRT,291.34,18.13,Day,VIIRS_SNPP_NRT,,,2026,4,23,Spring,0°-30°N
18.81488,101.78139,315.39,0.39,0.36,2026-04-21,1849,N20,VIIRS,n,2.0NRT,295.68,3.85,Night,VIIRS_NOAA20_NRT,,,2026,4,21,Spring,0°-30°N
15.28939,98.84887,303.67,0.69,0.74,2026-04-22,1813,N,VIIRS,n,2.0NRT,288.39,1.74,Night,VIIRS_SNPP_NRT,,,2026,4,22,Spring,0°-30°N
38.74865,127.14658,335.85,0.57,0.43,2026-04-23,406,N20,VIIRS,n,2.0NRT,286.8,6.32,Day,VIIRS_NOAA20_NRT,,,2026,4,23,Spring,30°N-60°N
11.12292,-12.20237,354.71,0.43,0.38,2026-04-25,1418,N21,VIIRS,n,2.0NRT,327.15,40.18,Day,VIIRS_NOAA21_NRT,,,2026,4,25,Spring,0°-30°N
10.9682,17.68586,345.86,0.54,0.51,2026-04-21,1244,N,VIIRS,n,2.0NRT,301.14,10.39,Day,VIIRS_SNPP_NRT,,,2026,4,21,Spring,0°-30°N
-16.41606,126.67001,331.56,0.42,0.45,2026-04-24,453,N,VIIRS,n,2.0NRT,294.08,7.12,Day,VIIRS_SNPP_NRT,,,2026,4,24,Spring,30°S-0°
29.94445,73.12234,349.84,0.57,0.52,2026-04-24,848,N20,VIIRS,n,2.0NRT,308.29,9.88,Day,VIIRS_NOAA20_NRT,,,2026,4,24,Spring,0°-30°N
17.29719,99.00786,309.88,0.35,0.57,2026-04-21,1832,N,VIIRS,n,2.0NRT,294.66,1.77,Night,VIIRS_SNPP_NRT,,,2026,4,21,Spring,0°-30°N
26.60812,83.1249,344.84,0.54,0.42,2026-04-24,756,N21,VIIRS,n,2.0NRT,310.87,18.68,Day,VIIRS_NOAA21_NRT,,,2026,4,24,Spring,0°-30°N
20.86847,83.74391,341.93,0.39,0.36,2026-04-21,741,N,VIIRS,n,2.0NRT,311.78,7.1,Day,VIIRS_SNPP_NRT,,,2026,4,21,Spring,0°-30°N
25.7806,82.88274,353.55,0.55,0.68,2026-04-25,648,N20,VIIRS,n,2.0NRT,309.18,9.28,Day,VIIRS_NOAA20_NRT,,,2026,4,25,Spring,0°-30°N
-33.019,116.42063,345.92,0.41,0.45,2026-04-25,538,N21,VIIRS,n,2.0NRT,297.25,11.74,Day,VIIRS_NOAA21_NRT,,,2026,4,25,Spring,60°S-30°S
28.68861,80.49977,338.54,0.43,0.38,2026-04-24,756,N21,VIIRS,l,2.0NRT,312.29,4.57,Day,VIIRS_NOAA21_NRT,,,2026,4,24,Spring,0°-30°N
-21.16924,44.09499,339.9,0.42,0.38,2026-04-23,1036,N20,VIIRS,n,2.0NRT,307.41,6.82,Day,VIIRS_NOAA20_NRT,,,2026,4,23,Spring,30°S-0°
11.16614,6.93882,336.85,0.46,0.64,2026-04-22,1333,N21,VIIRS,n,2.0NRT,291.45,3.48,Day,VIIRS_NOAA21_NRT,,,2026,4,22,Spring,0°-30°N
7.97976,-12.41022,339.97,0.4,0.37,2026-04-25,1418,N21,VIIRS,n,2.0NRT,295.09,106.78,Day,VIIRS_NOAA21_NRT,,,2026,4,25,Spring,0°-30°N
23.87402,77.56813,311.4,0.79,0.78,2026-04-23,2133,N20,VIIRS,n,2.0NRT,291.68,2.87,Night,VIIRS_NOAA20_NRT,,,2026,4,23,Spring,0°-30°N
28.02799,82.64222,325.62,0.43,0.38,2026-04-21,2010,N,VIIRS,n,2.0NRT,292.3,3.2,Night,VIIRS_SNPP_NRT,,,2026,4,21,Spring,0°-30°N
31.87302,-103.32089,295.7,0.33,0.55,2026-04-24,922,N20,VIIRS,n,2.0NRT,268.36,0.5,Night,VIIRS_NOAA20_NRT,,,2026,4,24,Spring,30°N-60°N
-14.72695,126.54653,340.85,0.41,0.45,2026-04-24,453,N,VIIRS,n,2.0NRT,308.08,8.6,Day,VIIRS_SNPP_NRT,,,2026,4,24,Spring,30°S-0°
-5.523,24.78264,343.43,0.39,0.36,2026-04-22,1147,N21,VIIRS,n,2.0NRT,294.44,5.19,Day,VIIRS_NOAA21_NRT,,,2026,4,22,Spring,30°S-0°
-25.20908,-49.40296,351.75,0.62,0.72,2026-04-21,1758,N20,VIIRS,n,2.0NRT,294.14,13.09,Day,VIIRS_NOAA20_NRT,,,2026,4,21,Spring,30°S-0°
-34.68166,147.0011,338.7,0.4,0.37,2026-04-25,355,N21,VIIRS,n,2.0NRT,305.11,7.5,Day,VIIRS_NOAA21_NRT,,,2026,4,25,Spring,60°S-30°S
17.4834,81.77707,336.98,0.4,0.37,2026-04-24,754,N21,VIIRS,n,2.0NRT,305.81,3.41,Day,VIIRS_NOAA21_NRT,,,2026,4,24,Spring,0°-30°N
25.82722,78.59646,353.16,0.41,0.37,2026-04-25,809,N,VIIRS,n,2.0NRT,318.99,34.16,Day,VIIRS_SNPP_NRT,,,2026,4,25,Spring,0°-30°N
44.43605,129.6261,367.0,0.37,0.58,2026-04-24,510,N,VIIRS,h,2.0NRT,299.04,8.05,Day,VIIRS_SNPP_NRT,,,2026,4,24,Spring,30°N-60°N
-15.58508,125.86468,341.08,0.47,0.4,2026-04-22,459,N21,VIIRS,n,2.0NRT,306.94,4.78,Day,VIIRS_NOAA21_NRT,,,2026,4,22,Spring,30°S-0°
10.96286,-8.42825,336.38,0.58,0.52,2026-04-24,1327,N,VIIRS,n,2.0NRT,301.1,2.68,Day,VIIRS_SNPP_NRT,,,2026,4,24,Spring,0°-30°N
54.26545,86.18519,329.9,0.5,0.41,2026-04-21,720,N21,VIIRS,n,2.0NRT,297.15,4.4,Day,VIIRS_NOAA21_NRT,,,2026,4,21,Spring,30°N-60°N
23.6536,94.29758,336.0,0.39,0.36,2026-04-22,652,N21,VIIRS,n,2.0NRT,307.29,2.61,Day,VIIRS_NOAA21_NRT,,,2026,4,22,Spring,0°-30°N
-18.36467,26.45103,334.64,0.49,0.41,2026-04-21,2314,N21,VIIRS,n,2.0NRT,297.56,8.06,Night,VIIRS_NOAA21_NRT,,,2026,4,21,Spring,30°S-0°
-14.25776,130.39145,332.84,0.55,0.42,2026-04-24,514,N20,VIIRS,n,2.0NRT,300.8,5.83,Day,VIIRS_NOAA20_NRT,,,2026,4,24,Spring,30°S-0°
13.21535,-10.81644,351.13,0.57,0.43,2026-04-23,1348,N,VIIRS,n,2.0NRT,314.88,10.03,Day,VIIRS_SNPP_NRT,,,2026,4,23,Spring,0°-30°N
42.6692,128.02092,328.25,0.58,0.7,2026-04-23,315,N21,VIIRS,n,2.0NRT,294.34,11.21,Day,VIIRS_NOAA21_NRT,,,2026,4,23,Spring,30°N-60°N
9.42313,-12.87616,333.95,0.41,0.37,2026-04-21,1427,N,VIIRS,n,2.0NRT,297.52,2.46,Day,VIIRS_SNPP_NRT,,,2026,4,21,Spring,0°-30°N
-22.0928,45.15609,330.56,0.55,0.43,2026-04-21,1019,N21,VIIRS,l,2.0NRT,303.92,6.59,Day,VIIRS_NOAA21_NRT,,,2026,4,21,Spring,30°S-0°
32.78135,114.03756,298.79,0.39,0.37,2026-04-23,1809,N20,VIIRS,n,2.0NRT,284.51,0.71,Night,VIIRS_NOAA20_NRT,,,2026,4,23,Spring,30°N-60°N
-17.20477,124.46458,,2.07,1.4,2026-04-24,737,Aqua,MODIS,56,6.1NRT,,16.48,Day,MODIS_NRT,314.85,303.41,2026,4,24,Spring,30°S-0°
25.147,81.72813,341.93,0.44,0.62,2026-04-25,828,N20,VIIRS,n,2.0NRT,307.93,5.1,Day,VIIRS_NOAA20_NRT,,,2026,4,25,Spring,0°-30°N
12.14246,-16.00331,332.15,0.41,0.45,2026-04-21,1446,N20,VIIRS,n,2.0NRT,294.98,3.55,Day,VIIRS_NOAA20_NRT,,,2026,4,21,Spring,0°-30°N
57.30392,28.30522,342.25,0.39,0.36,2026-04-21,1043,N21,VIIRS,n,2.0NRT,290.48,6.4,Day,VIIRS_NOAA21_NRT,,,2026,4,21,Spring,30°N-60°N
8.41746,124.96838,334.83,0.41,0.37,2026-04-24,459,N,VIIRS,n,2.0NRT,299.4,7.5,Day,VIIRS_SNPP_NRT,,,2026,4,24,Spring,0°-30°N
20.18394,83.86569,337.37,0.39,0.36,2026-04-21,741,N,VIIRS,n,2.0NRT,307.34,3.89,Day,VIIRS_SNPP_NRT,,,2026,4,21,Spring,0°-30°N
48.34105,124.12458,325.07,0.44,0.38,2026-04-25,453,N,VIIRS,n,2.0NRT,299.28,3.08,Day,VIIRS_SNPP_NRT,,,2026,4,25,Spring,30°N-60°N
24.79482,77.29973,313.68,0.48,0.4,2026-04-24,2053,N,VIIRS,n,2.0NRT,294.05,1.74,Night,VIIRS_SNPP_NRT,,,2026,4,24,Spring,0°-30°N
-8.18297,24.56571,340.22,0.39,0.44,2026-04-22,1219,N,VIIRS,n,2.0NRT,297.71,5.02,Day,VIIRS_SNPP_NRT,,,2026,4,22,Spring,30°S-0°
52.45614,80.67229,335.15,0.54,0.51,2026-04-21,629,N20,VIIRS,n,2.0NRT,298.33,4.0,Day,VIIRS_NOAA20_NRT,,,2026,4,21,Spring,30°N-60°N
14.4253,98.7502,343.12,0.4,0.37,2026-04-22,650,N21,VIIRS,n,2.0NRT,307.18,17.77,Day,VIIRS_NOAA21_NRT,,,2026,4,22,Spring,0°-30°N
13.7507,-9.46883,,1.25,1.11,2026-04-22,353,Aqua,MODIS,49,6.1NRT,,6.26,Night,MODIS_NRT,303.52,283.49,2026,4,22,Spring,0°-30°N
8.42538,-12.61595,339.21,0.61,0.54,2026-04-21,1444,N20,VIIRS,n,2.0NRT,281.43,50.65,Day,VIIRS_NOAA20_NRT,,,2026,4,21,Spring,0°-30°N
19.40582,98.19046,331.0,0.33,0.55,2026-04-22,722,N,VIIRS,l,2.0NRT,301.58,2.68,Day,VIIRS_SNPP_NRT,,,2026,4,22,Spring,0°-30°N
28.09891,82.00896,314.34,0.46,0.39,2026-04-21,2010,N,VIIRS,n,2.0NRT,298.15,1.66,Night,VIIRS_SNPP_NRT,,,2026,4,21,Spring,0°-30°N
9.3862,-11.30816,332.04,0.47,0.39,2026-04-21,1427,N,VIIRS,n,2.0NRT,298.87,2.92,Day,VIIRS_SNPP_NRT,,,2026,4,21,Spring,0°-30°N
10.15657,-11.55571,340.24,0.38,0.36,2026-04-23,1408,N20,VIIRS,n,2.0NRT,308.31,3.67,Day,VIIRS_NOAA20_NRT,,,2026,4,23,Spring,0°-30°N
22.83833,93.28722,333.44,0.35,0.57,2026-04-25,735,N21,VIIRS,l,2.0NRT,303.74,4.25,Day,VIIRS_NOAA21_NRT,,,2026,4,25,Spring,0°-30°N
22.92534,72.27306,338.22,0.37,0.58,2026-04-22,744,N20,VIIRS,l,2.0NRT,311.25,2.51,Day,VIIRS_NOAA20_NRT,,,2026,4,22,Spring,0°-30°N
50.9813,72.8784,331.75,0.61,0.53,2026-04-22,659,N21,VIIRS,n,2.0NRT,292.45,6.04,Day,VIIRS_NOAA21_NRT,,,2026,4,22,Spring,30°N-60°N
20.1706,-88.86263,333.39,0.52,0.41,2026-04-21,1932,N,VIIRS,n,2.0NRT,298.39,4.08,Day,VIIRS_SNPP_NRT,,,2026,4,21,Spring,0°-30°N
-17.51173,-59.62495,315.1,0.41,0.37,2026-04-24,521,N21,VIIRS,n,2.0NRT,282.68,1.64,Night,VIIRS_NOAA21_NRT,,,2026,4,24,Spring,30°S-0°
8.90065,-63.29305,307.34,0.48,0.48,2026-04-21,610,N21,VIIRS,n,2.0NRT,287.01,1.74,Night,VIIRS_NOAA21_NRT,,,2026,4,21,Spring,0°-30°N
30.79847,-82.80078,299.83,0.52,0.66,2026-04-21,818,N,VIIRS,n,2.0NRT,286.14,3.46,Night,VIIRS_SNPP_NRT,,,2026,4,21,Spring,30°N-60°N
42.34484,129.41469,343.28,0.5,0.66,2026-04-22,516,N21,VIIRS,n,2.0NRT,288.76,3.85,Day,VIIRS_NOAA21_NRT,,,2026,4,22,Spring,30°N-60°N
8.36738,-10.84224,335.15,0.47,0.4,2026-04-25,1418,N21,VIIRS,n,2.0NRT,299.52,6.87,Day,VIIRS_NOAA21_NRT,,,2026,4,25,Spring,0°-30°N
22.4701,82.93169,339.87,0.39,0.44,2026-04-21,803,N20,VIIRS,n,2.0NRT,308.21,2.98,Day,VIIRS_NOAA20_NRT,,,2026,4,21,Spring,0°-30°N
24.27302,79.51697,349.45,0.42,0.38,2026-04-21,803,N20,VIIRS,l,2.0NRT,322.78,5.78,Day,VIIRS_NOAA20_NRT,,,2026,4,21,Spring,0°-30°N
15.38536,-85.99201,367.0,0.62,0.71,2026-04-25,1815,N,VIIRS,h,2.0NRT,295.36,32.23,Day,VIIRS_SNPP_NRT,,,2026,4,25,Spring,0°-30°N
28.18052,77.32098,339.22,0.41,0.45,2026-04-24,828,N,VIIRS,l,2.0NRT,311.41,2.65,Day,VIIRS_SNPP_NRT,,,2026,4,24,Spring,0°-30°N
25.34056,75.57356,315.68,0.44,0.38,2026-04-21,2029,N20,VIIRS,n,2.0NRT,294.75,1.41,Night,VIIRS_NOAA20_NRT,,,2026,4,21,Spring,0°-30°N
28.83821,22.64661,295.84,0.39,0.36,2026-04-25,16,N,VIIRS,n,2.0NRT,285.52,0.25,Night,VIIRS_SNPP_NRT,,,2026,4,25,Spring,0°-30°N
3.8107,19.42989,332.15,0.51,0.41,2026-04-22,1149,N21,VIIRS,n,2.0NRT,286.17,4.11,Day,VIIRS_NOAA21_NRT,,,2026,4,22,Spring,0°-30°N
-9.97041,-46.48154,332.24,0.4,0.37,2026-04-25,1645,N20,VIIRS,n,2.0NRT,300.57,5.3,Day,VIIRS_NOAA20_NRT,,,2026,4,25,Spring,30°S-0°
8.58082,33.09196,339.02,0.4,0.37,2026-04-24,1113,N21,VIIRS,n,2.0NRT,296.5,3.23,Day,VIIRS_NOAA21_NRT,,,2026,4,24,Spring,0°-30°N
14.50382,98.91164,334.68,0.48,0.4,2026-04-23,701,N,VIIRS,n,2.0NRT,300.62,4.03,Day,VIIRS_SNPP_NRT,,,2026,4,23,Spring,0°-30°N
-22.72233,45.60366,341.44,0.41,0.37,2026-04-21,1051,N,VIIRS,n,2.0NRT,308.57,4.56,Day,VIIRS_SNPP_NRT,,,2026,4,21,Spring,30°S-0°
32.49213,47.21275,347.07,0.38,0.59,2026-04-21,2329,N,VIIRS,n,2.0NRT,287.77,3.43,Night,VIIRS_SNPP_NRT,,,2026,4,21,Spring,30°N-60°N
27.69519,82.73526,345.1,0.51,0.41,2026-04-22,726,N,VIIRS,n,2.0NRT,309.18,5.77,Day,VIIRS_SNPP_NRT,,,2026,4,22,Spring,0°-30°N
23.99074,77.83095,306.29,0.74,0.76,2026-04-24,1934,N20,VIIRS,n,2.0NRT,291.66,2.6,Night,VIIRS_NOAA20_NRT,,,2026,4,24,Spring,0°-30°N
16.53156,78.1871,342.16,0.54,0.51,2026-04-25,733,N21,VIIRS,n,2.0NRT,306.78,3.68,Day,VIIRS_NOAA21_NRT,,,2026,4,25,Spring,0°-30°N
19.58967,83.32104,346.16,0.38,0.36,2026-04-22,741,N20,VIIRS,n,2.0NRT,315.43,15.37,Day,VIIRS_NOAA20_NRT,,,2026,4,22,Spring,0°-30°N
18.76643,81.186,340.29,0.39,0.36,2026-04-24,754,N21,VIIRS,n,2.0NRT,309.19,2.73,Day,VIIRS_NOAA21_NRT,,,2026,4,24,Spring,0°-30°N
26.96272,81.74453,346.34,0.57,0.43,2026-04-21,805,N20,VIIRS,n,2.0NRT,310.97,11.73,Day,VIIRS_NOAA20_NRT,,,2026,4,21,Spring,0°-30°N
31.77175,-103.90301,305.53,0.4,0.44,2026-04-22,907,N21,VIIRS,n,2.0NRT,287.62,1.08,Night,VIIRS_NOAA21_NRT,,,2026,4,22,Spring,30°N-60°N
42.72309,-83.26235,298.43,0.39,0.44,2026-04-23,703,N21,VIIRS,n,2.0NRT,280.68,0.8,Night,VIIRS_NOAA21_NRT,,,2026,4,23,Spring,30°N-60°N
25.13594,83.33857,367.0,0.52,0.41,2026-04-22,724,N,VIIRS,l,2.0NRT,329.6,46.0,Day,VIIRS_SNPP_NRT,,,2026,4,22,Spring,0°-30°N
51.68761,61.49913,,1.31,1.13,2026-04-23,550,Terra,MODIS,55,6.1NRT,,7.14,Day,MODIS_NRT,304.77,286.08,2026,4,23,Spring,30°N-60°N
-19.34809,45.81714,335.15,0.44,0.38,2026-04-25,1045,N21,VIIRS,n,2.0NRT,303.87,4.93,Day,VIIRS_NOAA21_NRT,,,2026,4,25,Spring,30°S-0°
26.86944,83.48625,313.3,0.4,0.37,2026-04-21,2010,N,VIIRS,n,2.0NRT,293.52,1.08,Night,VIIRS_SNPP_NRT,,,2026,4,21,Spring,0°-30°N
-21.36882,44.16114,343.56,0.62,0.54,2026-04-23,1015,N,VIIRS,n,2.0NRT,303.5,8.07,Day,VIIRS_SNPP_NRT,,,2026,4,23,Spring,30°S-0°
21.28642,77.18561,308.56,0.57,0.43,2026-04-22,2012,N20,VIIRS,n,2.0NRT,294.17,3.39,Night,VIIRS_NOAA20_NRT,,,2026,4,22,Spring,0°-30°N
25.43959,76.65106,351.99,0.55,0.42,2026-04-22,744,N20,VIIRS,l,2.0NRT,325.98,6.71,Day,VIIRS_NOAA20_NRT,,,2026,4,22,Spring,0°-30°N
24.16103,80.78554,346.67,0.41,0.37,2026-04-24,756,N21,VIIRS,l,2.0NRT,320.65,3.57,Day,VIIRS_NOAA21_NRT,,,2026,4,24,Spring,0°-30°N
20.33765,92.96263,339.38,0.41,0.45,2026-04-24,646,N,VIIRS,n,2.0NRT,304.2,3.34,Day,VIIRS_SNPP_NRT,,,2026,4,24,Spring,0°-30°N
10.00389,-11.76254,338.57,0.61,0.71,2026-04-23,1457,N21,VIIRS,n,2.0NRT,296.19,6.57,Day,VIIRS_NOAA21_NRT,,,2026,4,23,Spring,0°-30°N
41.52721,-90.94028,342.5,0.47,0.4,2026-04-25,1841,N20,VIIRS,n,2.0NRT,302.96,18.1,Day,VIIRS_NOAA20_NRT,,,2026,4,25,Spring,30°N-60°N
19.457,100.71977,338.67,0.55,0.43,2026-04-22,650,N21,VIIRS,n,2.0NRT,301.02,3.87,Day,VIIRS_NOAA21_NRT,,,2026,4,22,Spring,0°-30°N
15.36945,99.4955,337.67,0.36,0.57,2026-04-22,722,N,VIIRS,n,2.0NRT,299.19,2.84,Day,VIIRS_SNPP_NRT,,,2026,4,22,Spring,0°-30°N
10.48939,-12.15291,346.29,0.51,0.41,2026-04-21,1353,N21,VIIRS,n,2.0NRT,305.05,8.78,Day,VIIRS_NOAA21_NRT,,,2026,4,21,Spring,0°-30°N
16.90414,-90.87454,342.9,0.47,0.48,2026-04-24,1853,N20,VIIRS,n,2.0NRT,306.36,8.0,Day,VIIRS_NOAA20_NRT,,,2026,4,24,Spring,0°-30°N
10.27846,-13.68265,331.54,0.49,0.4,2026-04-22,1405,N,VIIRS,l,2.0NRT,303.11,2.75,Day,VIIRS_SNPP_NRT,,,2026,4,22,Spring,0°-30°N
25.72788,97.6579,,1.05,1.02,2026-04-25,828,Aqua,MODIS,76,6.1NRT,,12.6,Day,MODIS_NRT,319.65,297.78,2026,4,25,Spring,0°-30°N
43.186,126.62678,339.17,0.38,0.36,2026-04-22,425,N20,VIIRS,n,2.0NRT,296.61,3.06,Day,VIIRS_NOAA20_NRT,,,2026,4,22,Spring,30°N-60°N
38.07907,117.73505,295.13,0.61,0.54,2026-04-21,1843,N20,VIIRS,n,2.0NRT,284.42,1.93,Night,VIIRS_NOAA20_NRT,,,2026,4,21,Spring,30°N-60°N
35.36631,139.83881,296.03,0.48,0.48,2026-04-25,1709,N,VIIRS,n,2.0NRT,283.7,2.1,Night,VIIRS_SNPP_NRT,,,2026,4,25,Spring,30°N-60°N
54.22449,35.19357,337.22,0.46,0.47,2026-04-22,934,N20,VIIRS,n,2.0NRT,294.22,6.98,Day,VIIRS_NOAA20_NRT,,,2026,4,22,Spring,30°N-60°N
20.26797,84.6407,340.53,0.55,0.43,2026-04-24,754,N21,VIIRS,l,2.0NRT,313.94,8.65,Day,VIIRS_NOAA21_NRT,,,2026,4,24,Spring,0°-30°N
25.33981,84.14649,343.48,0.47,0.4,2026-04-22,724,N,VIIRS,l,2.0NRT,315.82,10.4,Day,VIIRS_SNPP_NRT,,,2026,4,22,Spring,0°-30°N
43.37154,-89.74859,337.12,0.44,0.38,2026-04-21,1906,N21,VIIRS,n,2.0NRT,309.07,21.71,Day,VIIRS_NOAA21_NRT,,,2026,4,21,Spring,30°N-60°N
41.03503,111.4603,299.63,0.63,0.72,2026-04-22,1947,N,VIIRS,n,2.0NRT,272.48,1.66,Night,VIIRS_SNPP_NRT,,,2026,4,22,Spring,30°N-60°N
32.89087,35.09246,299.48,0.33,0.55,2026-04-25,16,N,VIIRS,n,2.0NRT,275.95,0.54,Night,VIIRS_SNPP_NRT,,,2026,4,25,Spring,30°N-60°N
10.33792,-12.46767,343.91,0.5,0.41,2026-04-22,1425,N20,VIIRS,n,2.0NRT,309.64,7.63,Day,VIIRS_NOAA20_NRT,,,2026,4,22,Spring,0°-30°N
48.27364,14.33357,,1.19,1.08,2026-04-25,1329,Aqua,MODIS,77,6.1NRT,,38.14,Day,MODIS_NRT,334.21,303.1,2026,4,25,Spring,30°N-60°N
17.02102,-90.99275,367.0,0.59,0.7,2026-04-24,2017,N,VIIRS,h,2.0NRT,303.82,29.44,Day,VIIRS_SNPP_NRT,,,2026,4,24,Spring,0°-30°N
54.40618,65.65521,346.28,0.39,0.44,2026-04-23,856,N,VIIRS,n,2.0NRT,297.56,5.04,Day,VIIRS_SNPP_NRT,,,2026,4,23,Spring,30°N-60°N
22.69468,83.10896,339.62,0.39,0.36,2026-04-25,735,N21,VIIRS,l,2.0NRT,310.46,1.71,Day,VIIRS_NOAA21_NRT,,,2026,4,25,Spring,0°-30°N
29.27215,49.56674,301.85,0.41,0.6,2026-04-23,2314,N20,VIIRS,n,2.0NRT,289.87,2.1,Night,VIIRS_NOAA20_NRT,,,2026,4,23,Spring,0°-30°N
26.28315,-80.53465,337.44,0.52,0.5,2026-04-21,1902,N21,VIIRS,n,2.0NRT,297.82,5.8,Day,VIIRS_NOAA21_NRT,,,2026,4,21,Spring,0°-30°N
15.03297,78.764,,1.46,1.19,2026-04-22,2159,Aqua,MODIS,39,6.1NRT,,8.41,Night,MODIS_NRT,307.13,296.24,2026,4,22,Spring,0°-30°N
10.07629,-12.95595,335.29,0.58,0.52,2026-04-23,1348,N,VIIRS,l,2.0NRT,305.87,7.2,Day,VIIRS_SNPP_NRT,,,2026,4,23,Spring,0°-30°N
22.13174,97.20632,339.49,0.39,0.36,2026-04-24,646,N,VIIRS,l,2.0NRT,313.38,9.04,Day,VIIRS_SNPP_NRT,,,2026,4,24,Spring,0°-30°N
22.1437,76.15977,,1.02,1.01,2026-04-21,1533,Terra,MODIS,86,6.1NRT,,9.97,Night,MODIS_NRT,315.1,298.93,2026,4,21,Spring,0°-30°N
28.33664,82.24964,323.05,0.52,0.67,2026-04-23,1932,N,VIIRS,n,2.0NRT,290.21,3.02,Night,VIIRS_SNPP_NRT,,,2026,4,23,Spring,0°-30°N
25.58556,93.18909,367.0,0.37,0.58,2026-04-21,744,N,VIIRS,h,2.0NRT,293.57,11.04,Day,VIIRS_SNPP_NRT,,,2026,4,21,Spring,0°-30°N
30.74992,-82.87868,299.23,0.37,0.58,2026-04-22,637,N20,VIIRS,n,2.0NRT,267.52,1.69,Night,VIIRS_NOAA20_NRT,,,2026,4,22,Spring,30°N-60°N
27.36391,84.65194,349.18,0.41,0.37,2026-04-21,744,N,VIIRS,n,2.0NRT,314.8,15.38,Day,VIIRS_SNPP_NRT,,,2026,4,21,Spring,0°-30°N
-18.13675,128.35724,307.17,0.36,0.57,2026-04-21,1720,N20,VIIRS,n,2.0NRT,290.71,2.23,Night,VIIRS_NOAA20_NRT,,,2026,4,21,Spring,30°S-0°
54.78093,33.10335,,3.09,1.67,2026-04-22,1314,Aqua,MODIS,30,6.1NRT,,19.75,Day,MODIS_NRT,300.18,287.19,2026,4,22,Spring,30°N-60°N
17.01889,122.1727,331.35,0.53,0.42,2026-04-23,451,N21,VIIRS,n,2.0NRT,296.94,6.78,Day,VIIRS_NOAA21_NRT,,,2026,4,23,Spring,0°-30°N
35.52077,51.41142,305.05,0.37,0.58,2026-04-23,2312,N20,VIIRS,n,2.0NRT,286.17,0.75,Night,VIIRS_NOAA20_NRT,,,2026,4,23,Spring,30°N-60°N
17.65501,75.56905,331.97,0.58,0.52,2026-04-22,741,N20,VIIRS,l,2.0NRT,305.71,2.82,Day,VIIRS_NOAA20_NRT,,,2026,4,22,Spring,0°-30°N
-11.44772,-39.29151,343.75,0.41,0.61,2026-04-22,1650,N21,VIIRS,n,2.0NRT,291.77,9.46,Day,VIIRS_NOAA21_NRT,,,2026,4,22,Spring,30°S-0°
34.2613,-77.95885,307.2,0.51,0.49,2026-04-21,635,N,VIIRS,n,2.0NRT,282.02,0.99,Night,VIIRS_SNPP_NRT,,,2026,4,21,Spring,30°N-60°N
15.86119,101.15213,367.0,0.63,0.72,2026-04-23,542,N20,VIIRS,h,2.0NRT,295.48,10.99,Day,VIIRS_NOAA20_NRT,,,2026,4,23,Spring,0°-30°N
49.35799,6.7484,336.35,0.38,0.36,2026-04-24,137,N21,VIIRS,n,2.0NRT,284.37,5.47,Night,VIIRS_NOAA21_NRT,,,2026,4,24,Spring,30°N-60°N
11.8803,-85.03748,349.56,0.45,0.47,2026-04-25,1921,N21,VIIRS,n,2.0NRT,302.24,9.28,Day,VIIRS_NOAA21_NRT,,,2026,4,25,Spring,0°-30°N
15.01675,78.76534,340.61,0.43,0.38,2026-04-23,811,N21,VIIRS,l,2.0NRT,313.49,5.35,Day,VIIRS_NOAA21_NRT,,,2026,4,23,Spring,0°-30°N
23.667,77.17243,308.03,0.49,0.4,2026-04-24,2055,N,VIIRS,n,2.0NRT,294.48,1.11,Night,VIIRS_SNPP_NRT,,,2026,4,24,Spring,0°-30°N
44.32607,127.84774,340.21,0.6,0.53,2026-04-24,510,N,VIIRS,n,2.0NRT,295.5,8.67,Day,VIIRS_SNPP_NRT,,,2026,4,24,Spring,30°N-60°N
24.89297,97.50035,367.0,0.35,0.56,2026-04-22,724,N,VIIRS,h,2.0NRT,306.4,36.54,Day,VIIRS_SNPP_NRT,,,2026,4,22,Spring,0°-30°N
12.26228,-14.99155,336.25,0.54,0.42,2026-04-22,1408,N,VIIRS,n,2.0NRT,306.12,3.21,Day,VIIRS_SNPP_NRT,,,2026,4,22,Spring,0°-30°N
18.5074,-88.70808,355.55,0.42,0.61,2026-04-21,1951,N20,VIIRS,n,2.0NRT,294.81,8.95,Day,VIIRS_NOAA20_NRT,,,2026,4,21,Spring,0°-30°N
18.32795,-91.27402,338.65,0.46,0.39,2026-04-22,1915,N,VIIRS,n,2.0NRT,294.49,4.69,Day,VIIRS_SNPP_NRT,,,2026,4,22,Spring,0°-30°N
15.96017,-92.55887,321.61,0.44,0.38,2026-04-22,803,N,VIIRS,n,2.0NRT,289.99,2.61,Night,VIIRS_SNPP_NRT,,,2026,4,22,Spring,0°-30°N
-14.74999,126.2748,367.0,0.43,0.46,2026-04-24,453,N,VIIRS,h,2.0NRT,312.11,22.86,Day,VIIRS_SNPP_NRT,,,2026,4,24,Spring,30°S-0°
53.86651,33.2946,300.16,0.41,0.37,2026-04-23,16,N21,VIIRS,n,2.0NRT,273.24,1.02,Night,VIIRS_NOAA21_NRT,,,2026,4,23,Spring,30°N-60°N
-19.58845,122.19848,353.0,0.45,0.47,2026-04-23,512,N,VIIRS,n,2.0NRT,311.51,6.57,Day,VIIRS_SNPP_NRT,,,2026,4,23,Spring,30°S-0°
-17.82433,124.2281,367.0,0.51,0.5,2026-04-25,455,N20,VIIRS,h,2.0NRT,307.6,8.01,Day,VIIRS_NOAA20_NRT,,,2026,4,25,Spring,30°S-0°
27.2544,90.06834,334.49,0.45,0.47,2026-04-24,648,N,VIIRS,n,2.0NRT,297.82,9.66,Day,VIIRS_SNPP_NRT,,,2026,4,24,Spring,0°-30°N
10.2539,-12.77587,353.92,0.38,0.59,2026-04-22,1333,N21,VIIRS,n,2.0NRT,301.09,4.58,Day,VIIRS_NOAA21_NRT,,,2026,4,22,Spring,0°-30°N
-25.69185,-50.46721,330.64,0.51,0.5,2026-04-24,1641,N,VIIRS,n,2.0NRT,295.66,3.48,Day,VIIRS_SNPP_NRT,,,2026,4,24,Spring,30°S-0°
41.09751,15.87359,327.92,0.51,0.41,2026-04-25,1138,N,VIIRS,l,2.0NRT,301.26,3.03,Day,VIIRS_SNPP_NRT,,,2026,4,25,Spring,30°N-60°N
28.17495,81.89377,323.2,0.39,0.44,2026-04-23,2040,N21,VIIRS,n,2.0NRT,299.17,4.32,Night,VIIRS_NOAA21_NRT,,,2026,4,23,Spring,0°-30°N
14.68118,75.31756,343.22,0.39,0.36,2026-04-24,826,N,VIIRS,l,2.0NRT,314.84,6.16,Day,VIIRS_SNPP_NRT,,,2026,4,24,Spring,0°-30°N
24.377,82.30434,307.1,0.42,0.37,2026-04-21,2010,N,VIIRS,n,2.0NRT,296.36,1.3,Night,VIIRS_SNPP_NRT,,,2026,4,21,Spring,0°-30°N
-15.54558,129.75208,336.13,0.39,0.36,2026-04-25,453,N20,VIIRS,n,2.0NRT,306.1,4.17,Day,VIIRS_NOAA20_NRT,,,2026,4,25,Spring,30°S-0°
-16.93024,126.22509,351.11,0.47,0.64,2026-04-25,434,N,VIIRS,n,2.0NRT,302.6,13.56,Day,VIIRS_SNPP_NRT,,,2026,4,25,Spring,30°S-0°
25.71771,78.52633,367.0,0.7,0.75,2026-04-21,852,N21,VIIRS,h,2.0NRT,309.88,13.16,Day,VIIRS_NOAA21_NRT,,,2026,4,21,Spring,0°-30°N
-37.73577,145.535,301.37,0.38,0.36,2026-04-21,1524,N,VIIRS,n,2.0NRT,285.94,0.92,Night,VIIRS_SNPP_NRT,,,2026,4,21,Spring,60°S-30°S
-16.50184,126.77707,367.0,0.39,0.36,2026-04-24,512,N20,VIIRS,h,2.0NRT,330.59,46.39,Day,VIIRS_NOAA20_NRT,,,2026,4,24,Spring,30°S-0°
-0.70756,117.06297,310.19,0.39,0.37,2026-04-24,1739,N,VIIRS,n,2.0NRT,294.55,1.12,Night,VIIRS_SNPP_NRT,,,2026,4,24,Spring,30°S-0°
38.95205,118.51058,331.21,0.4,0.37,2026-04-21,1752,N21,VIIRS,n,2.0NRT,287.55,4.05,Night,VIIRS_NOAA21_NRT,,,2026,4,21,Spring,30°N-60°N
-16.75421,126.22881,367.0,0.48,0.65,2026-04-21,427,N20,VIIRS,h,2.0NRT,293.23,13.83,Day,VIIRS_NOAA20_NRT,,,2026,4,21,Spring,30°S-0°
-77.52605,167.16505,330.18,0.39,0.36,2026-04-22,1153,N,VIIRS,n,2.0NRT,242.59,5.59,Night,VIIRS_SNPP_NRT,,,2026,4,22,Spring,90°S-60°S
17.02193,-91.06009,331.07,0.41,0.37,2026-04-23,1913,N20,VIIRS,l,2.0NRT,301.91,3.76,Day,VIIRS_NOAA20_NRT,,,2026,4,23,Spring,0°-30°N
-37.95134,-73.48299,340.84,0.36,0.57,2026-04-21,1936,N20,VIIRS,n,2.0NRT,307.75,43.8,Day,VIIRS_NOAA20_NRT,,,2026,4,21,Spring,60°S-30°S
-15.71232,125.2168,351.61,0.51,0.41,2026-04-22,459,N21,VIIRS,n,2.0NRT,306.64,13.74,Day,VIIRS_NOAA21_NRT,,,2026,4,22,Spring,30°S-0°
10.3253,-10.89151,336.12,0.43,0.62,2026-04-25,1450,N,VIIRS,n,2.0NRT,298.85,2.55,Day,VIIRS_SNPP_NRT,,,2026,4,25,Spring,0°-30°N
24.4685,78.64312,343.28,0.4,0.37,2026-04-25,807,N,VIIRS,l,2.0NRT,317.99,10.89,Day,VIIRS_SNPP_NRT,,,2026,4,25,Spring,0°-30°N
21.3469,84.44221,319.89,0.43,0.38,2026-04-23,1953,N20,VIIRS,n,2.0NRT,297.58,4.0,Night,VIIRS_NOAA20_NRT,,,2026,4,23,Spring,0°-30°N
-24.91335,145.60387,351.44,0.42,0.45,2026-04-21,425,N20,VIIRS,n,2.0NRT,298.84,5.38,Day,VIIRS_NOAA20_NRT,,,2026,4,21,Spring,30°S-0°
11.99934,-13.9649,310.62,0.4,0.44,2026-04-23,209,N21,VIIRS,n,2.0NRT,292.59,2.1,Night,VIIRS_NOAA21_NRT,,,2026,4,23,Spring,0°-30°N
-8.42026,117.11373,327.71,0.55,0.68,2026-04-24,635,N,VIIRS,n,2.0NRT,291.72,3.22,Day,VIIRS_SNPP_NRT,,,2026,4,24,Spring,30°S-0°
-14.8151,125.34184,343.71,0.55,0.68,2026-04-24,601,N21,VIIRS,n,2.0NRT,299.12,11.07,Day,VIIRS_NOAA21_NRT,,,2026,4,24,Spring,30°S-0°
15.4305,100.02245,339.82,0.55,0.43,2026-04-21,620,N20,VIIRS,n,2.0NRT,307.91,2.98,Day,VIIRS_NOAA20_NRT,,,2026,4,21,Spring,0°-30°N
17.32376,105.04733,343.16,0.5,0.41,2026-04-22,559,N20,VIIRS,n,2.0NRT,302.21,11.88,Day,VIIRS_NOAA20_NRT,,,2026,4,22,Spring,0°-30°N
-6.12942,24.94208,330.09,0.44,0.38,2026-04-24,1202,N20,VIIRS,n,2.0NRT,277.57,4.51,Day,VIIRS_NOAA20_NRT,,,2026,4,24,Spring,30°S-0°
18.66742,-90.71572,346.55,0.64,0.72,2026-04-24,2017,N,VIIRS,n,2.0NRT,301.72,6.64,Day,VIIRS_SNPP_NRT,,,2026,4,24,Spring,0°-30°N
24.75639,85.5323,346.72,0.47,0.64,2026-04-24,646,N,VIIRS,n,2.0NRT,311.07,5.27,Day,VIIRS_SNPP_NRT,,,2026,4,24,Spring,0°-30°N
14.27053,-14.57225,348.34,0.42,0.45,2026-04-24,1437,N21,VIIRS,n,2.0NRT,317.94,5.76,Day,VIIRS_NOAA21_NRT,,,2026,4,24,Spring,0°-30°N
-37.32237,-73.63215,309.04,0.49,0.65,2026-04-25,648,N21,VIIRS,n,2.0NRT,277.87,1.44,Night,VIIRS_NOAA21_NRT,,,2026,4,25,Spring,60°S-30°S
23.3744,68.64697,343.88,0.5,0.49,2026-04-23,905,N20,VIIRS,n,2.0NRT,308.64,7.18,Day,VIIRS_NOAA20_NRT,,,2026,4,23,Spring,0°-30°N
-14.33634,127.07945,332.05,0.4,0.37,2026-04-24,514,N20,VIIRS,l,2.0NRT,304.83,2.97,Day,VIIRS_NOAA20_NRT,,,2026,4,24,Spring,30°S-0°
31.4097,48.64878,367.0,0.52,0.67,2026-04-22,1049,N,VIIRS,h,2.0NRT,305.18,7.02,Day,VIIRS_SNPP_NRT,,,2026,4,22,Spring,30°N-60°N
21.30993,81.58999,312.02,0.39,0.44,2026-04-23,1953,N20,VIIRS,n,2.0NRT,296.58,1.61,Night,VIIRS_NOAA20_NRT,,,2026,4,23,Spring,0°-30°N
20.76163,82.47148,343.33,0.53,0.42,2026-04-21,803,N20,VIIRS,n,2.0NRT,309.43,3.18,Day,VIIRS_NOAA20_NRT,,,2026,4,21,Spring,0°-30°N
25.5857,84.20272,344.36,0.51,0.5,2026-04-25,807,N,VIIRS,n,2.0NRT,311.6,7.54,Day,VIIRS_SNPP_NRT,,,2026,4,25,Spring,0°-30°N
15.36016,121.02876,340.35,0.4,0.44,2026-04-22,540,N,VIIRS,n,2.0NRT,304.36,3.81,Day,VIIRS_SNPP_NRT,,,2026,4,22,Spring,0°-30°N
45.12671,127.96005,337.1,0.53,0.67,2026-04-23,529,N,VIIRS,n,2.0NRT,287.91,7.98,Day,VIIRS_SNPP_NRT,,,2026,4,23,Spring,30°N-60°N
-17.22083,126.48016,334.72,0.58,0.52,2026-04-21,550,N,VIIRS,n,2.0NRT,302.23,1.64,Day,VIIRS_SNPP_NRT,,,2026,4,21,Spring,30°S-0°
22.53805,81.77561,307.25,0.42,0.38,2026-04-24,2021,N21,VIIRS,n,2.0NRT,296.15,2.02,Night,VIIRS_NOAA21_NRT,,,2026,4,24,Spring,0°-30°N
-15.5357,126.25668,351.88,0.4,0.37,2026-04-23,512,N,VIIRS,n,2.0NRT,300.39,6.34,Day,VIIRS_SNPP_NRT,,,2026,4,23,Spring,30°S-0°
24.67286,94.74478,331.32,0.57,0.69,2026-04-22,744,N20,VIIRS,n,2.0NRT,300.96,15.63,Day,VIIRS_NOAA20_NRT,,,2026,4,22,Spring,0°-30°N
13.6985,-3.86351,345.76,0.53,0.42,2026-04-23,1316,N21,VIIRS,l,2.0NRT,319.03,4.68,Day,VIIRS_NOAA21_NRT,,,2026,4,23,Spring,0°-30°N
-16.23771,126.5984,336.78,0.39,0.36,2026-04-23,512,N,VIIRS,n,2.0NRT,298.66,2.71,Day,VIIRS_SNPP_NRT,,,2026,4,23,Spring,30°S-0°
25.58712,76.32212,367.0,0.32,0.55,2026-04-23,845,N,VIIRS,h,2.0NRT,319.7,5.82,Day,VIIRS_SNPP_NRT,,,2026,4,23,Spring,0°-30°N
20.77524,95.35417,338.93,0.38,0.36,2026-04-22,650,N21,VIIRS,l,2.0NRT,312.05,4.92,Day,VIIRS_NOAA21_NRT,,,2026,4,22,Spring,0°-30°N
25.22719,83.80588,304.08,0.51,0.66,2026-04-22,1919,N21,VIIRS,n,2.0NRT,292.5,1.23,Night,VIIRS_NOAA21_NRT,,,2026,4,22,Spring,0°-30°N
-21.48656,136.62376,352.56,0.52,0.41,2026-04-25,453,N20,VIIRS,n,2.0NRT,310.17,10.47,Day,VIIRS_NOAA20_NRT,,,2026,4,25,Spring,30°S-0°
20.50225,-88.87914,343.17,0.51,0.41,2026-04-25,1925,N21,VIIRS,n,2.0NRT,305.89,23.65,Day,VIIRS_NOAA21_NRT,,,2026,4,25,Spring,0°-30°N
-36.77892,145.90514,325.72,0.41,0.6,2026-04-23,506,N,VIIRS,n,2.0NRT,292.53,3.81,Day,VIIRS_SNPP_NRT,,,2026,4,23,Spring,60°S-30°S
50.04351,73.01009,332.6,0.45,0.39,2026-04-25,816,N,VIIRS,n,2.0NRT,301.31,2.63,Day,VIIRS_SNPP_NRT,,,2026,4,25,Spring,30°N-60°N
22.69904,93.10552,352.97,0.43,0.62,2026-04-22,744,N20,VIIRS,n,2.0NRT,298.49,165.73,Day,VIIRS_NOAA20_NRT,,,2026,4,22,Spring,0°-30°N
23.71691,77.94602,302.18,0.55,0.43,2026-04-22,2012,N20,VIIRS,n,2.0NRT,289.7,0.58,Night,VIIRS_NOAA20_NRT,,,2026,4,22,Spring,0°-30°N
44.61187,127.93425,328.32,0.61,0.54,2026-04-24,510,N,VIIRS,n,2.0NRT,296.59,5.26,Day,VIIRS_SNPP_NRT,,,2026,4,24,Spring,30°N-60°N
-7.18756,29.01611,340.51,0.46,0.39,2026-04-22,1149,N21,VIIRS,n,2.0NRT,301.09,10.13,Day,VIIRS_NOAA21_NRT,,,2026,4,22,Spring,30°S-0°
25.37711,76.45997,348.93,0.41,0.45,2026-04-25,828,N20,VIIRS,n,2.0NRT,318.04,16.14,Day,VIIRS_NOAA20_NRT,,,2026,4,25,Spring,0°-30°N
24.5858,76.88954,310.43,0.45,0.39,2026-04-24,2021,N21,VIIRS,n,2.0NRT,295.97,1.66,Night,VIIRS_NOAA21_NRT,,,2026,4,24,Spring,0°-30°N
11.34665,-13.69344,356.7,0.76,0.77,2026-04-25,1509,N20,VIIRS,l,2.0NRT,287.25,88.6,Day,VIIRS_NOAA20_NRT,,,2026,4,25,Spring,0°-30°N
16.1046,95.68434,,1.0,1.0,2026-04-23,848,Aqua,MODIS,55,6.1NRT,,10.15,Day,MODIS_NRT,324.31,304.18,2026,4,23,Spring,0°-30°N
22.7708,93.83752,330.34,0.48,0.48,2026-04-23,724,N20,VIIRS,n,2.0NRT,304.9,1.99,Day,VIIRS_NOAA20_NRT,,,2026,4,23,Spring,0°-30°N
10.3223,-12.80037,335.16,0.32,0.55,2026-04-25,1450,N,VIIRS,l,2.0NRT,306.81,2.82,Day,VIIRS_SNPP_NRT,,,2026,4,25,Spring,0°-30°N
27.58069,18.46909,304.06,0.6,0.7,2026-04-21,132,N,VIIRS,n,2.0NRT,284.76,0.72,Night,VIIRS_SNPP_NRT,,,2026,4,21,Spring,0°-30°N
51.96343,67.68949,335.34,0.39,0.37,2026-04-24,803,N21,VIIRS,n,2.0NRT,289.37,13.93,Day,VIIRS_NOAA21_NRT,,,2026,4,24,Spring,30°N-60°N
43.26666,-96.21647,343.92,0.44,0.39,2026-04-21,1940,N,VIIRS,n,2.0NRT,310.1,5.19,Day,VIIRS_SNPP_NRT,,,2026,4,21,Spring,30°N-60°N
-42.0877,148.02776,354.72,0.42,0.38,2026-04-25,353,N21,VIIRS,n,2.0NRT,302.4,13.34,Day,VIIRS_NOAA21_NRT,,,2026,4,25,Spring,60°S-30°S
24.246,80.43609,350.18,0.44,0.46,2026-04-23,813,N21,VIIRS,n,2.0NRT,321.5,12.4,Day,VIIRS_NOAA21_NRT,,,2026,4,23,Spring,0°-30°N
-33.86805,20.02895,326.75,0.5,0.49,2026-04-23,1301,N21,VIIRS,n,2.0NRT,297.28,2.14,Day,VIIRS_NOAA21_NRT,,,2026,4,23,Spring,60°S-30°S
11.67369,27.68244,310.36,0.49,0.65,2026-04-23,26,N21,VIIRS,n,2.0NRT,285.06,1.4,Night,VIIRS_NOAA21_NRT,,,2026,4,23,Spring,0°-30°N
34.06499,117.15701,,1.38,1.16,2026-04-25,652,Aqua,MODIS,40,6.1NRT,,16.58,Day,MODIS_NRT,317.83,299.62,2026,4,25,Spring,30°N-60°N
29.34476,-98.7248,338.56,0.63,0.72,2026-04-24,2038,N20,VIIRS,n,2.0NRT,294.83,4.54,Day,VIIRS_NOAA20_NRT,,,2026,4,24,Spring,0°-30°N
22.01688,80.22326,332.59,0.49,0.65,2026-04-24,705,N20,VIIRS,n,2.0NRT,306.04,4.42,Day,VIIRS_NOAA20_NRT,,,2026,4,24,Spring,0°-30°N
-7.98755,24.90295,336.47,0.44,0.38,2026-04-25,1142,N20,VIIRS,n,2.0NRT,283.42,4.95,Day,VIIRS_NOAA20_NRT,,,2026,4,25,Spring,30°S-0°
11.09316,-72.03878,333.05,0.39,0.6,2026-04-23,1730,N20,VIIRS,n,2.0NRT,283.68,1.75,Day,VIIRS_NOAA20_NRT,,,2026,4,23,Spring,0°-30°N
45.36009,128.72795,337.55,0.4,0.37,2026-04-23,408,N20,VIIRS,n,2.0NRT,296.37,3.41,Day,VIIRS_NOAA20_NRT,,,2026,4,23,Spring,30°N-60°N
21.06616,84.34253,344.53,0.45,0.47,2026-04-21,803,N20,VIIRS,n,2.0NRT,310.74,4.33,Day,VIIRS_NOAA20_NRT,,,2026,4,21,Spring,0°-30°N
24.07759,94.48622,307.69,0.5,0.41,2026-04-24,1915,N,VIIRS,n,2.0NRT,295.95,1.76,Night,VIIRS_SNPP_NRT,,,2026,4,24,Spring,0°-30°N
25.40244,76.44907,367.0,0.45,0.47,2026-04-21,744,N,VIIRS,l,2.0NRT,325.73,46.25,Day,VIIRS_SNPP_NRT,,,2026,4,21,Spring,0°-30°N
13.51041,108.42282,323.91,0.39,0.37,2026-04-21,1832,N,VIIRS,n,2.0NRT,293.47,3.17,Night,VIIRS_SNPP_NRT,,,2026,4,21,Spring,0°-30°N
-15.61706,125.12173,355.95,0.42,0.38,2026-04-22,531,N,VIIRS,n,2.0NRT,308.88,13.76,Day,VIIRS_SNPP_NRT,,,2026,4,22,Spring,30°S-0°
9.4507,-63.46289,,1.23,1.1,2026-04-25,729,Aqua,MODIS,54,6.1NRT,,9.51,Night,MODIS_NRT,305.2,269.87,2026,4,25,Spring,0°-30°N
23.6287,77.62485,367.0,0.77,0.78,2026-04-23,705,N,VIIRS,h,2.0NRT,298.82,28.49,Day,VIIRS_SNPP_NRT,,,2026,4,23,Spring,0°-30°N
15.25566,-88.96606,351.45,0.47,0.47,2026-04-23,1853,N,VIIRS,n,2.0NRT,300.05,14.23,Day,VIIRS_SNPP_NRT,,,2026,4,23,Spring,0°-30°N
21.23364,73.77827,339.89,0.32,0.55,2026-04-22,744,N20,VIIRS,l,2.0NRT,312.65,3.87,Day,VIIRS_NOAA20_NRT,,,2026,4,22,Spring,0°-30°N
16.495,-95.01488,341.96,0.54,0.68,2026-04-23,1853,N,VIIRS,n,2.0NRT,290.85,6.11,Day,VIIRS_SNPP_NRT,,,2026,4,23,Spring,0°-30°N
8.87912,-12.47805,340.41,0.41,0.37,2026-04-21,1425,N,VIIRS,n,2.0NRT,291.28,5.37,Day,VIIRS_SNPP_NRT,,,2026,4,21,Spring,0°-30°N
-17.49448,124.29304,334.25,0.52,0.5,2026-04-22,550,N20,VIIRS,n,2.0NRT,301.81,6.59,Day,VIIRS_NOAA20_NRT,,,2026,4,22,Spring,30°S-0°
-1.41709,29.21117,295.87,0.6,0.53,2026-04-22,1,N20,VIIRS,n,2.0NRT,281.35,1.37,Night,VIIRS_NOAA20_NRT,,,2026,4,22,Spring,30°S-0°
24.60623,80.65265,357.66,0.59,0.53,2026-04-24,828,N,VIIRS,n,2.0NRT,323.45,59.69,Day,VIIRS_SNPP_NRT,,,2026,4,24,Spring,0°-30°N
42.89882,126.61221,350.38,0.36,0.57,2026-04-22,516,N21,VIIRS,n,2.0NRT,295.62,5.02,Day,VIIRS_NOAA21_NRT,,,2026,4,22,Spring,30°N-60°N
-35.74023,147.13783,345.72,0.38,0.36,2026-04-22,404,N20,VIIRS,n,2.0NRT,298.01,10.05,Day,VIIRS_NOAA20_NRT,,,2026,4,22,Spring,60°S-30°S
20.95154,79.28021,350.04,0.55,0.43,2026-04-21,741,N,VIIRS,n,2.0NRT,319.11,30.4,Day,VIIRS_SNPP_NRT,,,2026,4,21,Spring,0°-30°N
21.46326,99.99918,333.91,0.46,0.39,2026-04-21,620,N20,VIIRS,l,2.0NRT,303.82,5.65,Day,VIIRS_NOAA20_NRT,,,2026,4,21,Spring,0°-30°N
13.30922,-15.0084,327.23,0.38,0.59,2026-04-25,204,N,VIIRS,n,2.0NRT,290.56,2.29,Night,VIIRS_SNPP_NRT,,,2026,4,25,Spring,0°-30°N
32.44063,6.63011,337.77,0.42,0.45,2026-04-24,1214,N20,VIIRS,n,2.0NRT,305.9,1.35,Day,VIIRS_NOAA20_NRT,,,2026,4,24,Spring,30°N-60°N
26.23273,83.87497,303.45,0.39,0.36,2026-04-21,2010,N,VIIRS,n,2.0NRT,292.6,0.28,Night,VIIRS_SNPP_NRT,,,2026,4,21,Spring,0°-30°N
-17.50094,125.52599,335.56,0.52,0.41,2026-04-22,457,N21,VIIRS,l,2.0NRT,310.0,6.41,Day,VIIRS_NOAA21_NRT,,,2026,4,22,Spring,30°S-0°
20.00024,82.00782,337.28,0.49,0.4,2026-04-21,803,N20,VIIRS,l,2.0NRT,311.7,5.65,Day,VIIRS_NOAA20_NRT,,,2026,4,21,Spring,0°-30°N
24.07739,96.77133,336.23,0.41,0.37,2026-04-22,652,N21,VIIRS,l,2.0NRT,308.49,2.75,Day,VIIRS_NOAA21_NRT,,,2026,4,22,Spring,0°-30°N
-16.94178,125.92447,307.48,0.38,0.36,2026-04-25,1652,N21,VIIRS,n,2.0NRT,292.4,1.45,Night,VIIRS_NOAA21_NRT,,,2026,4,25,Spring,30°S-0°
24.045,74.20824,367.0,0.46,0.63,2026-04-22,907,N,VIIRS,h,2.0NRT,317.21,18.23,Day,VIIRS_SNPP_NRT,,,2026,4,22,Spring,0°-30°N
24.89754,83.56578,341.25,0.46,0.63,2026-04-24,828,N,VIIRS,n,2.0NRT,316.05,5.47,Day,VIIRS_SNPP_NRT,,,2026,4,24,Spring,0°-30°N
43.55027,-88.68314,336.22,0.48,0.4,2026-04-21,1906,N21,VIIRS,n,2.0NRT,300.21,11.3,Day,VIIRS_NOAA21_NRT,,,2026,4,21,Spring,30°N-60°N
12.1168,-15.21381,330.82,0.62,0.71,2026-04-25,1509,N20,VIIRS,l,2.0NRT,303.46,4.11,Day,VIIRS_NOAA20_NRT,,,2026,4,25,Spring,0°-30°N
25.36529,84.20754,367.0,0.4,0.6,2026-04-23,813,N21,VIIRS,h,2.0NRT,309.73,13.71,Day,VIIRS_NOAA21_NRT,,,2026,4,23,Spring,0°-30°N
24.36514,96.70859,334.77,0.39,0.36,2026-04-25,646,N20,VIIRS,n,2.0NRT,305.23,5.95,Day,VIIRS_NOAA20_NRT,,,2026,4,25,Spring,0°-30°N
24.53211,100.15412,331.76,0.49,0.4,2026-04-24,614,N21,VIIRS,n,2.0NRT,305.47,3.24,Day,VIIRS_NOAA21_NRT,,,2026,4,24,Spring,0°-30°N
-16.3608,124.97847,349.09,0.44,0.46,2026-04-25,453,N20,VIIRS,n,2.0NRT,308.8,10.51,Day,VIIRS_NOAA20_NRT,,,2026,4,25,Spring,30°S-0°
22.27092,92.60033,335.27,0.39,0.36,2026-04-23,703,N,VIIRS,n,2.0NRT,302.38,3.34,Day,VIIRS_SNPP_NRT,,,2026,4,23,Spring,0°-30°N
28.40249,80.13863,311.66,0.48,0.4,2026-04-23,2040,N21,VIIRS,n,2.0NRT,296.56,2.41,Night,VIIRS_NOAA21_NRT,,,2026,4,23,Spring,0°-30°N
24.32932,77.94602,307.64,0.59,0.7,2026-04-21,1938,N21,VIIRS,n,2.0NRT,290.51,1.53,Night,VIIRS_NOAA21_NRT,,,2026,4,21,Spring,0°-30°N
22.30494,79.64842,302.88,0.56,0.43,2026-04-23,2042,N21,VIIRS,n,2.0NRT,291.52,0.63,Night,VIIRS_NOAA21_NRT,,,2026,4,23,Spring,0°-30°N
-30.66728,115.65266,341.35,0.41,0.45,2026-04-21,546,N,VIIRS,n,2.0NRT,298.7,4.32,Day,VIIRS_SNPP_NRT,,,2026,4,21,Spring,60°S-30°S
37.33132,-103.64925,308.65,0.61,0.71,2026-04-25,949,N21,VIIRS,n,2.0NRT,279.04,3.11,Night,VIIRS_NOAA21_NRT,,,2026,4,25,Spring,30°N-60°N
-17.80822,124.11227,343.25,0.51,0.66,2026-04-25,614,N,VIIRS,n,2.0NRT,300.52,5.47,Day,VIIRS_SNPP_NRT,,,2026,4,25,Spring,30°S-0°
19.75356,83.81298,332.85,0.52,0.5,2026-04-21,709,N21,VIIRS,n,2.0NRT,299.75,3.66,Day,VIIRS_NOAA21_NRT,,,2026,4,21,Spring,0°-30°N
20.95565,85.01129,331.99,0.51,0.66,2026-04-24,826,N,VIIRS,l,2.0NRT,301.99,4.04,Day,VIIRS_SNPP_NRT,,,2026,4,24,Spring,0°-30°N
16.77217,94.9252,343.59,0.46,0.39,2026-04-25,644,N20,VIIRS,n,2.0NRT,305.37,8.59,Day,VIIRS_NOAA20_NRT,,,2026,4,25,Spring,0°-30°N
-41.04111,145.18044,,2.11,1.41,2026-04-21,538,Aqua,MODIS,72,6.1NRT,,191.94,Day,MODIS_NRT,351.14,286.61,2026,4,21,Spring,60°S-30°S
45.07322,-83.40411,328.3,0.35,0.57,2026-04-22,1739,N,VIIRS,n,2.0NRT,296.51,1.43,Day,VIIRS_SNPP_NRT,,,2026,4,22,Spring,30°N-60°N
39.08261,110.77222,302.27,0.47,0.48,2026-04-22,1806,N,VIIRS,n,2.0NRT,282.47,1.83,Night,VIIRS_SNPP_NRT,,,2026,4,22,Spring,30°N-60°N
18.00126,121.91188,332.34,0.48,0.4,2026-04-24,523,N20,VIIRS,n,2.0NRT,300.09,3.02,Day,VIIRS_NOAA20_NRT,,,2026,4,24,Spring,0°-30°N
52.70893,67.14227,325.39,0.34,0.56,2026-04-22,913,N,VIIRS,n,2.0NRT,296.22,0.97,Day,VIIRS_SNPP_NRT,,,2026,4,22,Spring,30°N-60°N
25.64358,79.07845,352.7,0.49,0.49,2026-04-23,726,N20,VIIRS,l,2.0NRT,323.78,16.76,Day,VIIRS_NOAA20_NRT,,,2026,4,23,Spring,0°-30°N
23.32587,77.25909,308.78,0.39,0.6,2026-04-23,1951,N20,VIIRS,n,2.0NRT,292.44,1.0,Night,VIIRS_NOAA20_NRT,,,2026,4,23,Spring,0°-30°N
8.97779,28.44519,348.03,0.4,0.37,2026-04-23,1132,N21,VIIRS,n,2.0NRT,311.06,13.08,Day,VIIRS_NOAA21_NRT,,,2026,4,23,Spring,0°-30°N
12.11882,-86.68738,341.69,0.41,0.37,2026-04-21,1858,N21,VIIRS,l,2.0NRT,311.49,23.62,Day,VIIRS_NOAA21_NRT,,,2026,4,21,Spring,0°-30°N
25.96575,79.54538,349.85,0.41,0.45,2026-04-23,813,N21,VIIRS,n,2.0NRT,323.46,14.98,Day,VIIRS_NOAA21_NRT,,,2026,4,23,Spring,0°-30°N
23.81462,94.56789,343.09,0.38,0.36,2026-04-22,652,N21,VIIRS,n,2.0NRT,310.74,3.59,Day,VIIRS_NOAA21_NRT,,,2026,4,22,Spring,0°-30°N
40.09357,118.92879,297.03,0.45,0.63,2026-04-23,1853,N21,VIIRS,n,2.0NRT,280.15,0.76,Night,VIIRS_NOAA21_NRT,,,2026,4,23,Spring,30°N-60°N
17.94807,81.08982,307.28,0.38,0.36,2026-04-22,2014,N20,VIIRS,n,2.0NRT,295.91,1.54,Night,VIIRS_NOAA20_NRT,,,2026,4,22,Spring,0°-30°N
32.54361,6.53426,298.78,0.39,0.44,2026-04-21,100,N21,VIIRS,n,2.0NRT,285.18,0.77,Night,VIIRS_NOAA21_NRT,,,2026,4,21,Spring,30°N-60°N
17.50893,-93.8184,311.33,0.41,0.45,2026-04-25,813,N21,VIIRS,n,2.0NRT,292.95,1.09,Night,VIIRS_NOAA21_NRT,,,2026,4,25,Spring,0°-30°N
-4.58669,24.24241,329.91,0.42,0.45,2026-04-22,1219,N,VIIRS,n,2.0NRT,280.77,3.45,Day,VIIRS_SNPP_NRT,,,2026,4,22,Spring,30°S-0°
42.59921,123.52824,354.53,0.33,0.56,2026-04-21,353,N21,VIIRS,n,2.0NRT,302.73,6.29,Day,VIIRS_NOAA21_NRT,,,2026,4,21,Spring,30°N-60°N
43.52439,-5.72336,295.61,0.54,0.68,2026-04-25,334,N,VIIRS,n,2.0NRT,279.75,1.56,Night,VIIRS_SNPP_NRT,,,2026,4,25,Spring,30°N-60°N
27.42123,82.63898,353.45,0.33,0.55,2026-04-23,813,N21,VIIRS,n,2.0NRT,310.96,8.23,Day,VIIRS_NOAA21_NRT,,,2026,4,23,Spring,0°-30°N
26.28695,84.10085,342.25,0.51,0.49,2026-04-21,805,N20,VIIRS,l,2.0NRT,312.69,6.58,Day,VIIRS_NOAA20_NRT,,,2026,4,21,Spring,0°-30°N
25.25566,84.21703,344.46,0.39,0.44,2026-04-21,712,N21,VIIRS,n,2.0NRT,318.09,14.6,Day,VIIRS_NOAA21_NRT,,,2026,4,21,Spring,0°-30°N
24.03351,81.81319,344.01,0.41,0.37,2026-04-25,735,N21,VIIRS,n,2.0NRT,317.02,5.33,Day,VIIRS_NOAA21_NRT,,,2026,4,25,Spring,0°-30°N
48.86263,-95.71691,325.65,0.6,0.7,2026-04-25,2025,N20,VIIRS,n,2.1URT,284.82,3.48,Day,VIIRS_NOAA20_NRT,,,2026,4,25,Spring,30°N-60°N
17.37148,97.0238,,1.02,1.01,2026-04-24,1412,Terra,MODIS,77,6.1NRT,,7.52,Night,MODIS_NRT,311.48,297.17,2026,4,24,Spring,0°-30°N
12.3661,35.7689,330.97,0.65,0.73,2026-04-25,1149,N20,VIIRS,n,2.0NRT,292.56,5.88,Day,VIIRS_NOAA20_NRT,,,2026,4,25,Spring,0°-30°N
49.08269,136.22914,305.09,0.4,0.37,2026-04-24,1652,N21,VIIRS,n,2.0NRT,267.12,0.97,Night,VIIRS_NOAA21_NRT,,,2026,4,24,Spring,30°N-60°N
28.00236,81.98282,331.89,0.49,0.4,2026-04-24,756,N21,VIIRS,l,2.0NRT,306.5,3.31,Day,VIIRS_NOAA21_NRT,,,2026,4,24,Spring,0°-30°N
28.1149,82.00348,,1.96,1.37,2026-04-21,1533,Terra,MODIS,79,6.1NRT,,18.13,Night,MODIS_NRT,311.45,297.78,2026,4,21,Spring,0°-30°N
25.2366,84.37301,367.0,0.73,0.76,2026-04-23,633,N21,VIIRS,h,2.0NRT,311.61,64.84,Day,VIIRS_NOAA21_NRT,,,2026,4,23,Spring,0°-30°N
20.90201,102.21641,367.0,0.51,0.66,2026-04-22,542,N,VIIRS,h,2.0NRT,294.8,15.96,Day,VIIRS_SNPP_NRT,,,2026,4,22,Spring,0°-30°N
-15.76425,127.56506,353.03,0.41,0.37,2026-04-22,457,N21,VIIRS,n,2.0NRT,312.19,18.22,Day,VIIRS_NOAA21_NRT,,,2026,4,22,Spring,30°S-0°
19.57219,-89.85406,334.97,0.54,0.42,2026-04-22,1932,N20,VIIRS,n,2.0NRT,302.19,8.99,Day,VIIRS_NOAA20_NRT,,,2026,4,22,Spring,0°-30°N
51.85698,83.60836,345.67,0.37,0.58,2026-04-22,1945,N,VIIRS,n,2.0NRT,273.88,3.58,Night,VIIRS_SNPP_NRT,,,2026,4,22,Spring,30°N-60°N
38.64745,110.13266,311.05,0.42,0.46,2026-04-23,1809,N20,VIIRS,n,2.0NRT,282.01,2.42,Night,VIIRS_NOAA20_NRT,,,2026,4,23,Spring,30°N-60°N
43.61597,128.50407,327.64,0.43,0.46,2026-04-24,347,N20,VIIRS,n,2.0NRT,300.32,1.94,Day,VIIRS_NOAA20_NRT,,,2026,4,24,Spring,30°N-60°N
-33.41938,148.21304,353.22,0.44,0.38,2026-04-23,347,N20,VIIRS,n,2.0NRT,306.41,17.13,Day,VIIRS_NOAA20_NRT,,,2026,4,23,Spring,60°S-30°S
11.59619,-13.25965,346.16,0.47,0.4,2026-04-22,1425,N20,VIIRS,n,2.0NRT,310.27,56.08,Day,VIIRS_NOAA20_NRT,,,2026,4,22,Spring,0°-30°N
23.43533,92.20687,340.8,0.6,0.53,2026-04-25,735,N21,VIIRS,n,2.0NRT,302.6,15.27,Day,VIIRS_NOAA21_NRT,,,2026,4,25,Spring,0°-30°N
10.68023,105.40168,333.7,0.49,0.48,2026-04-21,557,N,VIIRS,n,2.0NRT,297.32,4.86,Day,VIIRS_SNPP_NRT,,,2026,4,21,Spring,0°-30°N
13.71508,-13.58034,314.83,0.41,0.37,2026-04-25,221,N20,VIIRS,n,2.0NRT,290.61,2.76,Night,VIIRS_NOAA20_NRT,,,2026,4,25,Spring,0°-30°N
24.7382,81.03192,337.06,0.78,0.78,2026-04-24,845,N20,VIIRS,l,2.0NRT,308.11,8.77,Day,VIIRS_NOAA20_NRT,,,2026,4,24,Spring,0°-30°N
43.47804,5.68266,,1.06,1.03,2026-04-23,909,Terra,MODIS,61,6.1NRT,,5.46,Day,MODIS_NRT,305.09,292.64,2026,4,23,Spring,30°N-60°N
-15.28455,129.48303,346.77,0.57,0.43,2026-04-21,518,N21,VIIRS,n,2.0NRT,305.18,15.54,Day,VIIRS_NOAA21_NRT,,,2026,4,21,Spring,30°S-0°
24.08652,97.0061,332.03,0.39,0.36,2026-04-25,646,N20,VIIRS,l,2.0NRT,303.12,2.51,Day,VIIRS_NOAA20_NRT,,,2026,4,25,Spring,0°-30°N
16.63783,106.13962,330.92,0.53,0.42,2026-04-21,559,N,VIIRS,n,2.0NRT,298.72,4.51,Day,VIIRS_SNPP_NRT,,,2026,4,21,Spring,0°-30°N
23.59573,-102.01443,348.67,0.43,0.46,2026-04-22,2023,N21,VIIRS,n,2.0NRT,319.26,13.17,Day,VIIRS_NOAA21_NRT,,,2026,4,22,Spring,0°-30°N
13.23527,-83.60877,341.66,0.57,0.43,2026-04-25,1834,N20,VIIRS,n,2.0NRT,296.29,7.81,Day,VIIRS_NOAA20_NRT,,,2026,4,25,Spring,0°-30°N
55.07426,58.98355,327.36,0.49,0.4,2026-04-24,2155,N21,VIIRS,n,2.0NRT,277.2,6.86,Night,VIIRS_NOAA21_NRT,,,2026,4,24,Spring,30°N-60°N
23.57137,79.91178,354.79,0.42,0.37,2026-04-22,744,N20,VIIRS,n,2.0NRT,321.56,16.41,Day,VIIRS_NOAA20_NRT,,,2026,4,22,Spring,0°-30°N
24.14559,83.50338,340.69,0.44,0.63,2026-04-24,828,N,VIIRS,n,2.0NRT,313.09,10.59,Day,VIIRS_SNPP_NRT,,,2026,4,24,Spring,0°-30°N
45.47014,119.4952,346.46,0.43,0.38,2026-04-24,438,N21,VIIRS,n,2.0NRT,287.65,4.37,Day,VIIRS_NOAA21_NRT,,,2026,4,24,Spring,30°N-60°N
-5.97279,27.81054,347.09,0.39,0.36,2026-04-24,1142,N,VIIRS,n,2.0NRT,299.03,6.73,Day,VIIRS_SNPP_NRT,,,2026,4,24,Spring,30°S-0°
-33.6982,-53.78325,335.79,0.42,0.38,2026-04-22,1734,N20,VIIRS,n,2.0NRT,297.65,4.87,Day,VIIRS_NOAA20_NRT,,,2026,4,22,Spring,60°S-30°S
25.22157,77.00122,316.25,0.54,0.68,2026-04-22,2131,N,VIIRS,n,2.0NRT,289.72,1.79,Night,VIIRS_SNPP_NRT,,,2026,4,22,Spring,0°-30°N
25.3667,75.85741,313.74,0.43,0.38,2026-04-21,2029,N20,VIIRS,n,2.0NRT,294.51,0.91,Night,VIIRS_NOAA20_NRT,,,2026,4,21,Spring,0°-30°N
43.31552,126.39134,335.16,0.35,0.57,2026-04-22,516,N21,VIIRS,n,2.0NRT,291.38,2.3,Day,VIIRS_NOAA21_NRT,,,2026,4,22,Spring,30°N-60°N
20.90952,75.24398,347.08,0.49,0.48,2026-04-23,845,N,VIIRS,n,2.0NRT,316.52,16.68,Day,VIIRS_SNPP_NRT,,,2026,4,23,Spring,0°-30°N
-15.84135,125.10263,333.79,0.42,0.38,2026-04-22,531,N,VIIRS,l,2.0NRT,305.93,1.35,Day,VIIRS_SNPP_NRT,,,2026,4,22,Spring,30°S-0°
-17.0618,-46.03391,341.48,0.44,0.39,2026-04-23,1630,N21,VIIRS,n,2.0NRT,297.43,12.4,Day,VIIRS_NOAA21_NRT,,,2026,4,23,Spring,30°S-0°
10.9646,9.08841,336.41,0.61,0.53,2026-04-23,1314,N21,VIIRS,n,2.0NRT,301.84,5.02,Day,VIIRS_NOAA21_NRT,,,2026,4,23,Spring,0°-30°N
-18.89878,123.87773,341.02,0.34,0.56,2026-04-24,451,N,VIIRS,n,2.0NRT,306.32,5.68,Day,VIIRS_SNPP_NRT,,,2026,4,24,Spring,30°S-0°
42.37764,124.65717,341.27,0.56,0.52,2026-04-22,516,N21,VIIRS,n,2.0NRT,303.65,7.77,Day,VIIRS_NOAA21_NRT,,,2026,4,22,Spring,30°N-60°N
-15.19223,127.22689,347.06,0.38,0.36,2026-04-23,512,N,VIIRS,n,2.0NRT,306.93,9.69,Day,VIIRS_SNPP_NRT,,,2026,4,23,Spring,30°S-0°
23.44798,95.20789,342.87,0.41,0.37,2026-04-23,703,N,VIIRS,n,2.0NRT,306.45,3.27,Day,VIIRS_SNPP_NRT,,,2026,4,23,Spring,0°-30°N
21.68826,84.35268,342.03,0.54,0.51,2026-04-24,705,N20,VIIRS,l,2.0NRT,315.68,5.67,Day,VIIRS_NOAA20_NRT,,,2026,4,24,Spring,0°-30°N
11.89385,99.27283,330.1,0.62,0.54,2026-04-22,720,N,VIIRS,l,2.0NRT,300.4,4.41,Day,VIIRS_SNPP_NRT,,,2026,4,22,Spring,0°-30°N
24.64912,94.46079,367.0,0.54,0.68,2026-04-22,603,N20,VIIRS,h,2.0NRT,301.39,59.84,Day,VIIRS_NOAA20_NRT,,,2026,4,22,Spring,0°-30°N
23.69484,92.02264,335.42,0.41,0.37,2026-04-21,709,N21,VIIRS,n,2.0NRT,303.12,33.16,Day,VIIRS_NOAA21_NRT,,,2026,4,21,Spring,0°-30°N
5.4997,30.79242,344.45,0.47,0.48,2026-04-25,1147,N20,VIIRS,n,2.0NRT,296.36,4.4,Day,VIIRS_NOAA20_NRT,,,2026,4,25,Spring,0°-30°N
59.27057,77.04093,299.9,0.57,0.69,2026-04-23,2303,N20,VIIRS,n,2.0NRT,268.87,0.88,Night,VIIRS_NOAA20_NRT,,,2026,4,23,Spring,30°N-60°N
31.79475,-103.52334,298.8,0.42,0.45,2026-04-22,907,N21,VIIRS,n,2.0NRT,286.16,0.65,Night,VIIRS_NOAA21_NRT,,,2026,4,22,Spring,30°N-60°N
19.92783,83.68967,332.46,0.41,0.61,2026-04-24,826,N,VIIRS,l,2.0NRT,302.71,4.36,Day,VIIRS_SNPP_NRT,,,2026,4,24,Spring,0°-30°N
27.95994,81.98728,336.2,0.39,0.36,2026-04-22,744,N20,VIIRS,l,2.0NRT,309.26,1.96,Day,VIIRS_NOAA20_NRT,,,2026,4,22,Spring,0°-30°N
16.24918,-92.61807,333.8,0.51,0.49,2026-04-21,1900,N21,VIIRS,n,2.0NRT,300.92,5.93,Day,VIIRS_NOAA21_NRT,,,2026,4,21,Spring,0°-30°N
25.76227,98.04374,337.33,0.42,0.37,2026-04-25,648,N20,VIIRS,n,2.0NRT,278.97,22.33,Day,VIIRS_NOAA20_NRT,,,2026,4,25,Spring,0°-30°N
10.49411,-12.84604,335.4,0.4,0.37,2026-04-23,1408,N20,VIIRS,l,2.0NRT,302.78,72.73,Day,VIIRS_NOAA20_NRT,,,2026,4,23,Spring,0°-30°N
23.99449,74.56819,340.96,0.6,0.53,2026-04-24,845,N20,VIIRS,l,2.0NRT,314.54,3.18,Day,VIIRS_NOAA20_NRT,,,2026,4,24,Spring,0°-30°N
-6.16892,25.27517,,1.49,1.21,2026-04-21,1359,Aqua,MODIS,79,6.1NRT,,27.03,Day,MODIS_NRT,323.1,294.5,2026,4,21,Spring,30°S-0°
26.35221,83.38959,344.04,0.36,0.57,2026-04-23,813,N21,VIIRS,n,2.0NRT,313.93,3.79,Day,VIIRS_NOAA21_NRT,,,2026,4,23,Spring,0°-30°N
22.04358,79.48262,295.78,0.41,0.37,2026-04-21,2032,N20,VIIRS,n,2.0NRT,278.04,0.36,Night,VIIRS_NOAA20_NRT,,,2026,4,21,Spring,0°-30°N
-23.06527,44.08977,,1.38,1.16,2026-04-22,1253,Aqua,MODIS,59,6.1NRT,,9.84,Day,MODIS_NRT,314.95,301.56,2026,4,22,Spring,30°S-0°
24.11039,94.51555,340.31,0.44,0.46,2026-04-22,724,N,VIIRS,n,2.0NRT,303.95,8.21,Day,VIIRS_SNPP_NRT,,,2026,4,22,Spring,0°-30°N
28.92084,9.98296,307.81,0.4,0.37,2026-04-21,100,N21,VIIRS,n,2.0NRT,286.69,0.96,Night,VIIRS_NOAA21_NRT,,,2026,4,21,Spring,0°-30°N
23.98715,92.15014,340.98,0.39,0.36,2026-04-24,705,N20,VIIRS,n,2.0NRT,295.05,25.97,Day,VIIRS_NOAA20_NRT,,,2026,4,24,Spring,0°-30°N
7.74077,-66.76196,311.7,0.38,0.59,2026-04-21,523,N20,VIIRS,n,2.0NRT,290.24,0.8,Night,VIIRS_NOAA20_NRT,,,2026,4,21,Spring,0°-30°N
-14.52901,125.15083,324.49,0.35,0.57,2026-04-24,1622,N20,VIIRS,n,2.0NRT,295.47,1.27,Night,VIIRS_NOAA20_NRT,,,2026,4,24,Spring,30°S-0°
24.80114,83.71893,345.85,0.52,0.5,2026-04-24,705,N20,VIIRS,l,2.0NRT,319.87,18.08,Day,VIIRS_NOAA20_NRT,,,2026,4,24,Spring,0°-30°N
25.01382,-106.7633,307.78,0.47,0.39,2026-04-25,905,N20,VIIRS,n,2.0NRT,291.93,1.24,Night,VIIRS_NOAA20_NRT,,,2026,4,25,Spring,0°-30°N
48.89418,23.06529,346.72,0.41,0.61,2026-04-24,1017,N,VIIRS,n,2.0NRT,286.22,5.37,Day,VIIRS_SNPP_NRT,,,2026,4,24,Spring,30°N-60°N
10.64617,-84.4995,336.28,0.64,0.72,2026-04-21,1949,N20,VIIRS,n,2.0NRT,293.49,5.46,Day,VIIRS_NOAA20_NRT,,,2026,4,21,Spring,0°-30°N
27.71776,82.88976,350.28,0.45,0.47,2026-04-21,805,N20,VIIRS,n,2.0NRT,315.22,8.52,Day,VIIRS_NOAA20_NRT,,,2026,4,21,Spring,0°-30°N
36.62881,3.23134,300.26,0.47,0.64,2026-04-24,234,N20,VIIRS,n,2.0NRT,282.32,0.59,Night,VIIRS_NOAA20_NRT,,,2026,4,24,Spring,30°N-60°N
11.87745,-14.83899,348.54,0.57,0.43,2026-04-24,1437,N21,VIIRS,n,2.0NRT,297.65,10.61,Day,VIIRS_NOAA21_NRT,,,2026,4,24,Spring,0°-30°N
-29.50146,116.26292,367.0,0.39,0.36,2026-04-25,612,N,VIIRS,h,2.0NRT,309.38,14.77,Day,VIIRS_SNPP_NRT,,,2026,4,25,Spring,30°S-0°
54.84946,77.82121,329.08,0.46,0.39,2026-04-21,752,N,VIIRS,n,2.0NRT,292.66,7.52,Day,VIIRS_SNPP_NRT,,,2026,4,21,Spring,30°N-60°N
24.76002,95.00198,333.41,0.48,0.48,2026-04-22,724,N,VIIRS,l,2.0NRT,306.71,3.59,Day,VIIRS_SNPP_NRT,,,2026,4,22,Spring,0°-30°N
20.54344,84.28098,308.28,0.5,0.41,2026-04-22,1951,N,VIIRS,n,2.0NRT,297.66,2.68,Night,VIIRS_SNPP_NRT,,,2026,4,22,Spring,0°-30°N
13.69592,106.21893,305.54,0.48,0.4,2026-04-24,1843,N21,VIIRS,n,2.0NRT,282.04,3.18,Night,VIIRS_NOAA21_NRT,,,2026,4,24,Spring,0°-30°N
8.77172,-12.61597,339.3,0.63,0.54,2026-04-25,1450,N,VIIRS,n,2.0NRT,299.04,7.24,Day,VIIRS_SNPP_NRT,,,2026,4,25,Spring,0°-30°N
21.98293,80.33373,341.02,0.33,0.55,2026-04-25,828,N20,VIIRS,l,2.0NRT,313.08,1.81,Day,VIIRS_NOAA20_NRT,,,2026,4,25,Spring,0°-30°N
25.03047,76.29181,367.0,0.4,0.44,2026-04-25,828,N20,VIIRS,h,2.0NRT,319.2,8.23,Day,VIIRS_NOAA20_NRT,,,2026,4,25,Spring,0°-30°N
20.81371,93.06801,355.97,0.39,0.59,2026-04-25,625,N,VIIRS,n,2.0NRT,289.08,4.19,Day,VIIRS_SNPP_NRT,,,2026,4,25,Spring,0°-30°N
18.20002,-90.47623,330.73,0.71,0.75,2026-04-23,1821,N21,VIIRS,n,2.0NRT,295.57,5.43,Day,VIIRS_NOAA21_NRT,,,2026,4,23,Spring,0°-30°N
23.24092,94.64228,337.22,0.56,0.43,2026-04-23,631,N21,VIIRS,n,2.0NRT,305.31,8.48,Day,VIIRS_NOAA21_NRT,,,2026,4,23,Spring,0°-30°N
18.13497,-89.47851,339.98,0.45,0.39,2026-04-25,1923,N21,VIIRS,l,2.0NRT,312.03,40.33,Day,VIIRS_NOAA21_NRT,,,2026,4,25,Spring,0°-30°N
-33.78203,122.50402,341.77,0.51,0.66,2026-04-22,633,N21,VIIRS,n,2.0NRT,296.31,5.65,Day,VIIRS_NOAA21_NRT,,,2026,4,22,Spring,60°S-30°S
13.81416,121.16198,340.23,0.39,0.36,2026-04-23,521,N,VIIRS,l,2.0NRT,314.94,3.15,Day,VIIRS_SNPP_NRT,,,2026,4,23,Spring,0°-30°N
22.17939,93.24545,351.71,0.44,0.38,2026-04-21,709,N21,VIIRS,n,2.0NRT,295.81,29.29,Day,VIIRS_NOAA21_NRT,,,2026,4,21,Spring,0°-30°N
7.85739,-12.23606,336.96,0.32,0.55,2026-04-25,1450,N,VIIRS,n,2.0NRT,295.86,1.99,Day,VIIRS_SNPP_NRT,,,2026,4,25,Spring,0°-30°N
29.57743,-98.03296,332.25,0.58,0.52,2026-04-24,2019,N,VIIRS,n,2.0NRT,298.2,2.93,Day,VIIRS_SNPP_NRT,,,2026,4,24,Spring,0°-30°N
13.71961,36.05461,339.66,0.33,0.55,2026-04-23,1026,N,VIIRS,n,2.0NRT,305.12,6.22,Day,VIIRS_SNPP_NRT,,,2026,4,23,Spring,0°-30°N
23.51677,78.25435,367.0,0.37,0.58,2026-04-22,724,N,VIIRS,h,2.0NRT,321.36,12.5,Day,VIIRS_SNPP_NRT,,,2026,4,22,Spring,0°-30°N
17.8495,99.25287,330.89,0.41,0.37,2026-04-23,631,N21,VIIRS,l,2.0NRT,304.17,2.73,Day,VIIRS_NOAA21_NRT,,,2026,4,23,Spring,0°-30°N
11.2273,-85.6682,352.47,0.51,0.41,2026-04-23,1851,N,VIIRS,n,2.0NRT,303.55,15.3,Day,VIIRS_SNPP_NRT,,,2026,4,23,Spring,0°-30°N
19.16713,-102.95972,335.34,0.64,0.72,2026-04-23,1913,N20,VIIRS,n,2.0NRT,299.22,5.93,Day,VIIRS_NOAA20_NRT,,,2026,4,23,Spring,0°-30°N
42.42068,127.23313,339.62,0.44,0.46,2026-04-23,455,N21,VIIRS,n,2.0NRT,298.98,6.24,Day,VIIRS_NOAA21_NRT,,,2026,4,23,Spring,30°N-60°N
25.33086,83.73924,367.0,0.37,0.58,2026-04-23,813,N21,VIIRS,h,2.0NRT,312.81,11.79,Day,VIIRS_NOAA21_NRT,,,2026,4,23,Spring,0°-30°N
47.80682,122.9085,335.38,0.65,0.73,2026-04-23,317,N21,VIIRS,n,2.0NRT,290.16,9.2,Day,VIIRS_NOAA21_NRT,,,2026,4,23,Spring,30°N-60°N
12.85766,99.99339,332.74,0.36,0.57,2026-04-22,720,N,VIIRS,n,2.0NRT,298.11,3.13,Day,VIIRS_SNPP_NRT,,,2026,4,22,Spring,0°-30°N
12.24527,104.29753,338.82,0.5,0.49,2026-04-22,648,N21,VIIRS,n,2.0NRT,299.31,11.67,Day,VIIRS_NOAA21_NRT,,,2026,4,22,Spring,0°-30°N
16.57924,95.42732,345.84,0.4,0.44,2026-04-22,722,N,VIIRS,n,2.0NRT,305.15,5.14,Day,VIIRS_SNPP_NRT,,,2026,4,22,Spring,0°-30°N
19.74658,-98.60143,318.51,0.48,0.65,2026-04-24,907,N,VIIRS,n,2.0NRT,281.47,2.54,Night,VIIRS_SNPP_NRT,,,2026,4,24,Spring,0°-30°N
26.44773,77.30479,351.19,0.6,0.7,2026-04-21,852,N21,VIIRS,n,2.0NRT,314.67,48.02,Day,VIIRS_NOAA21_NRT,,,2026,4,21,Spring,0°-30°N
23.47017,97.16547,301.02,0.55,0.42,2026-04-24,1934,N20,VIIRS,n,2.0NRT,290.7,0.66,Night,VIIRS_NOAA20_NRT,,,2026,4,24,Spring,0°-30°N
20.20863,77.65847,342.02,0.34,0.56,2026-04-23,845,N,VIIRS,l,2.0NRT,315.75,8.39,Day,VIIRS_SNPP_NRT,,,2026,4,23,Spring,0°-30°N
19.40698,-155.29179,319.02,0.5,0.41,2026-04-22,1147,N20,VIIRS,n,2.0NRT,286.7,2.18,Night,VIIRS_NOAA20_NRT,,,2026,4,22,Spring,0°-30°N
23.61818,93.96171,334.03,0.42,0.38,2026-04-24,705,N20,VIIRS,n,2.0NRT,303.13,1.74,Day,VIIRS_NOAA20_NRT,,,2026,4,24,Spring,0°-30°N
23.47384,94.51089,332.92,0.51,0.41,2026-04-21,709,N21,VIIRS,l,2.0NRT,305.27,4.37,Day,VIIRS_NOAA21_NRT,,,2026,4,21,Spring,0°-30°N
60.84137,97.35383,,1.18,1.08,2026-04-22,1306,Terra,MODIS,80,6.1NRT,,20.73,Night,MODIS_NRT,310.5,266.79,2026,4,22,Spring,60°N-90°N
25.94928,84.31263,350.46,0.56,0.43,2026-04-21,712,N21,VIIRS,n,2.0NRT,318.06,28.71,Day,VIIRS_NOAA21_NRT,,,2026,4,21,Spring,0°-30°N
39.74949,118.62781,299.46,0.46,0.39,2026-04-25,1817,N21,VIIRS,n,2.0NRT,287.23,0.89,Night,VIIRS_NOAA21_NRT,,,2026,4,25,Spring,30°N-60°N
27.07161,82.75901,303.89,0.4,0.44,2026-04-23,1951,N20,VIIRS,n,2.0NRT,293.16,0.49,Night,VIIRS_NOAA20_NRT,,,2026,4,23,Spring,0°-30°N
22.03461,105.07413,,1.03,1.02,2026-04-22,809,Aqua,MODIS,85,6.1NRT,,25.93,Day,MODIS_NRT,331.65,297.84,2026,4,22,Spring,0°-30°N
26.56309,95.62428,341.17,0.54,0.51,2026-04-24,614,N21,VIIRS,n,2.0NRT,289.02,25.29,Day,VIIRS_NOAA21_NRT,,,2026,4,24,Spring,0°-30°N
10.53865,29.79797,346.57,0.48,0.48,2026-04-25,1056,N21,VIIRS,n,2.0NRT,308.26,13.57,Day,VIIRS_NOAA21_NRT,,,2026,4,25,Spring,0°-30°N
8.9029,-63.31145,354.34,0.41,0.37,2026-04-21,1747,N,VIIRS,n,2.0NRT,305.93,9.59,Day,VIIRS_SNPP_NRT,,,2026,4,21,Spring,0°-30°N
9.77719,-63.50893,331.24,0.63,0.54,2026-04-21,1809,N20,VIIRS,n,2.0NRT,296.65,5.85,Day,VIIRS_NOAA20_NRT,,,2026,4,21,Spring,0°-30°N
-18.23096,124.66866,317.96,0.32,0.54,2026-04-24,1622,N20,VIIRS,n,2.0NRT,290.74,1.94,Night,VIIRS_NOAA20_NRT,,,2026,4,24,Spring,30°S-0°
-1.74091,35.21393,337.31,0.39,0.36,2026-04-24,1110,N21,VIIRS,n,2.0NRT,297.31,5.14,Day,VIIRS_NOAA21_NRT,,,2026,4,24,Spring,30°S-0°
21.72916,82.26453,342.31,0.53,0.42,2026-04-21,803,N20,VIIRS,l,2.0NRT,316.69,13.79,Day,VIIRS_NOAA20_NRT,,,2026,4,21,Spring,0°-30°N
42.79981,-80.10283,295.27,0.69,0.74,2026-04-21,835,N20,VIIRS,n,2.0NRT,272.0,2.99,Night,VIIRS_NOAA20_NRT,,,2026,4,21,Spring,30°N-60°N
-22.91786,-43.28975,339.02,0.38,0.36,2026-04-24,1641,N,VIIRS,n,2.0NRT,301.24,2.83,Day,VIIRS_SNPP_NRT,,,2026,4,24,Spring,30°S-0°
15.17588,108.22364,342.48,0.44,0.46,2026-04-23,542,N20,VIIRS,n,2.0NRT,297.48,15.75,Day,VIIRS_NOAA20_NRT,,,2026,4,23,Spring,0°-30°N
-15.51908,129.53209,322.52,0.47,0.39,2026-04-25,1652,N21,VIIRS,n,2.0NRT,296.17,6.46,Night,VIIRS_NOAA21_NRT,,,2026,4,25,Spring,30°S-0°
-18.53667,-58.59658,344.31,0.56,0.43,2026-04-24,1752,N21,VIIRS,n,2.0NRT,287.46,16.48,Day,VIIRS_NOAA21_NRT,,,2026,4,24,Spring,30°S-0°
22.52145,54.0489,305.02,0.69,0.74,2026-04-23,2116,N,VIIRS,n,2.0NRT,289.7,1.41,Night,VIIRS_SNPP_NRT,,,2026,4,23,Spring,0°-30°N
27.53287,84.36754,,1.22,1.1,2026-04-21,911,Aqua,MODIS,100,6.1NRT,,168.4,Day,MODIS_NRT,376.52,312.25,2026,4,21,Spring,0°-30°N
18.05973,-91.61423,353.91,0.48,0.4,2026-04-22,1915,N,VIIRS,n,2.0NRT,304.29,9.17,Day,VIIRS_SNPP_NRT,,,2026,4,22,Spring,0°-30°N
20.29696,101.97753,339.26,0.45,0.47,2026-04-22,601,N20,VIIRS,n,2.0NRT,297.37,4.73,Day,VIIRS_NOAA20_NRT,,,2026,4,22,Spring,0°-30°N
14.62251,78.92965,367.0,0.5,0.66,2026-04-22,722,N,VIIRS,h,2.0NRT,305.13,18.02,Day,VIIRS_SNPP_NRT,,,2026,4,22,Spring,0°-30°N
-15.98217,124.98199,342.33,0.48,0.48,2026-04-25,544,N21,VIIRS,n,2.0NRT,303.14,10.01,Day,VIIRS_NOAA21_NRT,,,2026,4,25,Spring,30°S-0°
9.61441,-11.55425,334.41,0.46,0.39,2026-04-21,1427,N,VIIRS,n,2.0NRT,300.71,2.57,Day,VIIRS_SNPP_NRT,,,2026,4,21,Spring,0°-30°N
10.94451,-12.77992,334.72,0.41,0.37,2026-04-25,1418,N21,VIIRS,l,2.0NRT,306.0,3.68,Day,VIIRS_NOAA21_NRT,,,2026,4,25,Spring,0°-30°N
9.11034,33.06245,332.12,0.46,0.39,2026-04-25,1128,N,VIIRS,n,2.0NRT,300.56,3.74,Day,VIIRS_SNPP_NRT,,,2026,4,25,Spring,0°-30°N
24.22656,97.0881,345.38,0.42,0.38,2026-04-22,652,N21,VIIRS,n,2.0NRT,308.04,18.89,Day,VIIRS_NOAA21_NRT,,,2026,4,22,Spring,0°-30°N
9.5437,29.8768,354.97,0.46,0.39,2026-04-23,1132,N21,VIIRS,n,2.0NRT,304.09,12.09,Day,VIIRS_NOAA21_NRT,,,2026,4,23,Spring,0°-30°N
25.5462,76.48872,354.22,0.41,0.61,2026-04-24,848,N20,VIIRS,n,2.0NRT,318.43,17.76,Day,VIIRS_NOAA20_NRT,,,2026,4,24,Spring,0°-30°N
11.5912,-12.99778,367.0,0.32,0.55,2026-04-21,1446,N20,VIIRS,h,2.0NRT,302.67,14.22,Day,VIIRS_NOAA20_NRT,,,2026,4,21,Spring,0°-30°N
-26.05105,-49.30888,336.99,0.51,0.49,2026-04-25,1730,N21,VIIRS,n,2.0NRT,295.21,8.58,Day,VIIRS_NOAA21_NRT,,,2026,4,25,Spring,30°S-0°
20.32953,-89.10427,335.08,0.4,0.6,2026-04-25,1958,N,VIIRS,n,2.0URT,298.17,3.02,Day,VIIRS_SNPP_NRT,,,2026,4,25,Spring,0°-30°N
13.36738,105.27265,341.3,0.38,0.43,2026-04-24,644,N,VIIRS,n,2.0NRT,304.85,3.34,Day,VIIRS_SNPP_NRT,,,2026,4,24,Spring,0°-30°N
-22.3959,45.15112,342.65,0.55,0.51,2026-04-25,1117,N,VIIRS,n,2.0NRT,304.1,4.21,Day,VIIRS_SNPP_NRT,,,2026,4,25,Spring,30°S-0°
30.96562,75.37743,333.1,0.59,0.7,2026-04-24,707,N20,VIIRS,n,2.0NRT,302.12,2.72,Day,VIIRS_NOAA20_NRT,,,2026,4,24,Spring,30°N-60°N
13.41481,34.8967,337.03,0.51,0.5,2026-04-21,1032,N21,VIIRS,n,2.0NRT,305.34,6.46,Day,VIIRS_NOAA21_NRT,,,2026,4,21,Spring,0°-30°N
59.35221,14.8439,,1.86,1.33,2026-04-21,1238,Aqua,MODIS,59,6.1NRT,,16.99,Day,MODIS_NRT,304.34,288.67,2026,4,21,Spring,30°N-60°N
54.00911,67.65581,339.38,0.61,0.53,2026-04-21,900,N21,VIIRS,n,2.0NRT,293.36,12.01,Day,VIIRS_NOAA21_NRT,,,2026,4,21,Spring,30°N-60°N
9.52577,-12.93719,344.52,0.41,0.37,2026-04-21,1427,N,VIIRS,n,2.0NRT,297.7,4.5,Day,VIIRS_SNPP_NRT,,,2026,4,21,Spring,0°-30°N
9.27617,-65.69623,355.36,0.36,0.57,2026-04-23,1817,N21,VIIRS,n,2.0NRT,295.89,10.11,Day,VIIRS_NOAA21_NRT,,,2026,4,23,Spring,0°-30°N
23.83587,53.61972,320.2,0.38,0.59,2026-04-22,2133,N,VIIRS,n,2.0NRT,269.64,4.13,Night,VIIRS_SNPP_NRT,,,2026,4,22,Spring,0°-30°N
21.2316,99.00054,333.84,0.79,0.78,2026-04-22,542,N,VIIRS,n,2.0NRT,292.53,12.83,Day,VIIRS_SNPP_NRT,,,2026,4,22,Spring,0°-30°N
-4.16277,143.65727,367.0,0.33,0.56,2026-04-22,321,N21,VIIRS,h,2.0NRT,294.86,9.84,Day,VIIRS_NOAA21_NRT,,,2026,4,22,Spring,30°S-0°
18.96591,103.43897,367.0,0.56,0.69,2026-04-21,707,N21,VIIRS,h,2.0NRT,292.63,57.12,Day,VIIRS_NOAA21_NRT,,,2026,4,21,Spring,0°-30°N
25.37602,73.03654,350.74,0.39,0.36,2026-04-24,828,N,VIIRS,l,2.0NRT,321.12,9.79,Day,VIIRS_SNPP_NRT,,,2026,4,24,Spring,0°-30°N
34.4833,47.6809,,1.11,1.05,2026-04-21,614,Terra,MODIS,34,6.1NRT,,5.77,Day,MODIS_NRT,304.69,286.83,2026,4,21,Spring,30°N-60°N
19.63615,100.96667,337.23,0.39,0.59,2026-04-21,709,N21,VIIRS,n,2.0NRT,297.08,24.37,Day,VIIRS_NOAA21_NRT,,,2026,4,21,Spring,0°-30°N
54.09961,68.35326,339.2,0.42,0.37,2026-04-24,2155,N21,VIIRS,n,2.0NRT,269.06,3.13,Night,VIIRS_NOAA21_NRT,,,2026,4,24,Spring,30°N-60°N
8.95601,28.77349,344.3,0.45,0.47,2026-04-22,1102,N20,VIIRS,n,2.0NRT,294.69,7.18,Day,VIIRS_NOAA20_NRT,,,2026,4,22,Spring,0°-30°N
17.93396,105.24818,355.97,0.72,0.76,2026-04-21,707,N21,VIIRS,l,2.0NRT,289.14,30.4,Day,VIIRS_NOAA21_NRT,,,2026,4,21,Spring,0°-30°N
11.03593,-13.54792,367.0,0.47,0.4,2026-04-22,1405,N,VIIRS,l,2.0NRT,331.96,111.03,Day,VIIRS_SNPP_NRT,,,2026,4,22,Spring,0°-30°N
61.95235,22.443,,1.02,1.01,2026-04-21,1238,Aqua,MODIS,58,6.1NRT,,11.47,Day,MODIS_NRT,313.73,291.45,2026,4,21,Spring,60°N-90°N
-33.90773,148.08658,342.9,0.39,0.44,2026-04-21,423,N20,VIIRS,n,2.0NRT,307.77,37.7,Day,VIIRS_NOAA20_NRT,,,2026,4,21,Spring,60°S-30°S
23.45831,97.1149,367.0,0.63,0.72,2026-04-21,741,N,VIIRS,h,2.0NRT,301.63,22.79,Day,VIIRS_SNPP_NRT,,,2026,4,21,Spring,0°-30°N
44.89786,128.71762,331.75,0.5,0.41,2026-04-24,438,N21,VIIRS,n,2.0NRT,295.51,3.77,Day,VIIRS_NOAA21_NRT,,,2026,4,24,Spring,30°N-60°N
23.67565,86.39818,316.23,0.47,0.4,2026-04-22,2012,N20,VIIRS,n,2.0NRT,302.23,2.61,Night,VIIRS_NOAA20_NRT,,,2026,4,22,Spring,0°-30°N
14.79949,-85.7346,339.03,0.6,0.53,2026-04-24,1834,N,VIIRS,n,2.0NRT,297.36,11.81,Day,VIIRS_SNPP_NRT,,,2026,4,24,Spring,0°-30°N
15.3557,-84.76876,341.22,0.41,0.45,2026-04-25,1834,N20,VIIRS,n,2.0NRT,299.6,4.08,Day,VIIRS_NOAA20_NRT,,,2026,4,25,Spring,0°-30°N
21.65536,85.17632,310.81,0.46,0.39,2026-04-22,1951,N,VIIRS,n,2.0NRT,297.2,2.54,Night,VIIRS_SNPP_NRT,,,2026,4,22,Spring,0°-30°N
-29.69003,150.07394,335.24,0.42,0.45,2026-04-23,328,N,VIIRS,n,2.0NRT,304.97,3.88,Day,VIIRS_SNPP_NRT,,,2026,4,23,Spring,30°S-0°
38.78522,-97.85455,332.77,0.45,0.63,2026-04-24,1843,N,VIIRS,n,2.0NRT,296.72,7.79,Day,VIIRS_SNPP_NRT,,,2026,4,24,Spring,30°N-60°N
43.85146,127.53795,331.49,0.56,0.69,2026-04-23,315,N21,VIIRS,n,2.0NRT,290.55,5.13,Day,VIIRS_NOAA21_NRT,,,2026,4,23,Spring,30°N-60°N
55.00414,33.47313,338.72,0.5,0.49,2026-04-21,1115,N,VIIRS,n,2.0NRT,283.99,4.5,Day,VIIRS_SNPP_NRT,,,2026,4,21,Spring,30°N-60°N
53.49718,72.21008,,1.4,1.17,2026-04-21,920,Aqua,MODIS,61,6.1NRT,,14.08,Day,MODIS_NRT,310.59,285.02,2026,4,21,Spring,30°N-60°N
11.27147,122.88088,332.38,0.39,0.44,2026-04-23,449,N21,VIIRS,l,2.0NRT,303.06,4.07,Day,VIIRS_NOAA21_NRT,,,2026,4,23,Spring,0°-30°N
21.519,94.04982,330.66,0.39,0.36,2026-04-23,703,N,VIIRS,l,2.0NRT,305.28,2.61,Day,VIIRS_SNPP_NRT,,,2026,4,23,Spring,0°-30°N
53.41611,72.21495,330.59,0.46,0.39,2026-04-21,811,N20,VIIRS,n,2.0NRT,296.56,1.66,Day,VIIRS_NOAA20_NRT,,,2026,4,21,Spring,30°N-60°N
48.96701,-108.32601,,1.86,1.33,2026-04-21,2227,Aqua,MODIS,78,6.1NRT,,36.74,Day,MODIS_NRT,326.54,305.51,2026,4,21,Spring,30°N-60°N
8.51097,-12.58783,367.0,0.4,0.37,2026-04-25,1418,N21,VIIRS,h,2.0NRT,343.55,149.11,Day,VIIRS_NOAA21_NRT,,,2026,4,25,Spring,0°-30°N
30.69158,75.44495,,1.11,1.05,2026-04-25,1006,Aqua,MODIS,77,6.1NRT,,16.12,Day,MODIS_NRT,331.89,310.65,2026,4,25,Spring,30°N-60°N
15.76551,-91.71067,304.16,0.6,0.53,2026-04-25,816,N21,VIIRS,n,2.0NRT,283.17,4.12,Night,VIIRS_NOAA21_NRT,,,2026,4,25,Spring,0°-30°N
13.5973,79.61409,305.71,0.34,0.56,2026-04-24,2057,N,VIIRS,n,2.0NRT,293.95,1.2,Night,VIIRS_SNPP_NRT,,,2026,4,24,Spring,0°-30°N
-14.39728,130.28073,342.25,0.48,0.4,2026-04-23,440,N21,VIIRS,n,2.0NRT,303.02,4.94,Day,VIIRS_NOAA21_NRT,,,2026,4,23,Spring,30°S-0°
26.38655,80.74895,342.76,0.63,0.54,2026-04-24,828,N,VIIRS,l,2.0NRT,315.13,14.21,Day,VIIRS_SNPP_NRT,,,2026,4,24,Spring,0°-30°N
23.66151,97.70129,330.16,0.38,0.36,2026-04-24,646,N,VIIRS,l,2.0NRT,302.42,3.01,Day,VIIRS_SNPP_NRT,,,2026,4,24,Spring,0°-30°N
-15.77887,125.16045,354.48,0.52,0.66,2026-04-24,601,N21,VIIRS,n,2.0NRT,303.14,15.97,Day,VIIRS_NOAA21_NRT,,,2026,4,24,Spring,30°S-0°
29.27522,-82.6531,367.0,0.52,0.67,2026-04-21,1934,N,VIIRS,h,2.0NRT,299.62,18.36,Day,VIIRS_SNPP_NRT,,,2026,4,21,Spring,0°-30°N
11.27283,105.25205,330.49,0.44,0.38,2026-04-23,627,N21,VIIRS,l,2.0NRT,304.76,2.05,Day,VIIRS_NOAA21_NRT,,,2026,4,23,Spring,0°-30°N
27.34728,67.91817,349.3,0.43,0.38,2026-04-24,848,N20,VIIRS,n,2.0NRT,310.29,9.51,Day,VIIRS_NOAA20_NRT,,,2026,4,24,Spring,0°-30°N
13.96826,98.53072,,1.73,1.29,2026-04-21,1353,Terra,MODIS,100,6.1NRT,,36.56,Night,MODIS_NRT,320.24,294.84,2026,4,21,Spring,0°-30°N
12.56165,122.08389,367.0,0.44,0.63,2026-04-21,557,N,VIIRS,h,2.0NRT,296.48,6.64,Day,VIIRS_SNPP_NRT,,,2026,4,21,Spring,0°-30°N
11.29058,108.6925,338.03,0.46,0.39,2026-04-21,618,N20,VIIRS,n,2.0NRT,306.36,3.94,Day,VIIRS_NOAA20_NRT,,,2026,4,21,Spring,0°-30°N
-18.32329,124.71675,,1.18,1.08,2026-04-24,13,Terra,MODIS,43,6.1NRT,,5.8,Day,MODIS_NRT,314.53,301.42,2026,4,24,Spring,30°S-0°
-6.93657,24.8802,346.91,0.56,0.69,2026-04-22,1240,N20,VIIRS,n,2.0NRT,289.94,17.28,Day,VIIRS_NOAA20_NRT,,,2026,4,22,Spring,30°S-0°
23.69599,77.69164,305.72,0.46,0.63,2026-04-22,1951,N,VIIRS,n,2.0NRT,286.42,1.22,Night,VIIRS_SNPP_NRT,,,2026,4,22,Spring,0°-30°N
-14.91135,125.53407,367.0,0.57,0.69,2026-04-24,601,N21,VIIRS,h,2.0NRT,302.59,15.76,Day,VIIRS_NOAA21_NRT,,,2026,4,24,Spring,30°S-0°
18.04881,103.47854,341.84,0.4,0.44,2026-04-22,601,N20,VIIRS,n,2.0NRT,298.29,54.96,Day,VIIRS_NOAA20_NRT,,,2026,4,22,Spring,0°-30°N
27.27101,86.09824,338.72,0.46,0.39,2026-04-21,744,N,VIIRS,l,2.0NRT,312.77,4.51,Day,VIIRS_SNPP_NRT,,,2026,4,21,Spring,0°-30°N
3.62986,-61.91113,334.17,0.42,0.38,2026-04-21,1745,N,VIIRS,n,2.0NRT,293.55,5.99,Day,VIIRS_SNPP_NRT,,,2026,4,21,Spring,0°-30°N
9.67014,21.42802,333.1,0.46,0.64,2026-04-21,1244,N,VIIRS,n,2.0NRT,273.86,9.99,Day,VIIRS_SNPP_NRT,,,2026,4,21,Spring,0°-30°N
14.3509,98.7732,342.2,0.57,0.43,2026-04-24,701,N20,VIIRS,n,2.0NRT,300.94,8.46,Day,VIIRS_NOAA20_NRT,,,2026,4,24,Spring,0°-30°N
57.51363,79.01459,295.02,0.59,0.7,2026-04-22,1942,N,VIIRS,n,2.0NRT,266.7,0.91,Night,VIIRS_SNPP_NRT,,,2026,4,22,Spring,30°N-60°N
8.97346,-66.31454,348.86,0.4,0.44,2026-04-21,1809,N20,VIIRS,n,2.0NRT,298.24,9.18,Day,VIIRS_NOAA20_NRT,,,2026,4,21,Spring,0°-30°N
7.65144,-64.41087,347.18,0.46,0.47,2026-04-21,1715,N21,VIIRS,n,2.0NRT,296.86,8.65,Day,VIIRS_NOAA21_NRT,,,2026,4,21,Spring,0°-30°N
20.67331,100.11832,336.19,0.53,0.42,2026-04-22,650,N21,VIIRS,l,2.0NRT,306.51,12.9,Day,VIIRS_NOAA21_NRT,,,2026,4,22,Spring,0°-30°N
7.07553,-8.39707,336.13,0.43,0.38,2026-04-23,1405,N20,VIIRS,n,2.0NRT,299.85,35.71,Day,VIIRS_NOAA20_NRT,,,2026,4,23,Spring,0°-30°N
9.80702,27.07953,344.77,0.38,0.36,2026-04-23,1134,N21,VIIRS,n,2.0NRT,307.82,7.23,Day,VIIRS_NOAA21_NRT,,,2026,4,23,Spring,0°-30°N
36.22401,49.9121,,1.85,1.33,2026-04-24,1110,Aqua,MODIS,66,6.1NRT,,23.77,Day,MODIS_NRT,318.42,297.65,2026,4,24,Spring,30°N-60°N
19.87506,75.14095,343.2,0.55,0.43,2026-04-24,754,N21,VIIRS,l,2.0NRT,314.15,18.79,Day,VIIRS_NOAA21_NRT,,,2026,4,24,Spring,0°-30°N
20.6796,73.5157,337.38,0.38,0.59,2026-04-22,905,N,VIIRS,n,2.0NRT,308.6,4.01,Day,VIIRS_SNPP_NRT,,,2026,4,22,Spring,0°-30°N
24.92319,84.10427,340.95,0.48,0.65,2026-04-25,648,N20,VIIRS,l,2.0NRT,313.33,5.3,Day,VIIRS_NOAA20_NRT,,,2026,4,25,Spring,0°-30°N
15.32222,121.10277,339.0,0.33,0.56,2026-04-25,444,N,VIIRS,n,2.0NRT,303.73,4.0,Day,VIIRS_SNPP_NRT,,,2026,4,25,Spring,0°-30°N
3.52437,113.31408,328.91,0.33,0.55,2026-04-24,521,N20,VIIRS,n,2.0NRT,295.01,4.12,Day,VIIRS_NOAA20_NRT,,,2026,4,24,Spring,0°-30°N
41.3688,-91.11224,298.67,0.45,0.47,2026-04-25,839,N,VIIRS,n,2.0NRT,279.72,0.46,Night,VIIRS_SNPP_NRT,,,2026,4,25,Spring,30°N-60°N
27.78729,82.43298,336.19,0.4,0.37,2026-04-22,744,N20,VIIRS,l,2.0NRT,309.95,4.72,Day,VIIRS_NOAA20_NRT,,,2026,4,22,Spring,0°-30°N
20.56727,98.71825,332.0,0.45,0.39,2026-04-22,650,N21,VIIRS,n,2.0NRT,302.86,3.33,Day,VIIRS_NOAA21_NRT,,,2026,4,22,Spring,0°-30°N
17.84874,81.79762,347.51,0.47,0.47,2026-04-23,724,N20,VIIRS,n,2.0NRT,301.18,9.82,Day,VIIRS_NOAA20_NRT,,,2026,4,23,Spring,0°-30°N
24.53745,80.41451,342.29,0.5,0.66,2026-04-23,705,N,VIIRS,n,2.0NRT,311.56,9.39,Day,VIIRS_SNPP_NRT,,,2026,4,23,Spring,0°-30°N
17.62971,96.6717,340.31,0.53,0.42,2026-04-23,631,N21,VIIRS,n,2.0NRT,305.09,8.46,Day,VIIRS_NOAA21_NRT,,,2026,4,23,Spring,0°-30°N
43.00012,125.12815,332.2,0.37,0.58,2026-04-23,527,N,VIIRS,n,2.0NRT,304.12,3.19,Day,VIIRS_SNPP_NRT,,,2026,4,23,Spring,30°N-60°N
13.46888,80.07243,335.88,0.54,0.42,2026-04-22,739,N20,VIIRS,l,2.0NRT,308.93,2.05,Day,VIIRS_NOAA20_NRT,,,2026,4,22,Spring,0°-30°N
-18.52154,-58.58872,,1.73,1.29,2026-04-21,642,Aqua,MODIS,42,6.1NRT,,8.34,Night,MODIS_NRT,301.49,290.14,2026,4,21,Spring,30°S-0°
14.64671,102.31149,339.66,0.52,0.5,2026-04-23,701,N,VIIRS,n,2.0NRT,301.32,8.21,Day,VIIRS_SNPP_NRT,,,2026,4,23,Spring,0°-30°N
18.62371,81.02581,338.51,0.39,0.36,2026-04-24,754,N21,VIIRS,n,2.0NRT,309.94,5.57,Day,VIIRS_NOAA21_NRT,,,2026,4,24,Spring,0°-30°N
10.06647,124.14581,351.67,0.35,0.57,2026-04-24,427,N21,VIIRS,n,2.0NRT,296.97,6.66,Day,VIIRS_NOAA21_NRT,,,2026,4,24,Spring,0°-30°N
44.08632,127.06416,327.67,0.56,0.51,2026-04-23,347,N,VIIRS,n,2.0NRT,292.4,3.77,Day,VIIRS_SNPP_NRT,,,2026,4,23,Spring,30°N-60°N
-42.85659,146.88133,296.99,0.39,0.36,2026-04-22,1505,N,VIIRS,n,2.0NRT,282.27,0.34,Night,VIIRS_SNPP_NRT,,,2026,4,22,Spring,60°S-30°S
-33.36248,147.98671,333.61,0.51,0.49,2026-04-24,325,N20,VIIRS,l,2.0NRT,304.71,5.39,Day,VIIRS_NOAA20_NRT,,,2026,4,24,Spring,60°S-30°S
9.67764,-63.47599,348.17,0.66,0.73,2026-04-24,1832,N,VIIRS,n,2.0NRT,287.07,23.11,Day,VIIRS_SNPP_NRT,,,2026,4,24,Spring,0°-30°N
-35.10353,-71.66585,333.0,0.39,0.44,2026-04-24,1819,N,VIIRS,n,2.0NRT,294.3,1.88,Day,VIIRS_SNPP_NRT,,,2026,4,24,Spring,60°S-30°S
22.43972,94.3928,304.79,0.39,0.6,2026-04-21,2010,N,VIIRS,n,2.0NRT,291.46,1.24,Night,VIIRS_SNPP_NRT,,,2026,4,21,Spring,0°-30°N
7.80355,-12.10645,337.62,0.41,0.37,2026-04-25,1418,N21,VIIRS,n,2.0NRT,288.85,15.9,Day,VIIRS_NOAA21_NRT,,,2026,4,25,Spring,0°-30°N
36.45629,109.29412,307.53,0.47,0.39,2026-04-21,1826,N,VIIRS,n,2.0NRT,273.95,0.89,Night,VIIRS_SNPP_NRT,,,2026,4,21,Spring,30°N-60°N
21.45379,81.86092,350.25,0.5,0.41,2026-04-25,807,N,VIIRS,l,2.0NRT,321.48,17.81,Day,VIIRS_SNPP_NRT,,,2026,4,25,Spring,0°-30°N
8.96515,-11.41702,338.47,0.46,0.39,2026-04-21,1425,N,VIIRS,n,2.0NRT,286.84,4.92,Day,VIIRS_SNPP_NRT,,,2026,4,21,Spring,0°-30°N
-7.01696,22.67397,336.24,0.47,0.4,2026-04-22,1219,N,VIIRS,n,2.0NRT,295.61,4.52,Day,VIIRS_SNPP_NRT,,,2026,4,22,Spring,30°S-0°
-32.91647,-54.71089,328.13,0.42,0.45,2026-04-25,1802,N,VIIRS,n,2.0NRT,289.33,0.96,Day,VIIRS_SNPP_NRT,,,2026,4,25,Spring,60°S-30°S
57.01084,1.83749,342.28,0.51,0.66,2026-04-21,52,N21,VIIRS,n,2.0NRT,276.82,35.79,Night,VIIRS_NOAA21_NRT,,,2026,4,21,Spring,30°N-60°N
-33.37121,116.95091,,4.38,1.93,2026-04-22,1240,Terra,MODIS,53,6.1NRT,,80.83,Night,MODIS_NRT,303.07,276.3,2026,4,22,Spring,60°S-30°S
23.69537,77.77448,,1.01,1.0,2026-04-25,400,Terra,MODIS,80,6.1NRT,,18.44,Day,MODIS_NRT,337.35,317.91,2026,4,25,Spring,0°-30°N
-41.03918,175.44455,327.65,0.39,0.36,2026-04-25,213,N21,VIIRS,n,2.0NRT,290.25,1.51,Day,VIIRS_NOAA21_NRT,,,2026,4,25,Spring,60°S-30°S
20.8123,108.90089,330.9,0.65,0.73,2026-04-22,650,N21,VIIRS,n,2.0NRT,290.4,10.32,Day,VIIRS_NOAA21_NRT,,,2026,4,22,Spring,0°-30°N
23.12539,93.50968,345.84,0.36,0.58,2026-04-25,735,N21,VIIRS,n,2.0NRT,301.61,8.52,Day,VIIRS_NOAA21_NRT,,,2026,4,25,Spring,0°-30°N
-18.22978,125.35304,311.1,0.46,0.39,2026-04-23,1641,N20,VIIRS,n,2.0NRT,294.15,1.61,Night,VIIRS_NOAA20_NRT,,,2026,4,23,Spring,30°S-0°
-5.2821,18.24684,341.37,0.45,0.63,2026-04-21,1257,N20,VIIRS,n,2.0NRT,288.85,5.97,Day,VIIRS_NOAA20_NRT,,,2026,4,21,Spring,30°S-0°
25.26121,84.05798,313.67,0.39,0.44,2026-04-21,2029,N20,VIIRS,n,2.0NRT,292.39,1.52,Night,VIIRS_NOAA20_NRT,,,2026,4,21,Spring,0°-30°N
23.8723,83.93301,346.39,0.51,0.41,2026-04-22,724,N,VIIRS,n,2.0NRT,317.92,8.82,Day,VIIRS_SNPP_NRT,,,2026,4,22,Spring,0°-30°N
53.19847,83.76981,353.21,0.47,0.4,2026-04-22,731,N,VIIRS,n,2.0NRT,298.09,4.32,Day,VIIRS_SNPP_NRT,,,2026,4,22,Spring,30°N-60°N
-14.60474,125.16238,350.45,0.5,0.49,2026-04-24,453,N,VIIRS,n,2.0NRT,305.9,28.26,Day,VIIRS_SNPP_NRT,,,2026,4,24,Spring,30°S-0°
53.16061,59.20239,,1.7,1.28,2026-04-21,1541,Terra,MODIS,67,6.1NRT,,23.8,Night,MODIS_NRT,306.09,276.56,2026,4,21,Spring,30°N-60°N
34.63624,-87.08539,298.07,0.4,0.44,2026-04-24,720,N,VIIRS,n,2.0NRT,286.19,0.68,Night,VIIRS_SNPP_NRT,,,2026,4,24,Spring,30°N-60°N
-13.19327,-52.68332,352.33,0.4,0.44,2026-04-25,1645,N20,VIIRS,n,2.0NRT,298.09,37.66,Day,VIIRS_NOAA20_NRT,,,2026,4,25,Spring,30°S-0°
20.94831,73.78296,338.9,0.33,0.55,2026-04-22,744,N20,VIIRS,n,2.0NRT,308.79,0.98,Day,VIIRS_NOAA20_NRT,,,2026,4,22,Spring,0°-30°N
12.36689,-9.26971,346.0,0.48,0.4,2026-04-23,1348,N,VIIRS,l,2.0NRT,314.49,10.39,Day,VIIRS_SNPP_NRT,,,2026,4,23,Spring,0°-30°N
46.61241,-96.69904,331.65,0.47,0.48,2026-04-24,1951,N21,VIIRS,n,2.0NRT,294.46,2.43,Day,VIIRS_NOAA21_NRT,,,2026,4,24,Spring,30°N-60°N
9.93433,28.78216,331.67,0.46,0.64,2026-04-23,1043,N20,VIIRS,n,2.0NRT,285.7,5.39,Day,VIIRS_NOAA20_NRT,,,2026,4,23,Spring,0°-30°N
6.69723,124.99487,333.49,0.52,0.41,2026-04-23,446,N21,VIIRS,n,2.0NRT,301.55,3.54,Day,VIIRS_NOAA21_NRT,,,2026,4,23,Spring,0°-30°N
16.28471,121.56173,338.81,0.4,0.44,2026-04-23,451,N21,VIIRS,n,2.0NRT,297.2,12.18,Day,VIIRS_NOAA21_NRT,,,2026,4,23,Spring,0°-30°N
14.83767,101.07066,335.73,0.39,0.36,2026-04-24,644,N,VIIRS,n,2.0NRT,302.13,2.19,Day,VIIRS_SNPP_NRT,,,2026,4,24,Spring,0°-30°N
11.66461,-13.10795,349.29,0.41,0.37,2026-04-25,1418,N21,VIIRS,n,2.0NRT,306.95,9.21,Day,VIIRS_NOAA21_NRT,,,2026,4,25,Spring,0°-30°N
-8.11038,23.79063,327.57,0.39,0.36,2026-04-23,1200,N,VIIRS,n,2.0NRT,292.48,2.12,Day,VIIRS_SNPP_NRT,,,2026,4,23,Spring,30°S-0°
42.87352,126.11857,339.76,0.39,0.44,2026-04-23,455,N21,VIIRS,n,2.0NRT,301.04,2.23,Day,VIIRS_NOAA21_NRT,,,2026,4,23,Spring,30°N-60°N
-16.83673,46.64565,330.83,0.38,0.36,2026-04-22,1036,N,VIIRS,l,2.0NRT,305.18,2.36,Day,VIIRS_SNPP_NRT,,,2026,4,22,Spring,30°S-0°
9.26607,-12.82997,330.39,0.5,0.66,2026-04-23,1457,N21,VIIRS,n,2.0NRT,291.62,7.98,Day,VIIRS_NOAA21_NRT,,,2026,4,23,Spring,0°-30°N
15.36645,101.13776,367.0,0.38,0.59,2026-04-21,559,N,VIIRS,h,2.0NRT,293.32,7.54,Day,VIIRS_SNPP_NRT,,,2026,4,21,Spring,0°-30°N
22.58914,85.90613,310.92,0.46,0.39,2026-04-22,2012,N20,VIIRS,n,2.0NRT,298.35,1.3,Night,VIIRS_NOAA20_NRT,,,2026,4,22,Spring,0°-30°N
32.38261,14.49939,307.68,0.39,0.36,2026-04-23,54,N,VIIRS,n,2.0NRT,289.22,1.13,Night,VIIRS_SNPP_NRT,,,2026,4,23,Spring,30°N-60°N
9.95398,31.59159,339.0,0.41,0.37,2026-04-21,1121,N20,VIIRS,n,2.0NRT,302.89,4.32,Day,VIIRS_NOAA20_NRT,,,2026,4,21,Spring,0°-30°N
24.15129,77.89491,308.93,0.45,0.47,2026-04-21,2010,N,VIIRS,n,2.0NRT,294.42,1.12,Night,VIIRS_SNPP_NRT,,,2026,4,21,Spring,0°-30°N
-1.53284,119.46184,329.53,0.55,0.42,2026-04-25,548,N21,VIIRS,n,2.0NRT,294.22,5.13,Day,VIIRS_NOAA21_NRT,,,2026,4,25,Spring,30°S-0°
-4.84243,24.86513,333.03,0.7,0.75,2026-04-22,1100,N20,VIIRS,n,2.0NRT,278.15,7.0,Day,VIIRS_NOAA20_NRT,,,2026,4,22,Spring,30°S-0°
29.04889,31.17348,299.78,0.39,0.36,2026-04-24,2344,N21,VIIRS,n,2.0NRT,288.12,0.38,Night,VIIRS_NOAA21_NRT,,,2026,4,24,Spring,0°-30°N
7.57933,-67.69263,339.11,0.48,0.4,2026-04-21,1809,N20,VIIRS,n,2.0NRT,300.59,4.48,Day,VIIRS_NOAA20_NRT,,,2026,4,21,Spring,0°-30°N
11.08848,-13.74446,334.9,0.56,0.51,2026-04-21,1444,N20,VIIRS,n,2.0NRT,304.31,19.74,Day,VIIRS_NOAA20_NRT,,,2026,4,21,Spring,0°-30°N
-22.68297,44.48025,341.79,0.39,0.36,2026-04-25,1045,N21,VIIRS,n,2.0NRT,306.5,5.43,Day,VIIRS_NOAA21_NRT,,,2026,4,25,Spring,30°S-0°
57.87457,105.88288,336.66,0.52,0.67,2026-04-22,1802,N,VIIRS,n,2.0NRT,264.87,4.81,Night,VIIRS_SNPP_NRT,,,2026,4,22,Spring,30°N-60°N
27.35466,83.69588,343.61,0.39,0.36,2026-04-21,744,N,VIIRS,l,2.0NRT,317.59,4.98,Day,VIIRS_SNPP_NRT,,,2026,4,21,Spring,0°-30°N
4.83016,103.41196,333.01,0.4,0.44,2026-04-23,1815,N20,VIIRS,n,2.0NRT,296.06,5.21,Night,VIIRS_NOAA20_NRT,,,2026,4,23,Spring,0°-30°N
25.47302,97.62405,334.82,0.38,0.36,2026-04-24,646,N,VIIRS,l,2.0NRT,306.5,3.76,Day,VIIRS_SNPP_NRT,,,2026,4,24,Spring,0°-30°N
22.87574,55.92892,348.55,0.4,0.6,2026-04-24,848,N20,VIIRS,n,2.0NRT,312.89,1.4,Day,VIIRS_NOAA20_NRT,,,2026,4,24,Spring,0°-30°N
44.89887,128.07697,330.31,0.51,0.49,2026-04-23,455,N21,VIIRS,n,2.0NRT,291.35,4.33,Day,VIIRS_NOAA21_NRT,,,2026,4,23,Spring,30°N-60°N
41.91451,125.31791,328.99,0.43,0.46,2026-04-24,510,N,VIIRS,n,2.0NRT,297.5,1.69,Day,VIIRS_SNPP_NRT,,,2026,4,24,Spring,30°N-60°N
42.65705,128.04791,337.4,0.55,0.51,2026-04-23,347,N,VIIRS,n,2.0NRT,296.23,6.71,Day,VIIRS_SNPP_NRT,,,2026,4,23,Spring,30°N-60°N
-5.99792,25.66618,347.15,0.38,0.36,2026-04-22,1149,N21,VIIRS,n,2.0NRT,289.86,6.3,Day,VIIRS_NOAA21_NRT,,,2026,4,22,Spring,30°S-0°
8.63772,-12.51584,335.89,0.56,0.43,2026-04-21,1353,N21,VIIRS,n,2.0NRT,286.21,11.5,Day,VIIRS_NOAA21_NRT,,,2026,4,21,Spring,0°-30°N
38.22001,-91.73206,305.95,0.39,0.36,2026-04-23,758,N20,VIIRS,n,2.0NRT,285.68,0.74,Night,VIIRS_NOAA20_NRT,,,2026,4,23,Spring,30°N-60°N
-14.86708,125.74262,334.09,0.54,0.42,2026-04-23,531,N20,VIIRS,n,2.0NRT,294.89,6.13,Day,VIIRS_NOAA20_NRT,,,2026,4,23,Spring,30°S-0°
-22.7366,45.65637,347.42,0.41,0.37,2026-04-25,1045,N21,VIIRS,n,2.0NRT,308.94,8.69,Day,VIIRS_NOAA21_NRT,,,2026,4,25,Spring,30°S-0°
12.44042,104.79534,338.46,0.43,0.46,2026-04-25,644,N20,VIIRS,n,2.0NRT,302.79,3.99,Day,VIIRS_NOAA20_NRT,,,2026,4,25,Spring,0°-30°N
28.20794,82.08241,311.92,0.46,0.39,2026-04-21,2010,N,VIIRS,n,2.0NRT,296.26,1.22,Night,VIIRS_SNPP_NRT,,,2026,4,21,Spring,0°-30°N
26.50503,95.61907,351.02,0.55,0.51,2026-04-22,724,N,VIIRS,n,2.0NRT,300.23,33.55,Day,VIIRS_SNPP_NRT,,,2026,4,22,Spring,0°-30°N
23.87461,85.02438,350.41,0.44,0.63,2026-04-25,648,N20,VIIRS,n,2.0NRT,310.67,5.55,Day,VIIRS_NOAA20_NRT,,,2026,4,25,Spring,0°-30°N
12.19509,-85.43972,333.07,0.48,0.4,2026-04-23,1851,N,VIIRS,l,2.0NRT,301.13,6.39,Day,VIIRS_SNPP_NRT,,,2026,4,23,Spring,0°-30°N
23.32786,77.43452,305.86,0.42,0.37,2026-04-24,2021,N21,VIIRS,n,2.0NRT,294.7,1.24,Night,VIIRS_NOAA21_NRT,,,2026,4,24,Spring,0°-30°N
-14.90876,125.87054,332.75,0.46,0.39,2026-04-22,459,N21,VIIRS,l,2.0NRT,304.06,5.36,Day,VIIRS_NOAA21_NRT,,,2026,4,22,Spring,30°S-0°
-20.35532,44.95252,331.54,0.57,0.69,2026-04-24,1138,N,VIIRS,n,2.0NRT,298.89,2.42,Day,VIIRS_SNPP_NRT,,,2026,4,24,Spring,30°S-0°
32.73083,48.29337,320.94,0.41,0.37,2026-04-24,2233,N,VIIRS,n,2.0NRT,279.27,2.47,Night,VIIRS_SNPP_NRT,,,2026,4,24,Spring,30°N-60°N
28.54746,81.99506,342.82,0.55,0.51,2026-04-24,707,N20,VIIRS,n,2.0NRT,310.18,6.52,Day,VIIRS_NOAA20_NRT,,,2026,4,24,Spring,0°-30°N
23.66239,79.45706,349.17,0.62,0.54,2026-04-22,724,N,VIIRS,n,2.0NRT,317.94,13.28,Day,VIIRS_SNPP_NRT,,,2026,4,22,Spring,0°-30°N
27.7335,82.94031,306.62,0.39,0.36,2026-04-22,2010,N20,VIIRS,n,2.0NRT,296.13,1.51,Night,VIIRS_NOAA20_NRT,,,2026,4,22,Spring,0°-30°N
29.49493,-98.77567,336.6,0.3,0.5,2026-04-25,2020,N20,VIIRS,n,2.1URT,297.0,2.52,Day,VIIRS_NOAA20_NRT,,,2026,4,25,Spring,0°-30°N
-38.49638,143.31729,335.37,0.49,0.65,2026-04-23,1628,N,VIIRS,n,2.0NRT,278.75,4.99,Night,VIIRS_SNPP_NRT,,,2026,4,23,Spring,60°S-30°S
-14.47535,126.38257,331.6,0.43,0.62,2026-04-25,436,N,VIIRS,n,2.0NRT,295.95,3.57,Day,VIIRS_SNPP_NRT,,,2026,4,25,Spring,30°S-0°
6.44391,-9.91739,346.47,0.34,0.56,2026-04-24,1435,N21,VIIRS,n,2.0NRT,280.34,4.92,Day,VIIRS_NOAA21_NRT,,,2026,4,24,Spring,0°-30°N
13.52386,13.74739,355.29,0.43,0.62,2026-04-24,1147,N,VIIRS,n,2.0NRT,305.96,15.69,Day,VIIRS_SNPP_NRT,,,2026,4,24,Spring,0°-30°N
-6.57461,-51.09958,333.74,0.39,0.36,2026-04-22,1652,N21,VIIRS,n,2.0NRT,295.04,14.65,Day,VIIRS_NOAA21_NRT,,,2026,4,22,Spring,30°S-0°
-5.50169,28.69388,343.52,0.41,0.37,2026-04-25,1145,N20,VIIRS,n,2.0NRT,299.95,9.91,Day,VIIRS_NOAA20_NRT,,,2026,4,25,Spring,30°S-0°
9.72656,-63.45887,309.16,0.41,0.37,2026-04-24,546,N,VIIRS,n,2.0NRT,287.23,6.18,Night,VIIRS_SNPP_NRT,,,2026,4,24,Spring,0°-30°N
-22.08096,-42.80158,339.79,0.39,0.36,2026-04-24,1641,N,VIIRS,n,2.0NRT,300.2,5.96,Day,VIIRS_SNPP_NRT,,,2026,4,24,Spring,30°S-0°
53.46003,59.02961,355.41,0.33,0.56,2026-04-21,2324,N,VIIRS,n,2.0NRT,272.69,15.43,Night,VIIRS_SNPP_NRT,,,2026,4,21,Spring,30°N-60°N
13.80929,-86.08127,339.16,0.43,0.38,2026-04-24,1853,N20,VIIRS,n,2.0NRT,306.3,5.47,Day,VIIRS_NOAA20_NRT,,,2026,4,24,Spring,0°-30°N
22.11457,102.72333,334.77,0.38,0.36,2026-04-21,620,N20,VIIRS,n,2.0NRT,300.39,2.97,Day,VIIRS_NOAA20_NRT,,,2026,4,21,Spring,0°-30°N
28.22618,81.88739,312.96,0.39,0.44,2026-04-23,2040,N21,VIIRS,n,2.0NRT,295.38,2.39,Night,VIIRS_NOAA21_NRT,,,2026,4,23,Spring,0°-30°N
22.33955,79.2335,339.45,0.47,0.64,2026-04-21,1940,N21,VIIRS,n,2.0NRT,292.56,4.98,Night,VIIRS_NOAA21_NRT,,,2026,4,21,Spring,0°-30°N
8.66152,-12.97337,347.27,0.59,0.53,2026-04-25,1450,N,VIIRS,n,2.0NRT,304.64,40.68,Day,VIIRS_SNPP_NRT,,,2026,4,25,Spring,0°-30°N
10.58149,-12.17093,342.4,0.35,0.57,2026-04-21,1444,N20,VIIRS,n,2.0NRT,295.81,4.82,Day,VIIRS_NOAA20_NRT,,,2026,4,21,Spring,0°-30°N
19.03877,79.21981,346.17,0.4,0.44,2026-04-21,741,N,VIIRS,n,2.0NRT,304.54,3.43,Day,VIIRS_SNPP_NRT,,,2026,4,21,Spring,0°-30°N
26.20766,83.76067,345.12,0.42,0.38,2026-04-22,744,N20,VIIRS,n,2.0NRT,313.23,6.64,Day,VIIRS_NOAA20_NRT,,,2026,4,22,Spring,0°-30°N
-25.02661,-53.17475,343.15,0.39,0.36,2026-04-23,1720,N20,VIIRS,n,2.0NRT,308.44,9.73,Day,VIIRS_NOAA20_NRT,,,2026,4,23,Spring,30°S-0°
22.0929,101.21147,304.67,0.41,0.37,2026-04-21,1849,N20,VIIRS,n,2.0NRT,292.34,12.38,Night,VIIRS_NOAA20_NRT,,,2026,4,21,Spring,0°-30°N
-36.95123,147.49132,296.8,0.36,0.57,2026-04-23,1554,N21,VIIRS,n,2.0NRT,279.32,1.55,Night,VIIRS_NOAA21_NRT,,,2026,4,23,Spring,60°S-30°S
36.55059,-88.96031,346.36,0.41,0.37,2026-04-21,1904,N21,VIIRS,n,2.0NRT,303.37,15.53,Day,VIIRS_NOAA21_NRT,,,2026,4,21,Spring,30°N-60°N
30.4611,73.88836,336.12,0.53,0.5,2026-04-25,737,N21,VIIRS,l,2.0NRT,306.91,6.42,Day,VIIRS_NOAA21_NRT,,,2026,4,25,Spring,30°N-60°N
-6.91307,25.18647,336.5,0.39,0.37,2026-04-23,1202,N,VIIRS,n,2.0NRT,286.3,5.81,Day,VIIRS_SNPP_NRT,,,2026,4,23,Spring,30°S-0°
-15.28401,129.51445,306.62,0.4,0.37,2026-04-22,1639,N,VIIRS,n,2.0NRT,293.39,1.4,Night,VIIRS_SNPP_NRT,,,2026,4,22,Spring,30°S-0°
28.79034,81.53532,327.98,0.6,0.53,2026-04-22,1949,N,VIIRS,n,2.0NRT,292.22,3.81,Night,VIIRS_SNPP_NRT,,,2026,4,22,Spring,0°-30°N
10.90388,106.29938,336.76,0.42,0.45,2026-04-21,557,N,VIIRS,n,2.0NRT,297.19,4.11,Day,VIIRS_SNPP_NRT,,,2026,4,21,Spring,0°-30°N
8.57224,-62.78208,,1.77,1.3,2026-04-22,122,Terra,MODIS,13,6.1NRT,,9.37,Night,MODIS_NRT,305.11,288.34,2026,4,22,Spring,0°-30°N
6.43971,6.50939,367.0,0.37,0.58,2026-04-22,1331,N21,VIIRS,h,2.0NRT,290.58,10.02,Day,VIIRS_NOAA21_NRT,,,2026,4,22,Spring,0°-30°N
21.99419,79.04308,302.25,0.36,0.57,2026-04-22,1951,N,VIIRS,n,2.0NRT,285.71,0.52,Night,VIIRS_SNPP_NRT,,,2026,4,22,Spring,0°-30°N
25.12298,84.06465,306.18,0.39,0.36,2026-04-22,2010,N20,VIIRS,n,2.0NRT,293.07,0.61,Night,VIIRS_NOAA20_NRT,,,2026,4,22,Spring,0°-30°N
-14.54652,127.13259,333.71,0.56,0.43,2026-04-24,453,N,VIIRS,l,2.0NRT,304.02,4.75,Day,VIIRS_SNPP_NRT,,,2026,4,24,Spring,30°S-0°
24.24861,94.46452,330.15,0.4,0.37,2026-04-23,705,N,VIIRS,l,2.0NRT,302.68,2.85,Day,VIIRS_SNPP_NRT,,,2026,4,23,Spring,0°-30°N
53.52016,78.6076,297.11,0.45,0.39,2026-04-24,2046,N,VIIRS,n,2.0NRT,275.97,0.96,Night,VIIRS_SNPP_NRT,,,2026,4,24,Spring,30°N-60°N
12.68329,105.51167,308.24,0.56,0.43,2026-04-23,1813,N20,VIIRS,n,2.0NRT,295.26,1.36,Night,VIIRS_NOAA20_NRT,,,2026,4,23,Spring,0°-30°N
16.87797,3.43215,367.0,0.39,0.36,2026-04-25,1312,N,VIIRS,l,2.0NRT,326.31,0.38,Day,VIIRS_SNPP_NRT,,,2026,4,25,Spring,0°-30°N
10.22007,-11.70028,352.02,0.38,0.59,2026-04-25,1450,N,VIIRS,n,2.0NRT,298.05,5.19,Day,VIIRS_SNPP_NRT,,,2026,4,25,Spring,0°-30°N
21.7921,78.87236,343.92,0.33,0.55,2026-04-22,833,N21,VIIRS,n,2.0NRT,308.05,3.97,Day,VIIRS_NOAA21_NRT,,,2026,4,22,Spring,0°-30°N
11.21135,-7.34313,356.37,0.4,0.44,2026-04-25,1329,N20,VIIRS,n,2.0NRT,304.05,8.44,Day,VIIRS_NOAA20_NRT,,,2026,4,25,Spring,0°-30°N
8.07675,-72.60347,302.94,0.5,0.41,2026-04-21,644,N,VIIRS,n,2.0NRT,288.66,0.92,Night,VIIRS_SNPP_NRT,,,2026,4,21,Spring,0°-30°N
-37.00887,147.53366,295.78,0.44,0.46,2026-04-23,1446,N,VIIRS,n,2.0NRT,280.56,1.67,Night,VIIRS_SNPP_NRT,,,2026,4,23,Spring,60°S-30°S
14.92464,-89.4995,337.79,0.33,0.56,2026-04-21,1949,N20,VIIRS,n,2.0NRT,298.24,3.11,Day,VIIRS_NOAA20_NRT,,,2026,4,21,Spring,0°-30°N
23.50517,77.88445,305.62,0.55,0.43,2026-04-22,2012,N20,VIIRS,n,2.0NRT,289.68,2.37,Night,VIIRS_NOAA20_NRT,,,2026,4,22,Spring,0°-30°N
-21.27535,136.47705,332.1,0.51,0.41,2026-04-25,453,N20,VIIRS,n,2.0NRT,299.5,95.32,Day,VIIRS_NOAA20_NRT,,,2026,4,25,Spring,30°S-0°
13.28381,104.69489,335.11,0.53,0.42,2026-04-24,644,N,VIIRS,l,2.0NRT,306.32,8.05,Day,VIIRS_SNPP_NRT,,,2026,4,24,Spring,0°-30°N
22.77513,94.96156,337.15,0.38,0.36,2026-04-22,652,N21,VIIRS,l,2.0NRT,312.12,4.29,Day,VIIRS_NOAA21_NRT,,,2026,4,22,Spring,0°-30°N
